[
    {
        "name": "latest",
        "tag_last_pushed": "2022-12-23T15:41:51.316017Z"
    },
    {
        "name": "v0.5.2",
        "tag_last_pushed": "2022-12-23T15:41:50.874289Z"
    },
    {
        "name": "v0.5.1",
        "tag_last_pushed": "2022-12-06T11:43:25.588032Z"
    },
    {
        "name": "v0.5.0",
        "tag_last_pushed": "2022-07-01T14:41:59.111551Z"
    },
    {
        "name": "v0.4.1",
        "tag_last_pushed": "2021-07-29T18:57:37.530828Z"
    },
    {
        "name": "v0.4.0",
        "tag_last_pushed": "2021-07-23T22:55:50.046306Z"
    },
    {
        "name": "v0.3.0",
        "tag_last_pushed": "2018-11-27T03:33:01.080168Z"
    },
    {
        "name": "v0.2.3",
        "tag_last_pushed": "2018-07-05T20:23:28.532784Z"
    }
]