[
    {
        "name": "0.67.0",
        "tag_last_pushed": "2020-03-15T09:27:04.283776Z"
    },
    {
        "name": "0.65.3",
        "tag_last_pushed": "2020-02-23T11:43:35.209308Z"
    },
    {
        "name": "0.65.2",
        "tag_last_pushed": "2020-02-23T06:40:44.714571Z"
    },
    {
        "name": "0.64.1",
        "tag_last_pushed": "2020-02-16T04:09:01.910284Z"
    },
    {
        "name": "0.63.2",
        "tag_last_pushed": "2020-02-01T11:26:13.462303Z"
    },
    {
        "name": "0.61.0",
        "tag_last_pushed": "2020-02-01T11:21:40.631177Z"
    },
    {
        "name": "0.63.1",
        "tag_last_pushed": "2020-01-27T11:35:59.296781Z"
    },
    {
        "name": "0.62.0",
        "tag_last_pushed": "2020-01-11T04:29:54.574051Z"
    }
]