[
    {
        "name": "v2.276.0",
        "tag_last_pushed": "2021-01-21T19:44:27.445553Z"
    },
    {
        "name": "v2.275.1",
        "tag_last_pushed": "2021-01-21T18:51:25.644984Z"
    },
    {
        "name": "v2.273.1",
        "tag_last_pushed": "2020-09-21T20:53:32.344036Z"
    },
    {
        "name": "v2.273.1-patched",
        "tag_last_pushed": "2020-09-21T20:53:27.485354Z"
    },
    {
        "name": "v2.273.2-patched",
        "tag_last_pushed": "2020-09-21T20:46:04.161087Z"
    },
    {
        "name": "v2.273.4",
        "tag_last_pushed": "2020-09-21T17:06:15.096308Z"
    },
    {
        "name": "v2.273.3",
        "tag_last_pushed": "2020-09-21T16:53:27.540545Z"
    },
    {
        "name": "v2.273.2",
        "tag_last_pushed": "2020-09-16T16:43:14.231346Z"
    }
]