[
    {
        "name": "v0.21.0-amd64",
        "tag_last_pushed": "2023-01-26T16:45:35.403711Z"
    },
    {
        "name": "latest",
        "tag_last_pushed": "2022-12-01T10:46:20.428851Z"
    },
    {
        "name": "v0.20.2-k3s1.23",
        "tag_last_pushed": "2022-12-01T10:46:19.925716Z"
    },
    {
        "name": "v0.20.2-k3s1.23-amd64",
        "tag_last_pushed": "2022-12-01T10:29:51.375001Z"
    },
    {
        "name": "v0.20.2",
        "tag_last_pushed": "2022-11-30T15:10:42.505913Z"
    },
    {
        "name": "v0.20.2-amd64",
        "tag_last_pushed": "2022-11-30T14:54:42.519613Z"
    },
    {
        "name": "v0.20.1",
        "tag_last_pushed": "2022-11-03T10:14:20.366558Z"
    },
    {
        "name": "v0.20.1-amd64",
        "tag_last_pushed": "2022-11-03T09:57:48.021623Z"
    },
    {
        "name": "v0.20.0",
        "tag_last_pushed": "2022-10-17T13:04:58.221146Z"
    },
    {
        "name": "v0.20.0-amd64",
        "tag_last_pushed": "2022-10-17T12:45:31.704611Z"
    },
    {
        "name": "v0.19.2",
        "tag_last_pushed": "2022-09-02T09:06:23.872463Z"
    },
    {
        "name": "v0.19.2-amd64",
        "tag_last_pushed": "2022-09-02T08:51:20.315447Z"
    },
    {
        "name": "v0.19.1",
        "tag_last_pushed": "2022-08-05T08:07:22.882723Z"
    },
    {
        "name": "v0.19.1-amd64",
        "tag_last_pushed": "2022-08-05T07:50:01.021716Z"
    },
    {
        "name": "v0.19.0",
        "tag_last_pushed": "2022-07-12T13:32:46.115107Z"
    }
]