[
    {
        "name": "python3.8-alpine",
        "tag_last_pushed": "2020-06-06T18:14:42.282596Z"
    },
    {
        "name": "python2.7",
        "tag_last_pushed": "2020-06-06T18:14:37.033006Z"
    },
    {
        "name": "python3.6",
        "tag_last_pushed": "2020-06-06T18:14:29.350109Z"
    },
    {
        "name": "python3.7",
        "tag_last_pushed": "2020-06-06T18:14:21.562773Z"
    },
    {
        "name": "python3.8",
        "tag_last_pushed": "2020-06-06T18:14:16.004252Z"
    },
    {
        "name": "latest",
        "tag_last_pushed": "2020-06-06T18:14:10.559898Z"
    },
    {
        "name": "python2.7-alpine3.7",
        "tag_last_pushed": "2020-05-11T10:02:11.664204Z"
    },
    {
        "name": "python2.7-alpine3.8",
        "tag_last_pushed": "2020-05-11T10:01:38.015905Z"
    },
    {
        "name": "python2.7-alpine3.9",
        "tag_last_pushed": "2020-05-11T10:01:05.654611Z"
    },
    {
        "name": "python3.6-alpine3.7",
        "tag_last_pushed": "2020-05-11T10:00:31.464775Z"
    },
    {
        "name": "python3.6-alpine3.8",
        "tag_last_pushed": "2020-05-11T09:59:52.154543Z"
    },
    {
        "name": "python3.6-alpine3.9",
        "tag_last_pushed": "2020-05-11T09:59:15.770843Z"
    }
]