[
    {
        "name": "latest",
        "tag_last_pushed": "2021-07-22T02:48:30.114212Z"
    },
    {
        "name": "dependabot_docker_golang-1.16.6-alpine",
        "tag_last_pushed": "2021-07-19T05:06:20.374994Z"
    },
    {
        "name": "dependabot_github_actions_golangci_golangci-lint-action-v2.5.2",
        "tag_last_pushed": "2021-04-05T07:22:51.337387Z"
    },
    {
        "name": "dependabot_docker_golang-1.16.2-alpine",
        "tag_last_pushed": "2021-03-15T07:15:33.469966Z"
    },
    {
        "name": "dependabot_go_modules_github.com_lib_pq-1.10.0",
        "tag_last_pushed": "2021-03-08T07:14:13.771515Z"
    },
    {
        "name": "dependabot_github_actions_golangci_golangci-lint-action-v2.5.1",
        "tag_last_pushed": "2021-03-01T07:28:02.054147Z"
    }
]