[
    {
        "name": "latest",
        "tag_last_pushed": "2022-02-24T12:04:48.676655Z"
    },
    {
        "name": "0.8.42.1",
        "tag_last_pushed": "2019-03-07T15:25:31.139331Z"
    },
    {
        "name": "0.8.41.0",
        "tag_last_pushed": "2019-03-07T15:21:07.876412Z"
    },
    {
        "name": "0.8.40.0",
        "tag_last_pushed": "2019-03-07T15:19:00.385556Z"
    },
    {
        "name": "0.8.33.0",
        "tag_last_pushed": "2019-03-07T15:16:42.007219Z"
    },
    {
        "name": "0.8.32.0",
        "tag_last_pushed": "2019-03-07T15:15:49.567686Z"
    },
    {
        "name": "0.8.31.2",
        "tag_last_pushed": "2018-11-09T13:50:25.367323Z"
    },
    {
        "name": "0.8.31.1",
        "tag_last_pushed": "2018-11-09T13:49:50.95407Z"
    },
    {
        "name": "0.8.31.0",
        "tag_last_pushed": "2018-11-09T13:48:52.605926Z"
    },
    {
        "name": "0.8.30.0",
        "tag_last_pushed": "2018-11-09T13:48:10.643486Z"
    },
    {
        "name": "0.8.28.2",
        "tag_last_pushed": "2018-05-09T14:32:30.324924Z"
    },
    {
        "name": "0.8.27.3",
        "tag_last_pushed": "2018-05-09T14:32:02.64186Z"
    },
    {
        "name": "0.8.27.2",
        "tag_last_pushed": "2018-05-09T14:31:33.756258Z"
    },
    {
        "name": "0.8.27.1",
        "tag_last_pushed": "2018-05-09T14:30:54.112549Z"
    },
    {
        "name": "0.8.27.0",
        "tag_last_pushed": "2018-05-09T14:30:29.144243Z"
    },
    {
        "name": "0.8.26.1",
        "tag_last_pushed": "2018-05-09T14:29:51.601664Z"
    },
    {
        "name": "0.8.26.0",
        "tag_last_pushed": "2018-05-09T14:29:21.912816Z"
    },
    {
        "name": "0.8.28.1",
        "tag_last_pushed": "2018-05-09T14:28:29.948977Z"
    },
    {
        "name": "0.8.28.0",
        "tag_last_pushed": "2018-05-09T14:26:39.772212Z"
    },
    {
        "name": "0.8.25.2",
        "tag_last_pushed": "2017-08-29T19:39:49.701494Z"
    },
    {
        "name": "0.8.25.1",
        "tag_last_pushed": "2017-08-14T21:42:08.225315Z"
    },
    {
        "name": "0.8.25.0",
        "tag_last_pushed": "2017-08-14T21:41:16.738726Z"
    },
    {
        "name": "0.8.24.5",
        "tag_last_pushed": "2017-08-04T20:14:19.645753Z"
    },
    {
        "name": "0.8.24.4",
        "tag_last_pushed": "2017-08-04T20:13:42.237147Z"
    },
    {
        "name": "0.8.24.3",
        "tag_last_pushed": "2017-08-04T20:13:07.132316Z"
    },
    {
        "name": "0.8.24.2",
        "tag_last_pushed": "2017-08-04T20:12:32.983943Z"
    },
    {
        "name": "0.8.24.1",
        "tag_last_pushed": "2017-08-04T20:11:59.909043Z"
    },
    {
        "name": "0.8.24.0",
        "tag_last_pushed": "2017-08-03T21:27:46.196673Z"
    }
]