[
    {
        "name": "latest",
        "tag_last_pushed": "2020-12-28T17:28:26.733697Z"
    },
    {
        "name": "v0.79.1",
        "tag_last_pushed": "2020-12-19T16:30:10.734205Z"
    },
    {
        "name": "v0.79.0",
        "tag_last_pushed": "2020-11-27T09:49:43.786452Z"
    },
    {
        "name": "v0.78.2",
        "tag_last_pushed": "2020-11-13T10:58:11.767984Z"
    },
    {
        "name": "v0.78.1",
        "tag_last_pushed": "2020-11-05T10:44:19.404409Z"
    },
    {
        "name": "v0.78.0",
        "tag_last_pushed": "2020-11-03T13:55:01.612419Z"
    },
    {
        "name": "v0.77.0",
        "tag_last_pushed": "2020-10-30T10:58:00.469795Z"
    },
    {
        "name": "v0.76.5",
        "tag_last_pushed": "2020-10-14T16:17:14.829051Z"
    },
    {
        "name": "v0.76.4",
        "tag_last_pushed": "2020-10-12T09:28:33.530893Z"
    },
    {
        "name": "v0.76.3",
        "tag_last_pushed": "2020-10-08T18:00:58.430153Z"
    },
    {
        "name": "v0.76.2",
        "tag_last_pushed": "2020-10-07T09:26:08.070635Z"
    },
    {
        "name": "v0.76.1",
        "tag_last_pushed": "2020-10-07T08:30:52.015604Z"
    },
    {
        "name": "v0.76.0",
        "tag_last_pushed": "2020-10-06T16:25:26.49047Z"
    },
    {
        "name": "v0.75.1",
        "tag_last_pushed": "2020-09-15T08:14:23.384247Z"
    },
    {
        "name": "v0.75.0",
        "tag_last_pushed": "2020-09-14T10:19:08.515923Z"
    },
    {
        "name": "v0.74.3",
        "tag_last_pushed": "2020-07-23T17:01:25.496827Z"
    },
    {
        "name": "v0.74.2",
        "tag_last_pushed": "2020-07-17T17:39:08.407352Z"
    },
    {
        "name": "v0.74.1",
        "tag_last_pushed": "2020-07-13T19:14:18.683518Z"
    },
    {
        "name": "v0.74.0",
        "tag_last_pushed": "2020-07-13T11:00:13.297216Z"
    },
    {
        "name": "v0.73.0",
        "tag_last_pushed": "2020-06-23T16:58:44.838321Z"
    },
    {
        "name": "v0.72.0",
        "tag_last_pushed": "2020-05-31T13:42:05.086972Z"
    },
    {
        "name": "v0.71.1",
        "tag_last_pushed": "2020-05-25T09:56:31.007455Z"
    },
    {
        "name": "v0.71.0",
        "tag_last_pushed": "2020-05-18T17:20:01.840063Z"
    },
    {
        "name": "v0.70.0",
        "tag_last_pushed": "2020-05-06T12:32:16.375859Z"
    },
    {
        "name": "v0.69.2",
        "tag_last_pushed": "2020-04-24T08:52:17.822172Z"
    },
    {
        "name": "v0.69.1",
        "tag_last_pushed": "2020-04-22T09:04:49.004526Z"
    },
    {
        "name": "v0.69.0",
        "tag_last_pushed": "2020-04-10T09:51:05.335806Z"
    },
    {
        "name": "v0.68.3",
        "tag_last_pushed": "2020-03-24T12:45:55.851693Z"
    },
    {
        "name": "v0.68.2",
        "tag_last_pushed": "2020-03-24T09:37:15.734122Z"
    },
    {
        "name": "v0.68.1",
        "tag_last_pushed": "2020-03-22T11:38:07.172481Z"
    },
    {
        "name": "v0.68.0",
        "tag_last_pushed": "2020-03-21T12:21:57.471654Z"
    },
    {
        "name": "v0.67.1",
        "tag_last_pushed": "2020-03-15T20:38:42.309274Z"
    },
    {
        "name": "v0.67.0",
        "tag_last_pushed": "2020-03-09T21:26:39.389161Z"
    },
    {
        "name": "v0.66.0",
        "tag_last_pushed": "2020-03-03T16:47:29.450057Z"
    },
    {
        "name": "v0.65.3",
        "tag_last_pushed": "2020-02-23T10:59:04.415298Z"
    },
    {
        "name": "v0.65.2",
        "tag_last_pushed": "2020-02-22T10:28:54.917473Z"
    },
    {
        "name": "v0.65.1",
        "tag_last_pushed": "2020-02-20T14:57:28.14428Z"
    },
    {
        "name": "v0.65.0",
        "tag_last_pushed": "2020-02-20T09:06:46.412055Z"
    },
    {
        "name": "v0.64.1",
        "tag_last_pushed": "2020-02-09T21:35:03.644805Z"
    },
    {
        "name": "v0.64.0",
        "tag_last_pushed": "2020-02-04T10:04:22.136264Z"
    },
    {
        "name": "v0.63.2",
        "tag_last_pushed": "2020-01-27T13:46:08.327065Z"
    },
    {
        "name": "v0.63.1",
        "tag_last_pushed": "2020-01-23T21:13:10.793816Z"
    },
    {
        "name": "v0.63.0",
        "tag_last_pushed": "2020-01-23T13:35:24.724266Z"
    }
]