[
    {
        "name": "1.7python-jessie",
        "tag_last_pushed": "2017-12-04T14:19:43.885007Z"
    },
    {
        "name": "1.7python-alpine",
        "tag_last_pushed": "2017-12-04T14:15:43.662118Z"
    },
    {
        "name": "1.7python-slim",
        "tag_last_pushed": "2017-12-04T14:12:47.335592Z"
    },
    {
        "name": "1.7python-stretch",
        "tag_last_pushed": "2017-12-04T14:08:35.233146Z"
    },
    {
        "name": "1.7js-jessie",
        "tag_last_pushed": "2017-12-04T14:04:10.1414Z"
    },
    {
        "name": "1.7js-alpine",
        "tag_last_pushed": "2017-12-04T14:00:06.10121Z"
    },
    {
        "name": "1.7js-slim",
        "tag_last_pushed": "2017-12-04T13:57:37.251611Z"
    },
    {
        "name": "1.7js-stretch",
        "tag_last_pushed": "2017-12-04T13:54:39.351206Z"
    },
    {
        "name": "latest",
        "tag_last_pushed": "2017-12-04T13:49:45.158172Z"
    }
]