[
    {
        "name": "latest",
        "tag_last_pushed": "2023-04-20T06:12:16.776596Z"
    },
    {
        "name": "v4.1",
        "tag_last_pushed": "2023-04-20T06:12:16.125095Z"
    },
    {
        "name": "v4",
        "tag_last_pushed": "2023-04-20T06:12:15.438002Z"
    },
    {
        "name": "v4.1.3",
        "tag_last_pushed": "2023-04-20T06:12:14.853757Z"
    },
    {
        "name": "latest-amd64",
        "tag_last_pushed": "2023-04-20T06:12:08.883532Z"
    },
    {
        "name": "v4.1-amd64",
        "tag_last_pushed": "2023-04-20T06:12:08.310903Z"
    },
    {
        "name": "v4-amd64",
        "tag_last_pushed": "2023-04-20T06:12:08.015838Z"
    },
    {
        "name": "v4.1.3-amd64",
        "tag_last_pushed": "2023-04-20T06:12:07.218182Z"
    },
    {
        "name": "v4.1.2",
        "tag_last_pushed": "2023-01-11T18:34:03.611598Z"
    },
    {
        "name": "v4.1.2-amd64",
        "tag_last_pushed": "2023-01-11T18:33:56.240911Z"
    },
    {
        "name": "v4.1.1",
        "tag_last_pushed": "2023-01-10T18:00:40.393866Z"
    },
    {
        "name": "v4.1.1-amd64",
        "tag_last_pushed": "2023-01-10T18:00:32.857237Z"
    },
    {
        "name": "v4.1.0",
        "tag_last_pushed": "2022-12-19T17:44:57.926154Z"
    },
    {
        "name": "v4.1.0-amd64",
        "tag_last_pushed": "2022-12-19T17:44:43.755749Z"
    },
    {
        "name": "v4.0",
        "tag_last_pushed": "2022-12-14T12:05:20.045917Z"
    },
    {
        "name": "v4.0.5",
        "tag_last_pushed": "2022-12-14T12:05:14.276891Z"
    },
    {
        "name": "v4.0-amd64",
        "tag_last_pushed": "2022-12-14T12:04:57.408858Z"
    },
    {
        "name": "v4.0.5-amd64",
        "tag_last_pushed": "2022-12-14T12:04:54.564624Z"
    },
    {
        "name": "v4.0.4",
        "tag_last_pushed": "2022-11-10T17:49:41.0949Z"
    },
    {
        "name": "v4.0.4-amd64",
        "tag_last_pushed": "2022-11-10T17:49:33.259737Z"
    },
    {
        "name": "v4.0.3",
        "tag_last_pushed": "2022-10-24T06:58:05.882389Z"
    },
    {
        "name": "v4.0.3-amd64",
        "tag_last_pushed": "2022-10-24T06:57:49.715737Z"
    },
    {
        "name": "v4.0.2",
        "tag_last_pushed": "2022-10-17T19:14:47.169244Z"
    },
    {
        "name": "v4.0.2-amd64",
        "tag_last_pushed": "2022-10-17T19:14:31.310742Z"
    },
    {
        "name": "v4.0.1",
        "tag_last_pushed": "2022-08-25T07:48:17.026927Z"
    },
    {
        "name": "v4.0.1-amd64",
        "tag_last_pushed": "2022-08-25T07:47:53.8117Z"
    },
    {
        "name": "v4.0.0",
        "tag_last_pushed": "2022-07-20T07:55:52.431212Z"
    },
    {
        "name": "v4.0.0-amd64",
        "tag_last_pushed": "2022-07-20T07:55:31.66853Z"
    },
    {
        "name": "v4.0.0-beta.1",
        "tag_last_pushed": "2022-07-09T18:50:00.234573Z"
    },
    {
        "name": "v4.0.0-beta.1-amd64",
        "tag_last_pushed": "2022-07-09T18:49:53.760671Z"
    },
    {
        "name": "v3.2",
        "tag_last_pushed": "2022-06-30T10:03:24.511775Z"
    },
    {
        "name": "v3",
        "tag_last_pushed": "2022-06-30T10:03:21.981652Z"
    },
    {
        "name": "v3.2.3",
        "tag_last_pushed": "2022-06-30T10:03:19.79782Z"
    }
]