[
    {
        "name": "latest",
        "tag_last_pushed": "2023-06-11T04:13:10.402923Z"
    },
    {
        "name": "2023.011",
        "tag_last_pushed": "2023-06-11T04:13:09.001488Z"
    },
    {
        "name": "2023.010",
        "tag_last_pushed": "2023-06-04T04:12:13.583028Z"
    },
    {
        "name": "2023.008",
        "tag_last_pushed": "2023-05-28T04:12:04.915555Z"
    },
    {
        "name": "2023.006",
        "tag_last_pushed": "2023-04-23T04:22:41.631583Z"
    },
    {
        "name": "2023.005",
        "tag_last_pushed": "2023-03-26T04:29:29.319029Z"
    },
    {
        "name": "2023.003",
        "tag_last_pushed": "2023-03-12T04:21:54.519804Z"
    },
    {
        "name": "2023.001",
        "tag_last_pushed": "2023-02-19T04:27:16.786126Z"
    },
    {
        "name": "2022.025",
        "tag_last_pushed": "2023-01-15T04:22:45.496257Z"
    },
    {
        "name": "2022.024",
        "tag_last_pushed": "2023-01-01T04:21:56.83855Z"
    },
    {
        "name": "2022.022",
        "tag_last_pushed": "2022-12-04T04:19:52.650774Z"
    },
    {
        "name": "2022.021",
        "tag_last_pushed": "2022-11-06T04:22:19.438038Z"
    },
    {
        "name": "2022.020",
        "tag_last_pushed": "2022-10-23T04:21:05.728852Z"
    },
    {
        "name": "2022.019",
        "tag_last_pushed": "2022-10-09T04:24:08.145208Z"
    },
    {
        "name": "2022.018",
        "tag_last_pushed": "2022-09-25T04:22:29.189063Z"
    },
    {
        "name": "2022.017",
        "tag_last_pushed": "2022-09-11T04:23:35.719959Z"
    },
    {
        "name": "2022.016",
        "tag_last_pushed": "2022-09-04T04:20:19.811179Z"
    },
    {
        "name": "2022.014.1",
        "tag_last_pushed": "2022-08-14T04:23:17.588377Z"
    },
    {
        "name": "2022.015",
        "tag_last_pushed": "2022-07-31T04:22:53.337874Z"
    },
    {
        "name": "2022.014",
        "tag_last_pushed": "2022-07-24T04:22:13.643854Z"
    },
    {
        "name": "2022.013",
        "tag_last_pushed": "2022-07-17T04:22:37.851113Z"
    },
    {
        "name": "2022.010",
        "tag_last_pushed": "2022-07-03T04:06:16.663928Z"
    },
    {
        "name": "2022.007-oss",
        "tag_last_pushed": "2022-06-05T04:06:20.410344Z"
    },
    {
        "name": "2022.003-oss",
        "tag_last_pushed": "2022-04-10T04:06:34.5973Z"
    },
    {
        "name": "2022.002-oss",
        "tag_last_pushed": "2022-02-13T04:06:52.144439Z"
    },
    {
        "name": "2021.025-oss",
        "tag_last_pushed": "2022-01-30T04:06:32.406633Z"
    },
    {
        "name": "2021.021",
        "tag_last_pushed": "2022-01-02T04:07:06.273712Z"
    },
    {
        "name": "2021.012",
        "tag_last_pushed": "2021-10-24T04:08:58.156273Z"
    },
    {
        "name": "2021.011",
        "tag_last_pushed": "2021-06-13T04:11:40.404205Z"
    },
    {
        "name": "2021.009",
        "tag_last_pushed": "2021-05-30T04:11:38.718305Z"
    },
    {
        "name": "2021.008",
        "tag_last_pushed": "2021-05-02T04:12:28.297994Z"
    },
    {
        "name": "2021.006",
        "tag_last_pushed": "2021-04-18T04:12:11.488351Z"
    },
    {
        "name": "Vanilla_3.3",
        "tag_last_pushed": "2021-03-28T04:21:26.49307Z"
    }
]