[
    {
        "name": "edge",
        "tag_last_pushed": "2023-06-11T01:15:58.510628Z"
    },
    {
        "name": "latest",
        "tag_last_pushed": "2022-06-22T07:16:44.956812Z"
    },
    {
        "name": "3.7.3",
        "tag_last_pushed": "2022-06-22T07:16:44.548691Z"
    },
    {
        "name": "3.7.2",
        "tag_last_pushed": "2022-03-14T08:39:45.201188Z"
    },
    {
        "name": "3.7.1",
        "tag_last_pushed": "2021-04-08T22:11:40.375896Z"
    },
    {
        "name": "3.7.0",
        "tag_last_pushed": "2021-03-24T23:11:38.44495Z"
    },
    {
        "name": "3.6.1",
        "tag_last_pushed": "2020-09-24T03:22:12.453515Z"
    },
    {
        "name": "3.6.0",
        "tag_last_pushed": "2020-07-15T23:11:40.396696Z"
    },
    {
        "name": "3.5.0",
        "tag_last_pushed": "2019-11-22T04:48:31.6303Z"
    },
    {
        "name": "3.4.0",
        "tag_last_pushed": "2019-10-04T01:11:24.831883Z"
    },
    {
        "name": "3.3.1",
        "tag_last_pushed": "2019-07-11T02:34:46.017368Z"
    },
    {
        "name": "3.2.0",
        "tag_last_pushed": "2018-11-29T05:40:00.468078Z"
    }
]