[
    {
        "name": "0.4.2-nfq-rc-3",
        "tag_last_pushed": "2018-06-22T02:01:29.476417Z"
    },
    {
        "name": "latest",
        "tag_last_pushed": "2018-06-22T01:46:59.899918Z"
    },
    {
        "name": "0.4.2-nfq-rc-2",
        "tag_last_pushed": "2018-06-08T03:28:38.197629Z"
    },
    {
        "name": "0.4.2-nfq-rc-1",
        "tag_last_pushed": "2018-05-17T09:20:26.153815Z"
    },
    {
        "name": "0.4.2-nfq",
        "tag_last_pushed": "2018-05-15T07:33:13.017249Z"
    }
]