[
    {
        "name": "9-azure",
        "tag_last_pushed": "2023-06-09T16:31:41.270771Z"
    },
    {
        "name": "9.19-azure",
        "tag_last_pushed": "2023-06-09T16:31:39.427585Z"
    },
    {
        "name": "9.19.4-azure",
        "tag_last_pushed": "2023-06-09T16:31:37.502083Z"
    },
    {
        "name": "latest-azure",
        "tag_last_pushed": "2023-06-09T16:31:34.948948Z"
    },
    {
        "name": "9-alpine",
        "tag_last_pushed": "2023-06-09T16:31:13.013034Z"
    },
    {
        "name": "9.19-alpine",
        "tag_last_pushed": "2023-06-09T16:31:11.262568Z"
    },
    {
        "name": "9.19.4-alpine",
        "tag_last_pushed": "2023-06-09T16:31:09.340521Z"
    },
    {
        "name": "latest-alpine",
        "tag_last_pushed": "2023-06-09T16:31:07.191207Z"
    },
    {
        "name": "9",
        "tag_last_pushed": "2023-06-09T16:30:49.185941Z"
    },
    {
        "name": "9.19",
        "tag_last_pushed": "2023-06-09T16:30:47.347276Z"
    },
    {
        "name": "9.19.4",
        "tag_last_pushed": "2023-06-09T16:30:45.804756Z"
    },
    {
        "name": "latest",
        "tag_last_pushed": "2023-06-09T16:30:43.28392Z"
    },
    {
        "name": "9.19.3-azure",
        "tag_last_pushed": "2023-06-07T14:06:10.284089Z"
    },
    {
        "name": "9.19.3-alpine",
        "tag_last_pushed": "2023-06-07T14:05:37.746685Z"
    },
    {
        "name": "9.19.3",
        "tag_last_pushed": "2023-06-07T14:05:15.951781Z"
    },
    {
        "name": "9.19.1-azure",
        "tag_last_pushed": "2023-05-24T14:53:18.026657Z"
    },
    {
        "name": "9.19.1-alpine",
        "tag_last_pushed": "2023-05-24T14:52:53.086181Z"
    },
    {
        "name": "9.19.1",
        "tag_last_pushed": "2023-05-24T14:52:31.272083Z"
    },
    {
        "name": "9.19.0-azure",
        "tag_last_pushed": "2023-05-23T15:07:34.818907Z"
    },
    {
        "name": "9.19.0-alpine",
        "tag_last_pushed": "2023-05-23T15:07:08.055183Z"
    },
    {
        "name": "9.19.0",
        "tag_last_pushed": "2023-05-23T15:06:46.069525Z"
    },
    {
        "name": "9.18-azure",
        "tag_last_pushed": "2023-05-15T11:30:06.19276Z"
    },
    {
        "name": "9.18.0-azure",
        "tag_last_pushed": "2023-05-15T11:30:02.649949Z"
    },
    {
        "name": "9.18-alpine",
        "tag_last_pushed": "2023-05-15T11:29:38.714708Z"
    },
    {
        "name": "9.18.0-alpine",
        "tag_last_pushed": "2023-05-15T11:29:36.805406Z"
    },
    {
        "name": "9.18",
        "tag_last_pushed": "2023-05-15T11:29:18.648995Z"
    },
    {
        "name": "9.18.0",
        "tag_last_pushed": "2023-05-15T11:29:16.783153Z"
    },
    {
        "name": "9.17-azure",
        "tag_last_pushed": "2023-04-27T16:12:55.833915Z"
    },
    {
        "name": "9.17.0-azure",
        "tag_last_pushed": "2023-04-27T16:12:53.830545Z"
    },
    {
        "name": "9.17-alpine",
        "tag_last_pushed": "2023-04-27T16:12:30.57543Z"
    },
    {
        "name": "9.17.0-alpine",
        "tag_last_pushed": "2023-04-27T16:12:28.558345Z"
    },
    {
        "name": "9.17",
        "tag_last_pushed": "2023-04-27T16:12:08.503841Z"
    },
    {
        "name": "9.17.0",
        "tag_last_pushed": "2023-04-27T16:12:06.835617Z"
    },
    {
        "name": "9.16-azure",
        "tag_last_pushed": "2023-03-20T11:55:39.028483Z"
    },
    {
        "name": "9.16.1-azure",
        "tag_last_pushed": "2023-03-20T11:55:37.058343Z"
    },
    {
        "name": "9.16-alpine",
        "tag_last_pushed": "2023-03-20T11:55:14.081134Z"
    },
    {
        "name": "9.16.1-alpine",
        "tag_last_pushed": "2023-03-20T11:55:12.372394Z"
    },
    {
        "name": "9.16",
        "tag_last_pushed": "2023-03-20T11:54:56.771359Z"
    },
    {
        "name": "9.16.1",
        "tag_last_pushed": "2023-03-20T11:54:55.115768Z"
    },
    {
        "name": "9.16.0-azure",
        "tag_last_pushed": "2023-03-15T15:48:30.449268Z"
    },
    {
        "name": "9.16.0-alpine",
        "tag_last_pushed": "2023-03-15T15:48:05.88291Z"
    },
    {
        "name": "9.16.0",
        "tag_last_pushed": "2023-03-15T15:47:49.660923Z"
    },
    {
        "name": "9.15-azure",
        "tag_last_pushed": "2023-03-06T16:01:32.296383Z"
    },
    {
        "name": "9.15.2-azure",
        "tag_last_pushed": "2023-03-06T16:01:30.036326Z"
    },
    {
        "name": "9.15-alpine",
        "tag_last_pushed": "2023-03-06T16:01:02.391414Z"
    },
    {
        "name": "9.15.2-alpine",
        "tag_last_pushed": "2023-03-06T16:00:59.920788Z"
    },
    {
        "name": "9.15",
        "tag_last_pushed": "2023-03-06T16:00:43.968507Z"
    },
    {
        "name": "9.15.2",
        "tag_last_pushed": "2023-03-06T16:00:42.014306Z"
    },
    {
        "name": "9.15.1-azure",
        "tag_last_pushed": "2023-02-22T12:30:09.120314Z"
    },
    {
        "name": "9.15.1-alpine",
        "tag_last_pushed": "2023-02-22T12:29:41.111301Z"
    }
]