[
    {
        "name": "latest",
        "tag_last_pushed": "2023-05-29T13:25:33.186597Z"
    },
    {
        "name": "v0.22.0",
        "tag_last_pushed": "2023-05-29T13:25:30.750277Z"
    },
    {
        "name": "v0.22.0-amd64",
        "tag_last_pushed": "2023-05-29T13:05:17.091763Z"
    },
    {
        "name": "v0.21.5",
        "tag_last_pushed": "2023-05-04T14:28:15.363867Z"
    },
    {
        "name": "v0.21.5-amd64",
        "tag_last_pushed": "2023-05-04T14:10:05.398991Z"
    },
    {
        "name": "v0.21.4",
        "tag_last_pushed": "2023-03-22T14:44:31.941462Z"
    },
    {
        "name": "v0.21.4-amd64",
        "tag_last_pushed": "2023-03-22T14:25:56.28978Z"
    },
    {
        "name": "v0.21.3",
        "tag_last_pushed": "2023-03-08T15:52:02.920081Z"
    },
    {
        "name": "v0.21.3-amd64",
        "tag_last_pushed": "2023-03-08T15:33:29.329952Z"
    },
    {
        "name": "v0.21.2",
        "tag_last_pushed": "2023-02-14T10:31:40.37906Z"
    },
    {
        "name": "v0.21.2-amd64",
        "tag_last_pushed": "2023-02-14T10:14:49.872151Z"
    },
    {
        "name": "v0.21.1",
        "tag_last_pushed": "2023-02-08T13:17:00.502095Z"
    },
    {
        "name": "v0.21.1-amd64",
        "tag_last_pushed": "2023-02-08T13:00:31.83227Z"
    },
    {
        "name": "v0.21.0",
        "tag_last_pushed": "2023-02-01T17:14:06.045185Z"
    },
    {
        "name": "v0.21.0-amd64",
        "tag_last_pushed": "2023-02-01T16:57:12.05419Z"
    }
]