[
    {
        "name": "0.3.16",
        "tag_last_pushed": "2022-04-04T00:41:19.0444Z"
    },
    {
        "name": "latest",
        "tag_last_pushed": "2022-04-04T00:41:08.457655Z"
    },
    {
        "name": "0.3.15",
        "tag_last_pushed": "2021-05-22T19:39:37.329014Z"
    },
    {
        "name": "0.3.14",
        "tag_last_pushed": "2021-05-20T21:08:42.140434Z"
    },
    {
        "name": "0.3.13",
        "tag_last_pushed": "2020-07-10T13:49:43.569292Z"
    },
    {
        "name": "0.3.12",
        "tag_last_pushed": "2020-06-08T17:02:33.087106Z"
    },
    {
        "name": "0.3.11",
        "tag_last_pushed": "2020-06-08T15:26:03.981652Z"
    },
    {
        "name": "0.3.9",
        "tag_last_pushed": "2019-11-27T06:10:02.431899Z"
    },
    {
        "name": "0.3.8",
        "tag_last_pushed": "2019-08-13T23:30:54.806712Z"
    },
    {
        "name": "0.3.7",
        "tag_last_pushed": "2019-05-06T14:49:09.574273Z"
    },
    {
        "name": "0.3.6",
        "tag_last_pushed": "2019-04-25T23:02:14.217003Z"
    }
]