[
    {
        "name": "envoy-2.ea206542ed81559f2e0571610f4008daa27ec167.opt",
        "tag_last_pushed": "2023-05-19T16:23:05.626646Z"
    },
    {
        "name": "envoy-full-2.ea206542ed81559f2e0571610f4008daa27ec167.opt",
        "tag_last_pushed": "2023-05-19T16:22:58.317466Z"
    },
    {
        "name": "envoy-1.ea206542ed81559f2e0571610f4008daa27ec167.opt",
        "tag_last_pushed": "2023-05-19T15:58:13.001951Z"
    },
    {
        "name": "envoy-full-1.ea206542ed81559f2e0571610f4008daa27ec167.opt",
        "tag_last_pushed": "2023-05-19T15:58:06.451704Z"
    },
    {
        "name": "envoy-0.ea206542ed81559f2e0571610f4008daa27ec167.opt",
        "tag_last_pushed": "2023-05-02T16:49:32.008271Z"
    },
    {
        "name": "envoy-full-0.ea206542ed81559f2e0571610f4008daa27ec167.opt",
        "tag_last_pushed": "2023-05-02T16:49:22.436338Z"
    },
    {
        "name": "envoy-0.31a08a530c269e679d85a9006971bcec31deb018.opt",
        "tag_last_pushed": "2023-04-06T17:37:08.289635Z"
    },
    {
        "name": "envoy-full-0.31a08a530c269e679d85a9006971bcec31deb018.opt",
        "tag_last_pushed": "2023-04-06T17:36:59.625755Z"
    },
    {
        "name": "envoy-1.45e58d86cc09d8d34baddac06102b9e8070839c6.opt",
        "tag_last_pushed": "2023-04-05T14:46:33.590622Z"
    },
    {
        "name": "envoy-full-1.45e58d86cc09d8d34baddac06102b9e8070839c6.opt",
        "tag_last_pushed": "2023-04-05T14:46:24.365173Z"
    },
    {
        "name": "envoy-0.b8eb98c4a04bd1e0d21230e7a7c99f37a04f255b.opt",
        "tag_last_pushed": "2023-03-29T16:38:26.439485Z"
    },
    {
        "name": "envoy-full-0.b8eb98c4a04bd1e0d21230e7a7c99f37a04f255b.opt",
        "tag_last_pushed": "2023-03-29T16:38:17.102293Z"
    },
    {
        "name": "envoy-1.5a4aed880cb9b76df21448e75d42fe95a77c3893.opt",
        "tag_last_pushed": "2023-02-08T12:30:06.818584Z"
    },
    {
        "name": "envoy-full-1.5a4aed880cb9b76df21448e75d42fe95a77c3893.opt",
        "tag_last_pushed": "2023-02-08T12:29:56.429229Z"
    },
    {
        "name": "envoy-0.5a4aed880cb9b76df21448e75d42fe95a77c3893.opt",
        "tag_last_pushed": "2023-02-07T17:55:21.006921Z"
    },
    {
        "name": "envoy-full-0.5a4aed880cb9b76df21448e75d42fe95a77c3893.opt",
        "tag_last_pushed": "2023-02-07T17:55:11.223702Z"
    },
    {
        "name": "envoy-0.b72cd315cb9f3ce2577c6513892694a89ff9b85e.opt",
        "tag_last_pushed": "2023-02-06T21:55:46.674273Z"
    },
    {
        "name": "envoy-full-0.b72cd315cb9f3ce2577c6513892694a89ff9b85e.opt",
        "tag_last_pushed": "2023-02-06T21:55:38.408383Z"
    },
    {
        "name": "envoy-0.dcc3afef1680c1c4f932c73e0c9bca8b0b5db484.opt",
        "tag_last_pushed": "2022-12-17T03:38:08.294884Z"
    },
    {
        "name": "envoy-full-0.dcc3afef1680c1c4f932c73e0c9bca8b0b5db484.opt",
        "tag_last_pushed": "2022-12-17T03:37:58.997317Z"
    },
    {
        "name": "envoy-0.3f26613a24808679123aea5c9d53c44502190170.opt",
        "tag_last_pushed": "2022-11-19T06:34:02.114887Z"
    },
    {
        "name": "envoy-full-0.3f26613a24808679123aea5c9d53c44502190170.opt",
        "tag_last_pushed": "2022-11-19T06:33:52.758017Z"
    },
    {
        "name": "envoy-0.82fe811db6c54ef801e9b94d23eb2fcf2d2153f0.opt",
        "tag_last_pushed": "2022-08-11T04:14:06.766991Z"
    },
    {
        "name": "envoy-full-0.82fe811db6c54ef801e9b94d23eb2fcf2d2153f0.opt",
        "tag_last_pushed": "2022-08-11T04:13:58.22688Z"
    },
    {
        "name": "envoy-0.f96adbeb45342bb8b37345df11fc395aa4b1fcda.opt",
        "tag_last_pushed": "2022-06-11T21:53:57.677107Z"
    },
    {
        "name": "envoy-full-0.f96adbeb45342bb8b37345df11fc395aa4b1fcda.opt",
        "tag_last_pushed": "2022-06-11T21:53:49.623904Z"
    },
    {
        "name": "envoy-0.c72eb91c03ebaf2d2c622e847cf6b4f0ba6c3528.opt",
        "tag_last_pushed": "2022-06-10T00:22:13.063785Z"
    },
    {
        "name": "envoy-full-0.c72eb91c03ebaf2d2c622e847cf6b4f0ba6c3528.opt",
        "tag_last_pushed": "2022-06-10T00:22:03.794885Z"
    },
    {
        "name": "envoy-full-0.8151e9a87cde33721a1b1f864d0c54ae72e4aa78.opt",
        "tag_last_pushed": "2022-06-09T17:33:07.456566Z"
    },
    {
        "name": "envoy-0.8151e9a87cde33721a1b1f864d0c54ae72e4aa78.opt",
        "tag_last_pushed": "2022-06-09T17:33:04.268678Z"
    },
    {
        "name": "envoy-0.386367b8c99f843fbc2a42a38fe625fce480de19.opt",
        "tag_last_pushed": "2022-05-20T05:01:18.115475Z"
    },
    {
        "name": "envoy-full-0.386367b8c99f843fbc2a42a38fe625fce480de19.opt",
        "tag_last_pushed": "2022-05-20T05:01:09.24587Z"
    },
    {
        "name": "envoy-0.31673559cfb747dba1c13a85d4ce1ddd5cfbf927.opt",
        "tag_last_pushed": "2022-03-01T20:29:43.485515Z"
    },
    {
        "name": "envoy-full-0.31673559cfb747dba1c13a85d4ce1ddd5cfbf927.opt",
        "tag_last_pushed": "2022-03-01T20:29:34.792422Z"
    },
    {
        "name": "envoy-full-0.4ce93dc3ace00ae9108b179d0afaceac13f4602a.opt",
        "tag_last_pushed": "2022-02-22T21:09:45.150787Z"
    },
    {
        "name": "envoy-0.4ce93dc3ace00ae9108b179d0afaceac13f4602a.opt",
        "tag_last_pushed": "2022-02-22T21:08:50.637451Z"
    },
    {
        "name": "envoy-0.049f125c1c9a6cd7e49bd4a660cdeccd9f6ec383.opt",
        "tag_last_pushed": "2022-02-15T23:57:52.909289Z"
    },
    {
        "name": "envoy-full-0.049f125c1c9a6cd7e49bd4a660cdeccd9f6ec383.opt",
        "tag_last_pushed": "2022-02-15T23:57:44.007601Z"
    }
]