[
    {
        "name": "1.10",
        "tag_last_pushed": "2018-02-19T02:44:04.104506Z"
    },
    {
        "name": "1.10-pb3.5.1-0",
        "tag_last_pushed": "2018-02-19T02:31:05.770374Z"
    },
    {
        "name": "latest",
        "tag_last_pushed": "2018-02-19T02:07:34.37602Z"
    },
    {
        "name": "1.9-pb3.5.0-6",
        "tag_last_pushed": "2018-01-09T04:08:27.2119Z"
    },
    {
        "name": "pb3.5.0",
        "tag_last_pushed": "2018-01-09T03:54:17.546119Z"
    },
    {
        "name": "1.9",
        "tag_last_pushed": "2018-01-09T03:40:13.820632Z"
    },
    {
        "name": "1.9-pb3.5.0-5",
        "tag_last_pushed": "2017-12-22T13:07:31.612635Z"
    },
    {
        "name": "1.9-pb3.5.0-4",
        "tag_last_pushed": "2017-12-22T12:31:16.278255Z"
    },
    {
        "name": "1.9-pb3.5.0-3",
        "tag_last_pushed": "2017-12-16T13:53:48.295707Z"
    },
    {
        "name": "1.9-pb3.5.0-2",
        "tag_last_pushed": "2017-12-13T05:14:36.118643Z"
    },
    {
        "name": "1.9-pb3.5.0-1",
        "tag_last_pushed": "2017-12-06T00:16:47.889586Z"
    },
    {
        "name": "1.9-pb3.5.0",
        "tag_last_pushed": "2017-11-29T23:34:27.512489Z"
    }
]