[
    {
        "name": "1.122.0-python3.7.12",
        "tag_last_pushed": "2021-09-22T02:48:53.89274Z"
    },
    {
        "name": "1.19.0-python3.7.11",
        "tag_last_pushed": "2021-09-05T05:02:02.815938Z"
    },
    {
        "name": "1.91.0-gradle6.7-git",
        "tag_last_pushed": "2021-03-09T03:14:28.78624Z"
    },
    {
        "name": "1.31.0-gradle6.3-git",
        "tag_last_pushed": "2020-10-30T03:13:14.607212Z"
    },
    {
        "name": "1.69.0-gradle6.7-git",
        "tag_last_pushed": "2020-10-23T10:05:59.699968Z"
    },
    {
        "name": "1.69.0-gradle6.7",
        "tag_last_pushed": "2020-10-23T10:03:00.391349Z"
    },
    {
        "name": "1.59.0-gradle6.7-git",
        "tag_last_pushed": "2020-10-23T09:52:47.296757Z"
    },
    {
        "name": "1.59.0-gradle6.7",
        "tag_last_pushed": "2020-10-23T09:49:49.100517Z"
    },
    {
        "name": "1.59.0-gradle6.6",
        "tag_last_pushed": "2020-08-18T06:54:51.91991Z"
    },
    {
        "name": "1.31.0-gradle6.6",
        "tag_last_pushed": "2020-08-18T06:48:16.658295Z"
    },
    {
        "name": "1.32.2-gradle6.3",
        "tag_last_pushed": "2020-04-16T22:45:59.730787Z"
    },
    {
        "name": "1.32.1-gradle6.3",
        "tag_last_pushed": "2020-04-10T06:25:12.313094Z"
    },
    {
        "name": "1.31.0-gradle6.3",
        "tag_last_pushed": "2020-03-27T16:07:16.376359Z"
    },
    {
        "name": "1.20.0-gradle6.1.1",
        "tag_last_pushed": "2020-02-11T13:29:51.703841Z"
    },
    {
        "name": "1.22.0-python3.8.1",
        "tag_last_pushed": "2020-02-02T09:39:49.147703Z"
    },
    {
        "name": "1.19.0-python3.7.4",
        "tag_last_pushed": "2020-01-22T08:14:22.235233Z"
    },
    {
        "name": "1.20.0-gradle6.1",
        "tag_last_pushed": "2020-01-19T16:30:41.66512Z"
    },
    {
        "name": "1.20.0-gradle6.0.1",
        "tag_last_pushed": "2020-01-10T02:12:06.856159Z"
    },
    {
        "name": "1.18.0-gradle6.0.1",
        "tag_last_pushed": "2019-11-30T07:24:20.624109Z"
    },
    {
        "name": "1.18.0-python3.7.4",
        "tag_last_pushed": "2019-11-28T12:14:02.440891Z"
    },
    {
        "name": "1.15.0-gradle5.6.3",
        "tag_last_pushed": "2019-10-29T05:48:05.205963Z"
    },
    {
        "name": "1.14.0-python3.7.4",
        "tag_last_pushed": "2019-10-24T11:13:32.489796Z"
    },
    {
        "name": "1.14.0-gradle5.6.3",
        "tag_last_pushed": "2019-10-24T07:13:44.370634Z"
    },
    {
        "name": "1.13.1-gradle5.6.2",
        "tag_last_pushed": "2019-10-17T15:32:19.646326Z"
    },
    {
        "name": "1.12.0-gradle5.6.2",
        "tag_last_pushed": "2019-10-09T19:56:08.806301Z"
    },
    {
        "name": "1.3.0-python3.7.4",
        "tag_last_pushed": "2019-10-07T08:00:16.21349Z"
    },
    {
        "name": "1.11.0-gradle5.6.2",
        "tag_last_pushed": "2019-10-04T18:44:42.207424Z"
    },
    {
        "name": "1.10.1-gradle5.6.2",
        "tag_last_pushed": "2019-10-02T15:12:12.799319Z"
    },
    {
        "name": "1.8.0-gradle5.6.2",
        "tag_last_pushed": "2019-09-11T05:49:27.951828Z"
    },
    {
        "name": "1.7.0-gradle5.6.2",
        "tag_last_pushed": "2019-09-06T04:10:07.859225Z"
    },
    {
        "name": "1.6.1-gradle5.6.1",
        "tag_last_pushed": "2019-08-29T15:26:37.337449Z"
    },
    {
        "name": "1.3.0-gradle5.5.1",
        "tag_last_pushed": "2019-08-08T18:15:13.328313Z"
    },
    {
        "name": "1.2.0-gradle5.4.1",
        "tag_last_pushed": "2019-08-01T08:19:41.225114Z"
    },
    {
        "name": "0.36.2-gradle5.4.1",
        "tag_last_pushed": "2019-07-04T05:24:33.634651Z"
    },
    {
        "name": "0.36.1-gradle5.4.1",
        "tag_last_pushed": "2019-07-03T02:50:22.815917Z"
    },
    {
        "name": "0.36.0-gradle5.4.1",
        "tag_last_pushed": "2019-07-01T06:03:04.081234Z"
    },
    {
        "name": "0.33.0-gradle5.4.1",
        "tag_last_pushed": "2019-06-08T04:07:37.010987Z"
    }
]