[
    {
        "name": "v1.5.4",
        "tag_last_pushed": "2019-02-21T09:38:38.465465Z"
    },
    {
        "name": "latest",
        "tag_last_pushed": "2019-02-21T09:25:38.521168Z"
    },
    {
        "name": "v1.5.3",
        "tag_last_pushed": "2019-02-14T10:10:11.666028Z"
    },
    {
        "name": "v1.5.2",
        "tag_last_pushed": "2019-02-02T15:21:04.099173Z"
    },
    {
        "name": "v1.4.7",
        "tag_last_pushed": "2019-01-25T10:31:26.796072Z"
    },
    {
        "name": "v1.4.6",
        "tag_last_pushed": "2019-01-25T10:05:26.563968Z"
    },
    {
        "name": "v1.4.5",
        "tag_last_pushed": "2019-01-25T09:52:30.957797Z"
    },
    {
        "name": "v1.4.2",
        "tag_last_pushed": "2019-01-18T07:17:32.296875Z"
    },
    {
        "name": "v1.4.4",
        "tag_last_pushed": "2019-01-18T07:05:08.829964Z"
    },
    {
        "name": "v1.4.3",
        "tag_last_pushed": "2019-01-17T07:45:22.422077Z"
    },
    {
        "name": "v1.4.0",
        "tag_last_pushed": "2019-01-15T07:27:18.88794Z"
    },
    {
        "name": "v1.3.6",
        "tag_last_pushed": "2019-01-11T03:44:57.746806Z"
    },
    {
        "name": "v1.3.5",
        "tag_last_pushed": "2019-01-11T03:21:09.710918Z"
    },
    {
        "name": "v1.3.4",
        "tag_last_pushed": "2019-01-08T06:14:32.105399Z"
    },
    {
        "name": "v1.3.3",
        "tag_last_pushed": "2019-01-06T10:32:09.487186Z"
    },
    {
        "name": "v1.3.2",
        "tag_last_pushed": "2018-11-29T07:16:53.777016Z"
    },
    {
        "name": "v1.3.0",
        "tag_last_pushed": "2018-11-29T04:09:53.5937Z"
    },
    {
        "name": "v1.2.0",
        "tag_last_pushed": "2018-11-28T08:58:38.458889Z"
    },
    {
        "name": "v1.1.21",
        "tag_last_pushed": "2018-11-28T02:34:08.232942Z"
    },
    {
        "name": "v1.1.20",
        "tag_last_pushed": "2018-11-27T04:12:53.091419Z"
    },
    {
        "name": "v1.1.14",
        "tag_last_pushed": "2018-11-22T08:21:42.469811Z"
    },
    {
        "name": "v1.1.13",
        "tag_last_pushed": "2018-11-22T07:54:29.430087Z"
    },
    {
        "name": "v1.1.12",
        "tag_last_pushed": "2018-11-22T06:57:50.475706Z"
    },
    {
        "name": "v1.1.10",
        "tag_last_pushed": "2018-11-22T06:45:48.474431Z"
    },
    {
        "name": "v1.1.11",
        "tag_last_pushed": "2018-11-22T04:00:48.491567Z"
    },
    {
        "name": "v1.1.4",
        "tag_last_pushed": "2018-11-15T15:01:49.357627Z"
    },
    {
        "name": "v1.1.3",
        "tag_last_pushed": "2018-11-15T14:21:29.917081Z"
    },
    {
        "name": "v1.1.2",
        "tag_last_pushed": "2018-11-15T05:44:19.929824Z"
    },
    {
        "name": "v1.1.1",
        "tag_last_pushed": "2018-11-13T09:48:33.50542Z"
    },
    {
        "name": "v1.1.0",
        "tag_last_pushed": "2018-11-13T06:42:38.491032Z"
    },
    {
        "name": "v1.0.4",
        "tag_last_pushed": "2018-11-07T08:59:22.042423Z"
    },
    {
        "name": "v1.0.3",
        "tag_last_pushed": "2018-11-07T07:22:19.080644Z"
    }
]