[
    {
        "name": "latest",
        "tag_last_pushed": "2023-06-09T23:58:21.326939Z"
    },
    {
        "name": "v4.12.1",
        "tag_last_pushed": "2023-06-09T23:58:18.118024Z"
    },
    {
        "name": "v4.12.0",
        "tag_last_pushed": "2023-06-05T11:08:09.149633Z"
    },
    {
        "name": "v4.11.0",
        "tag_last_pushed": "2023-05-22T12:24:47.259838Z"
    },
    {
        "name": "v4.10.2",
        "tag_last_pushed": "2023-05-01T12:20:10.544486Z"
    },
    {
        "name": "v4.10.1",
        "tag_last_pushed": "2023-02-25T20:52:11.899471Z"
    },
    {
        "name": "v4.10.0",
        "tag_last_pushed": "2023-02-20T20:48:50.209913Z"
    },
    {
        "name": "v4.9.1",
        "tag_last_pushed": "2023-02-06T20:02:49.121369Z"
    },
    {
        "name": "v4.9.0",
        "tag_last_pushed": "2022-11-21T11:23:29.038909Z"
    },
    {
        "name": "v4.8.0",
        "tag_last_pushed": "2022-10-03T11:05:43.665319Z"
    },
    {
        "name": "v4.7.0",
        "tag_last_pushed": "2022-06-27T10:42:08.287731Z"
    },
    {
        "name": "v4.6.0",
        "tag_last_pushed": "2022-05-25T08:15:09.419394Z"
    },
    {
        "name": "v4.5.3",
        "tag_last_pushed": "2022-05-24T22:57:59.136133Z"
    },
    {
        "name": "v4.5.2",
        "tag_last_pushed": "2021-10-04T09:53:39.022672Z"
    },
    {
        "name": "v4.4.0",
        "tag_last_pushed": "2021-09-28T19:21:11.490323Z"
    },
    {
        "name": "v4.3.1",
        "tag_last_pushed": "2021-06-07T09:54:11.969512Z"
    },
    {
        "name": "v4.3.0",
        "tag_last_pushed": "2021-03-11T00:31:02.245926Z"
    },
    {
        "name": "v4.2.0",
        "tag_last_pushed": "2021-02-17T19:09:29.673811Z"
    },
    {
        "name": "4.2.0",
        "tag_last_pushed": "2021-01-24T19:28:55.646636Z"
    },
    {
        "name": "4.1.3",
        "tag_last_pushed": "2021-01-15T10:48:09.218195Z"
    }
]