[
    {
        "name": "latest-no-faccessat2",
        "tag_last_pushed": "2023-02-12T12:47:00.500321Z"
    },
    {
        "name": "1.9.0-no-faccessat2",
        "tag_last_pushed": "2023-02-12T12:46:57.183781Z"
    },
    {
        "name": "latest",
        "tag_last_pushed": "2023-02-12T12:45:55.336837Z"
    },
    {
        "name": "1.9.0",
        "tag_last_pushed": "2023-02-12T12:45:52.216166Z"
    },
    {
        "name": "1.8.2-no-faccessat2",
        "tag_last_pushed": "2022-10-19T21:54:42.35431Z"
    },
    {
        "name": "1.8.2",
        "tag_last_pushed": "2022-10-19T21:53:55.780936Z"
    },
    {
        "name": "1.8.1-no-faccessat2",
        "tag_last_pushed": "2022-10-19T20:43:04.078406Z"
    },
    {
        "name": "1.8.1",
        "tag_last_pushed": "2022-10-19T20:42:06.984491Z"
    },
    {
        "name": "1.8.0-no-faccessat2",
        "tag_last_pushed": "2022-09-14T23:50:49.136587Z"
    },
    {
        "name": "1.8.0",
        "tag_last_pushed": "2022-09-14T23:50:01.51525Z"
    },
    {
        "name": "v1.8.0-seccomp-test-no-faccessat2",
        "tag_last_pushed": "2022-07-23T06:18:03.567246Z"
    },
    {
        "name": "1.7.0",
        "tag_last_pushed": "2022-05-14T00:27:51.892966Z"
    },
    {
        "name": "1.6.1",
        "tag_last_pushed": "2022-05-13T22:35:48.083336Z"
    },
    {
        "name": "1.6.0",
        "tag_last_pushed": "2022-05-01T13:51:16.638968Z"
    },
    {
        "name": "1.5.0",
        "tag_last_pushed": "2022-05-01T08:05:50.097372Z"
    },
    {
        "name": "1.4.1",
        "tag_last_pushed": "2022-04-30T20:55:21.820906Z"
    },
    {
        "name": "v1.6.0",
        "tag_last_pushed": "2022-04-30T20:37:39.453583Z"
    },
    {
        "name": "v1.5.0",
        "tag_last_pushed": "2022-04-30T20:35:37.196171Z"
    },
    {
        "name": "v1.4.1",
        "tag_last_pushed": "2022-04-30T20:32:12.338976Z"
    },
    {
        "name": "TAG_VERSION",
        "tag_last_pushed": "2021-07-23T23:07:12.727757Z"
    },
    {
        "name": "1.2.1",
        "tag_last_pushed": "2020-07-06T14:23:47.221874Z"
    },
    {
        "name": "v1.2.1",
        "tag_last_pushed": "2020-07-06T14:23:39.072741Z"
    },
    {
        "name": "v1.1.0",
        "tag_last_pushed": "2018-08-16T16:07:16.420807Z"
    },
    {
        "name": "v1.1",
        "tag_last_pushed": "2018-08-16T16:07:14.719443Z"
    },
    {
        "name": "v1",
        "tag_last_pushed": "2018-08-16T16:07:13.303878Z"
    },
    {
        "name": "1",
        "tag_last_pushed": "2018-06-11T13:32:13.020375Z"
    },
    {
        "name": "1.0",
        "tag_last_pushed": "2018-06-11T13:32:00.020805Z"
    },
    {
        "name": "1.0.1",
        "tag_last_pushed": "2018-06-11T13:31:48.511022Z"
    }
]