[
    {
        "name": "1.10",
        "tag_last_pushed": "2021-12-21T12:20:11.675986Z"
    },
    {
        "name": "1.11",
        "tag_last_pushed": "2021-12-21T12:20:06.243284Z"
    },
    {
        "name": "1.12",
        "tag_last_pushed": "2021-12-21T12:19:51.622519Z"
    },
    {
        "name": "1.14",
        "tag_last_pushed": "2021-12-21T12:19:50.090132Z"
    },
    {
        "name": "1.13",
        "tag_last_pushed": "2021-12-21T12:19:47.283885Z"
    },
    {
        "name": "1.16",
        "tag_last_pushed": "2021-12-21T12:19:40.700438Z"
    },
    {
        "name": "1.15",
        "tag_last_pushed": "2021-12-21T12:19:33.836419Z"
    },
    {
        "name": "1.18",
        "tag_last_pushed": "2021-12-21T12:19:30.446198Z"
    },
    {
        "name": "1.17",
        "tag_last_pushed": "2021-12-21T12:19:24.595532Z"
    },
    {
        "name": "1.21",
        "tag_last_pushed": "2021-12-21T12:19:16.674748Z"
    },
    {
        "name": "1.19",
        "tag_last_pushed": "2021-12-21T12:19:14.093601Z"
    },
    {
        "name": "1.20",
        "tag_last_pushed": "2021-12-21T12:19:07.949006Z"
    },
    {
        "name": "1.23",
        "tag_last_pushed": "2021-12-21T12:19:05.962813Z"
    },
    {
        "name": "1.22",
        "tag_last_pushed": "2021-12-21T12:19:01.075565Z"
    },
    {
        "name": "1.26",
        "tag_last_pushed": "2021-12-21T12:18:50.448623Z"
    },
    {
        "name": "1.9",
        "tag_last_pushed": "2021-12-21T12:18:46.716571Z"
    },
    {
        "name": "1.24",
        "tag_last_pushed": "2021-12-21T12:18:45.54849Z"
    },
    {
        "name": "1.25",
        "tag_last_pushed": "2021-12-21T12:18:41.373452Z"
    },
    {
        "name": "latest",
        "tag_last_pushed": "2019-03-12T16:05:29.818019Z"
    },
    {
        "name": "alpine-3-9",
        "tag_last_pushed": "2019-03-12T13:14:06.700363Z"
    }
]