[
    {
        "name": "20230606",
        "tag_last_pushed": "2023-06-10T18:11:29.841824Z"
    },
    {
        "name": "latest",
        "tag_last_pushed": "2023-06-10T18:11:28.082942Z"
    },
    {
        "name": "20230606-lite",
        "tag_last_pushed": "2023-06-10T18:06:10.867206Z"
    },
    {
        "name": "lite",
        "tag_last_pushed": "2023-06-10T18:06:09.143736Z"
    },
    {
        "name": "20230604",
        "tag_last_pushed": "2023-06-04T18:10:28.395924Z"
    },
    {
        "name": "20230604-lite",
        "tag_last_pushed": "2023-06-04T18:06:31.828516Z"
    },
    {
        "name": "20230601",
        "tag_last_pushed": "2023-06-01T18:13:34.271057Z"
    },
    {
        "name": "20230601-lite",
        "tag_last_pushed": "2023-06-01T18:07:32.442023Z"
    },
    {
        "name": "20230530",
        "tag_last_pushed": "2023-05-31T18:10:00.971311Z"
    },
    {
        "name": "20230530-lite",
        "tag_last_pushed": "2023-05-31T18:06:18.531512Z"
    },
    {
        "name": "20230522",
        "tag_last_pushed": "2023-05-28T18:12:16.043104Z"
    },
    {
        "name": "20230522-lite",
        "tag_last_pushed": "2023-05-28T18:06:29.760268Z"
    },
    {
        "name": "20230518",
        "tag_last_pushed": "2023-05-19T18:08:45.578216Z"
    },
    {
        "name": "20230518-lite",
        "tag_last_pushed": "2023-05-19T18:06:18.91427Z"
    },
    {
        "name": "20230516",
        "tag_last_pushed": "2023-05-16T18:10:12.698518Z"
    },
    {
        "name": "20230516-lite",
        "tag_last_pushed": "2023-05-16T18:09:09.105152Z"
    },
    {
        "name": "20230512",
        "tag_last_pushed": "2023-05-13T18:12:16.267752Z"
    },
    {
        "name": "20230512-lite",
        "tag_last_pushed": "2023-05-13T18:06:01.143325Z"
    },
    {
        "name": "20230430",
        "tag_last_pushed": "2023-05-10T18:10:31.915374Z"
    },
    {
        "name": "20230430-lite",
        "tag_last_pushed": "2023-05-10T18:07:34.67836Z"
    },
    {
        "name": "20230428",
        "tag_last_pushed": "2023-04-28T18:11:07.639262Z"
    },
    {
        "name": "20230428-lite",
        "tag_last_pushed": "2023-04-28T18:09:31.420011Z"
    },
    {
        "name": "20230302",
        "tag_last_pushed": "2023-04-25T18:09:30.482953Z"
    },
    {
        "name": "20230302-lite",
        "tag_last_pushed": "2023-04-25T18:08:45.698757Z"
    },
    {
        "name": "20230301",
        "tag_last_pushed": "2023-03-01T18:14:53.886793Z"
    },
    {
        "name": "20230301-lite",
        "tag_last_pushed": "2023-03-01T18:12:06.487982Z"
    },
    {
        "name": "20230228",
        "tag_last_pushed": "2023-02-28T18:19:22.720942Z"
    },
    {
        "name": "20230228-lite",
        "tag_last_pushed": "2023-02-28T18:12:15.05123Z"
    },
    {
        "name": "20230222",
        "tag_last_pushed": "2023-02-28T06:37:33.969989Z"
    },
    {
        "name": "20230222-lite",
        "tag_last_pushed": "2023-02-28T06:31:37.331955Z"
    },
    {
        "name": "20230111",
        "tag_last_pushed": "2023-02-19T18:09:40.640054Z"
    },
    {
        "name": "20230111-lite",
        "tag_last_pushed": "2023-02-19T18:06:52.59932Z"
    },
    {
        "name": "20230102",
        "tag_last_pushed": "2023-01-07T18:09:18.396741Z"
    },
    {
        "name": "20230102-lite",
        "tag_last_pushed": "2023-01-07T18:08:43.878549Z"
    },
    {
        "name": "dev",
        "tag_last_pushed": "2022-03-05T06:44:40.446375Z"
    }
]