[
    {
        "name": "latest",
        "tag_last_pushed": "2018-04-08T18:24:14.658774Z"
    },
    {
        "name": "v2.6",
        "tag_last_pushed": "2018-04-07T21:13:33.407837Z"
    },
    {
        "name": "v2.4",
        "tag_last_pushed": "2018-04-07T13:06:28.932783Z"
    },
    {
        "name": "v2.3",
        "tag_last_pushed": "2017-11-14T02:23:04.833833Z"
    },
    {
        "name": "v2.2",
        "tag_last_pushed": "2017-11-02T11:29:07.500794Z"
    },
    {
        "name": "v2.1",
        "tag_last_pushed": "2017-02-22T05:48:06.611485Z"
    },
    {
        "name": "v2.0",
        "tag_last_pushed": "2017-02-08T01:24:33.70758Z"
    },
    {
        "name": "v1.0",
        "tag_last_pushed": "2016-12-02T01:39:08.956659Z"
    }
]