[
    {
        "name": "2.1.1",
        "tag_last_pushed": "2018-11-14T14:23:50.558574Z"
    },
    {
        "name": "2.1.3",
        "tag_last_pushed": "2018-11-14T14:13:17.850559Z"
    },
    {
        "name": "2.2.4",
        "tag_last_pushed": "2018-11-14T13:12:19.924545Z"
    },
    {
        "name": "2.2.7",
        "tag_last_pushed": "2018-11-14T12:56:30.343Z"
    },
    {
        "name": "2.4.1",
        "tag_last_pushed": "2018-11-14T11:42:55.915372Z"
    },
    {
        "name": "2.2.2",
        "tag_last_pushed": "2018-11-14T00:35:15.970519Z"
    },
    {
        "name": "2.2.3",
        "tag_last_pushed": "2018-11-14T00:26:04.141339Z"
    },
    {
        "name": "2.3.0",
        "tag_last_pushed": "2018-11-13T23:01:24.325894Z"
    },
    {
        "name": "2.3.3",
        "tag_last_pushed": "2018-11-13T22:34:59.414081Z"
    },
    {
        "name": "2.3.6",
        "tag_last_pushed": "2018-11-13T22:05:25.402805Z"
    },
    {
        "name": "2.3.7",
        "tag_last_pushed": "2018-11-13T21:58:52.418634Z"
    },
    {
        "name": "2.4.0.preview2",
        "tag_last_pushed": "2018-11-13T21:42:02.785648Z"
    },
    {
        "name": "2.4.0.preview3",
        "tag_last_pushed": "2018-11-13T21:30:50.553955Z"
    },
    {
        "name": "2.4.0.rc1",
        "tag_last_pushed": "2018-11-13T21:21:29.893079Z"
    },
    {
        "name": "2.4.0",
        "tag_last_pushed": "2018-11-13T21:10:22.769952Z"
    },
    {
        "name": "2.4.2",
        "tag_last_pushed": "2018-11-13T20:46:05.243942Z"
    },
    {
        "name": "2.4.3",
        "tag_last_pushed": "2018-11-13T20:33:09.790418Z"
    },
    {
        "name": "2.5.0.rc1",
        "tag_last_pushed": "2018-11-13T20:07:53.052488Z"
    },
    {
        "name": "2.5.0",
        "tag_last_pushed": "2018-11-13T19:51:06.315634Z"
    },
    {
        "name": "2.5.1",
        "tag_last_pushed": "2018-11-13T19:41:19.686834Z"
    },
    {
        "name": "2.5.2",
        "tag_last_pushed": "2018-11-13T19:32:57.693491Z"
    },
    {
        "name": "2.4.5",
        "tag_last_pushed": "2018-11-13T19:21:47.428187Z"
    },
    {
        "name": "2.1.4",
        "tag_last_pushed": "2018-11-13T18:06:08.838911Z"
    },
    {
        "name": "2.5.3",
        "tag_last_pushed": "2018-11-13T17:50:27.728574Z"
    },
    {
        "name": "2.6.0.preview2",
        "tag_last_pushed": "2018-11-13T17:36:07.968557Z"
    },
    {
        "name": "2.6.0.preview3",
        "tag_last_pushed": "2018-11-13T17:34:54.92231Z"
    },
    {
        "name": "2.6.0.preview1",
        "tag_last_pushed": "2018-11-13T17:32:23.508055Z"
    }
]