[
    {
        "name": "17.4.3",
        "tag_last_pushed": "2021-05-12T21:20:17.029724Z"
    },
    {
        "name": "17.4.2",
        "tag_last_pushed": "2021-05-07T17:15:06.23107Z"
    },
    {
        "name": "17.4.1",
        "tag_last_pushed": "2021-03-04T00:25:53.792876Z"
    },
    {
        "name": "17.4.0",
        "tag_last_pushed": "2021-03-03T21:14:23.754703Z"
    },
    {
        "name": "17.3.9",
        "tag_last_pushed": "2021-02-13T04:07:07.082237Z"
    },
    {
        "name": "17.3.8",
        "tag_last_pushed": "2021-02-11T10:20:11.859577Z"
    },
    {
        "name": "17.3.7",
        "tag_last_pushed": "2021-02-06T11:58:08.144382Z"
    },
    {
        "name": "17.2.3",
        "tag_last_pushed": "2020-12-09T18:18:37.839876Z"
    },
    {
        "name": "17.1.1",
        "tag_last_pushed": "2020-06-25T18:19:07.953662Z"
    },
    {
        "name": "17.1.0",
        "tag_last_pushed": "2020-06-22T20:32:33.011616Z"
    },
    {
        "name": "17.0.8",
        "tag_last_pushed": "2020-05-24T21:33:16.089324Z"
    },
    {
        "name": "17.0.7",
        "tag_last_pushed": "2020-04-21T21:59:29.945233Z"
    },
    {
        "name": "17.0.6",
        "tag_last_pushed": "2020-04-21T12:30:40.27749Z"
    },
    {
        "name": "17.0.2",
        "tag_last_pushed": "2020-01-31T18:59:27.505234Z"
    },
    {
        "name": "17.0.1",
        "tag_last_pushed": "2020-01-31T11:25:20.507139Z"
    },
    {
        "name": "15.13.3",
        "tag_last_pushed": "2019-01-11T09:50:50.312689Z"
    },
    {
        "name": "15.13.2",
        "tag_last_pushed": "2018-12-27T20:32:52.351707Z"
    },
    {
        "name": "15.13.1",
        "tag_last_pushed": "2018-12-16T23:01:36.009447Z"
    },
    {
        "name": "15.13.0",
        "tag_last_pushed": "2018-12-15T00:46:35.914385Z"
    },
    {
        "name": "15.12.5",
        "tag_last_pushed": "2018-12-11T22:55:35.305276Z"
    },
    {
        "name": "15.12.4",
        "tag_last_pushed": "2018-12-03T22:54:51.951061Z"
    },
    {
        "name": "15.12.3",
        "tag_last_pushed": "2018-11-29T01:54:18.715209Z"
    },
    {
        "name": "15.12.2",
        "tag_last_pushed": "2018-11-27T06:59:55.758197Z"
    },
    {
        "name": "15.12.1",
        "tag_last_pushed": "2018-11-21T17:57:12.250739Z"
    },
    {
        "name": "15.12.0",
        "tag_last_pushed": "2018-11-14T22:06:08.96753Z"
    },
    {
        "name": "15.11.0",
        "tag_last_pushed": "2018-11-13T13:09:34.195714Z"
    },
    {
        "name": "15.10.8",
        "tag_last_pushed": "2018-11-06T23:58:27.703031Z"
    },
    {
        "name": "15.10.7",
        "tag_last_pushed": "2018-11-02T21:10:22.146371Z"
    },
    {
        "name": "15.10.6",
        "tag_last_pushed": "2018-10-27T13:54:58.081119Z"
    },
    {
        "name": "15.10.3",
        "tag_last_pushed": "2018-10-17T22:03:38.642761Z"
    },
    {
        "name": "15.9.17",
        "tag_last_pushed": "2018-10-04T11:06:56.817925Z"
    },
    {
        "name": "15.9.16",
        "tag_last_pushed": "2018-09-20T05:03:45.211873Z"
    },
    {
        "name": "15.9.15",
        "tag_last_pushed": "2018-09-11T18:00:06.21798Z"
    },
    {
        "name": "15.9.14",
        "tag_last_pushed": "2018-09-07T23:24:11.03049Z"
    },
    {
        "name": "15.9.13",
        "tag_last_pushed": "2018-09-07T16:35:39.31867Z"
    },
    {
        "name": "15.9.12",
        "tag_last_pushed": "2018-08-27T21:33:53.037418Z"
    },
    {
        "name": "15.9.11",
        "tag_last_pushed": "2018-08-26T21:37:48.657781Z"
    },
    {
        "name": "15.9.9",
        "tag_last_pushed": "2018-08-18T17:45:43.23202Z"
    },
    {
        "name": "15.9.8",
        "tag_last_pushed": "2018-08-11T10:03:42.671882Z"
    },
    {
        "name": "15.9.6",
        "tag_last_pushed": "2018-08-08T18:19:53.130001Z"
    },
    {
        "name": "15.9.5",
        "tag_last_pushed": "2018-08-05T02:09:28.330874Z"
    },
    {
        "name": "15.9.3",
        "tag_last_pushed": "2018-08-01T00:49:07.246693Z"
    },
    {
        "name": "15.9.2",
        "tag_last_pushed": "2018-07-30T19:40:46.005915Z"
    },
    {
        "name": "15.9.1",
        "tag_last_pushed": "2018-07-30T05:14:39.080356Z"
    },
    {
        "name": "15.8.1",
        "tag_last_pushed": "2018-07-21T10:28:08.848212Z"
    },
    {
        "name": "15.8.0",
        "tag_last_pushed": "2018-07-17T07:29:55.05588Z"
    },
    {
        "name": "15.7.2",
        "tag_last_pushed": "2018-07-16T05:08:08.458577Z"
    },
    {
        "name": "15.7.1",
        "tag_last_pushed": "2018-07-11T19:27:25.475905Z"
    },
    {
        "name": "15.7.0",
        "tag_last_pushed": "2018-07-10T18:35:16.022261Z"
    },
    {
        "name": "15.6.3",
        "tag_last_pushed": "2018-07-06T18:41:00.558124Z"
    }
]