[
    {
        "name": "jan",
        "tag_last_pushed": "2018-01-03T11:24:54.777233Z"
    },
    {
        "name": "xmas",
        "tag_last_pushed": "2017-12-21T21:42:29.164441Z"
    },
    {
        "name": "sync-pool",
        "tag_last_pushed": "2017-12-20T09:17:27.784918Z"
    },
    {
        "name": "index-cache",
        "tag_last_pushed": "2017-12-13T16:48:52.876948Z"
    },
    {
        "name": "posting-fix",
        "tag_last_pushed": "2017-12-13T13:35:57.201724Z"
    },
    {
        "name": "yolo",
        "tag_last_pushed": "2017-12-08T12:55:56.604642Z"
    },
    {
        "name": "latest",
        "tag_last_pushed": "2017-12-07T14:30:58.221273Z"
    }
]