[
    {
        "name": "v4.9.2",
        "tag_last_pushed": "2018-05-09T02:20:45.589994Z"
    },
    {
        "name": "travis-8",
        "tag_last_pushed": "2018-05-09T02:20:45.121712Z"
    },
    {
        "name": "f86693d3",
        "tag_last_pushed": "2018-05-09T02:20:44.541831Z"
    },
    {
        "name": "travis-7",
        "tag_last_pushed": "2018-05-09T02:15:24.020254Z"
    },
    {
        "name": "latest",
        "tag_last_pushed": "2018-05-09T02:15:23.166448Z"
    },
    {
        "name": "v4.6.1",
        "tag_last_pushed": "2018-02-01T07:14:16.520917Z"
    },
    {
        "name": "v4.2.0",
        "tag_last_pushed": "2017-09-16T08:20:39.96466Z"
    },
    {
        "name": "v4.1.0",
        "tag_last_pushed": "2017-08-18T21:42:44.558881Z"
    },
    {
        "name": "v3.10.0",
        "tag_last_pushed": "2017-06-16T09:52:51.417118Z"
    },
    {
        "name": "v3.8.1",
        "tag_last_pushed": "2017-04-20T08:37:23.021165Z"
    },
    {
        "name": "v3.5.0",
        "tag_last_pushed": "2016-11-16T05:53:41.197968Z"
    },
    {
        "name": "3.4.0",
        "tag_last_pushed": "2016-10-18T08:53:18.412714Z"
    },
    {
        "name": "3.3.0",
        "tag_last_pushed": "2016-08-25T04:01:32.554546Z"
    },
    {
        "name": "3.2.0",
        "tag_last_pushed": "2016-08-13T12:39:45.836076Z"
    }
]