[
    {
        "name": "6.7-git",
        "tag_last_pushed": "2020-10-22T09:33:30.469733Z"
    },
    {
        "name": "6.7",
        "tag_last_pushed": "2020-10-22T09:23:39.13319Z"
    },
    {
        "name": "6.6-git",
        "tag_last_pushed": "2020-10-22T09:20:38.285593Z"
    },
    {
        "name": "6.6",
        "tag_last_pushed": "2020-08-18T06:38:27.295244Z"
    },
    {
        "name": "6.3",
        "tag_last_pushed": "2020-03-27T15:56:59.076998Z"
    },
    {
        "name": "6.1.1",
        "tag_last_pushed": "2020-02-11T13:21:23.795085Z"
    },
    {
        "name": "6.1",
        "tag_last_pushed": "2020-01-19T16:19:52.041867Z"
    },
    {
        "name": "6.0.1",
        "tag_last_pushed": "2019-11-26T18:10:22.32863Z"
    },
    {
        "name": "5.6.3",
        "tag_last_pushed": "2019-10-20T22:06:25.72011Z"
    },
    {
        "name": "5.6.2",
        "tag_last_pushed": "2019-09-06T03:58:24.93969Z"
    },
    {
        "name": "5.6.1",
        "tag_last_pushed": "2019-08-30T15:00:13.702063Z"
    }
]