[
    {
        "name": "x86_64-python-3.11.4",
        "tag_last_pushed": "2023-06-12T22:01:27.380288Z"
    },
    {
        "name": "x86_64-lab-4.0.2",
        "tag_last_pushed": "2023-06-12T22:01:26.556709Z"
    },
    {
        "name": "x86_64-hub-4.0.1",
        "tag_last_pushed": "2023-06-12T22:01:26.300925Z"
    },
    {
        "name": "x86_64-e8b5a3cd1522",
        "tag_last_pushed": "2023-06-12T22:01:26.253113Z"
    },
    {
        "name": "x86_64-2023-06-12",
        "tag_last_pushed": "2023-06-12T22:01:25.960679Z"
    },
    {
        "name": "hub-4.0.1",
        "tag_last_pushed": "2023-06-12T04:57:47.205773Z"
    },
    {
        "name": "python-3.11.4",
        "tag_last_pushed": "2023-06-12T04:57:43.252048Z"
    },
    {
        "name": "2023-06-12",
        "tag_last_pushed": "2023-06-12T04:57:38.981971Z"
    },
    {
        "name": "lab-4.0.2",
        "tag_last_pushed": "2023-06-12T04:57:22.532435Z"
    },
    {
        "name": "latest",
        "tag_last_pushed": "2023-06-06T16:57:06.620544Z"
    },
    {
        "name": "ubuntu-22.04",
        "tag_last_pushed": "2023-06-06T16:57:03.61679Z"
    },
    {
        "name": "r-4.2.3",
        "tag_last_pushed": "2023-06-06T16:57:00.993879Z"
    },
    {
        "name": "notebook-6.5.4",
        "tag_last_pushed": "2023-06-06T16:56:57.960826Z"
    },
    {
        "name": "2023-06-06",
        "tag_last_pushed": "2023-06-06T16:56:55.211509Z"
    },
    {
        "name": "hub-4.0.0",
        "tag_last_pushed": "2023-06-06T16:56:52.226973Z"
    },
    {
        "name": "lab-4.0.1",
        "tag_last_pushed": "2023-06-06T16:56:49.424543Z"
    },
    {
        "name": "python-3.11.3",
        "tag_last_pushed": "2023-06-06T16:56:46.55075Z"
    },
    {
        "name": "python-3.11",
        "tag_last_pushed": "2023-06-06T16:56:43.732689Z"
    },
    {
        "name": "9e3ab9075a5e",
        "tag_last_pushed": "2023-06-06T16:56:40.941457Z"
    },
    {
        "name": "x86_64-ubuntu-22.04",
        "tag_last_pushed": "2023-06-06T16:50:30.460451Z"
    },
    {
        "name": "x86_64-r-4.2.3",
        "tag_last_pushed": "2023-06-06T16:50:30.266757Z"
    },
    {
        "name": "x86_64-python-3.11.3",
        "tag_last_pushed": "2023-06-06T16:50:30.075834Z"
    },
    {
        "name": "x86_64-python-3.11",
        "tag_last_pushed": "2023-06-06T16:50:29.812105Z"
    },
    {
        "name": "x86_64-notebook-6.5.4",
        "tag_last_pushed": "2023-06-06T16:50:29.593886Z"
    },
    {
        "name": "x86_64-latest",
        "tag_last_pushed": "2023-06-06T16:50:29.393343Z"
    },
    {
        "name": "x86_64-lab-4.0.1",
        "tag_last_pushed": "2023-06-06T16:50:29.191443Z"
    },
    {
        "name": "x86_64-hub-4.0.0",
        "tag_last_pushed": "2023-06-06T16:50:28.906813Z"
    },
    {
        "name": "x86_64-9e3ab9075a5e",
        "tag_last_pushed": "2023-06-06T16:50:28.774893Z"
    },
    {
        "name": "x86_64-2023-06-06",
        "tag_last_pushed": "2023-06-06T16:50:28.585952Z"
    },
    {
        "name": "2023-06-05",
        "tag_last_pushed": "2023-06-05T22:36:20.388045Z"
    },
    {
        "name": "63d4f3d1b713",
        "tag_last_pushed": "2023-06-05T22:36:17.65852Z"
    },
    {
        "name": "x86_64-63d4f3d1b713",
        "tag_last_pushed": "2023-06-05T22:29:51.078512Z"
    },
    {
        "name": "x86_64-2023-06-05",
        "tag_last_pushed": "2023-06-05T22:29:50.233512Z"
    },
    {
        "name": "5c660db02e58",
        "tag_last_pushed": "2023-06-05T05:11:38.686339Z"
    },
    {
        "name": "x86_64-5c660db02e58",
        "tag_last_pushed": "2023-06-05T04:41:41.442562Z"
    },
    {
        "name": "2023-06-04",
        "tag_last_pushed": "2023-06-04T21:20:35.602516Z"
    },
    {
        "name": "x86_64-2023-06-04",
        "tag_last_pushed": "2023-06-04T21:15:02.380007Z"
    },
    {
        "name": "88392974b86d",
        "tag_last_pushed": "2023-06-04T10:17:22.253827Z"
    },
    {
        "name": "x86_64-88392974b86d",
        "tag_last_pushed": "2023-06-04T10:10:47.097422Z"
    },
    {
        "name": "2023-06-03",
        "tag_last_pushed": "2023-06-03T22:10:31.908265Z"
    },
    {
        "name": "43519f20f464",
        "tag_last_pushed": "2023-06-03T22:10:14.111275Z"
    },
    {
        "name": "x86_64-43519f20f464",
        "tag_last_pushed": "2023-06-03T22:02:29.010259Z"
    },
    {
        "name": "x86_64-2023-06-03",
        "tag_last_pushed": "2023-06-03T22:02:28.841081Z"
    }
]