[
    {
        "name": "9ed158c1f63a059cde4fd5f8b95af51d452d9aa7",
        "tag_last_pushed": "2020-11-15T19:11:36.073991Z"
    },
    {
        "name": "latest",
        "tag_last_pushed": "2020-11-15T19:11:28.94031Z"
    },
    {
        "name": "9ed158c1f63a059cde4fd5f8b95af51d452d9aa7-amd64",
        "tag_last_pushed": "2020-11-05T19:10:28.989354Z"
    },
    {
        "name": "bbd06c48bdffa92318bafd7977ca2645b372c0eb",
        "tag_last_pushed": "2020-11-04T19:17:15.25428Z"
    },
    {
        "name": "bbd06c48bdffa92318bafd7977ca2645b372c0eb-amd64",
        "tag_last_pushed": "2020-11-03T19:16:52.198138Z"
    },
    {
        "name": "2f8d939b3fd667882466baf148699bf6be295647",
        "tag_last_pushed": "2020-11-02T19:14:32.410584Z"
    },
    {
        "name": "2f8d939b3fd667882466baf148699bf6be295647-amd64",
        "tag_last_pushed": "2020-10-30T19:10:25.717757Z"
    },
    {
        "name": "5afb142c691d13fd6b67e82aca7cf72ed1d9ff99",
        "tag_last_pushed": "2020-10-29T19:19:54.051883Z"
    },
    {
        "name": "5afb142c691d13fd6b67e82aca7cf72ed1d9ff99-amd64",
        "tag_last_pushed": "2020-10-29T19:10:31.360431Z"
    },
    {
        "name": "be3f9c23a6347bb0474d2a369b3b61e9a199e7f7",
        "tag_last_pushed": "2020-10-28T19:15:41.167853Z"
    },
    {
        "name": "be3f9c23a6347bb0474d2a369b3b61e9a199e7f7-amd64",
        "tag_last_pushed": "2020-10-23T19:20:46.365779Z"
    },
    {
        "name": "b106aa9a1b6e2dd42a970fa7cb1d5f816bcd92bb",
        "tag_last_pushed": "2020-10-19T19:18:54.455598Z"
    },
    {
        "name": "b106aa9a1b6e2dd42a970fa7cb1d5f816bcd92bb-amd64",
        "tag_last_pushed": "2020-10-17T19:09:59.337551Z"
    },
    {
        "name": "a310cc6d1cd449f95cedd23393de766fdc649651",
        "tag_last_pushed": "2020-10-16T19:17:22.741556Z"
    },
    {
        "name": "a310cc6d1cd449f95cedd23393de766fdc649651-amd64",
        "tag_last_pushed": "2020-10-10T19:09:47.833973Z"
    },
    {
        "name": "5f4e2f136633d241444129517a4e75ebf44065c7-amd64",
        "tag_last_pushed": "2020-10-09T19:09:51.035612Z"
    },
    {
        "name": "0ef3a6b5258ea0467edb0dd4e33ed5b056ce180e",
        "tag_last_pushed": "2020-10-06T19:15:40.874637Z"
    },
    {
        "name": "0ef3a6b5258ea0467edb0dd4e33ed5b056ce180e-amd64",
        "tag_last_pushed": "2020-10-02T19:10:56.421309Z"
    },
    {
        "name": "6c70f167dffde75618dc36c016414c8bcbc797e5",
        "tag_last_pushed": "2020-10-01T19:15:04.932771Z"
    },
    {
        "name": "6c70f167dffde75618dc36c016414c8bcbc797e5-amd64",
        "tag_last_pushed": "2020-10-01T19:09:45.153814Z"
    },
    {
        "name": "f21435caeeec444211d294f77a33501c3dcbea07",
        "tag_last_pushed": "2020-09-30T19:18:12.43751Z"
    },
    {
        "name": "f21435caeeec444211d294f77a33501c3dcbea07-amd64",
        "tag_last_pushed": "2020-09-10T19:10:15.085872Z"
    },
    {
        "name": "cb77f2aa312da50a7b0d1f1a9529e52f3e79053a-amd64",
        "tag_last_pushed": "2020-09-09T19:10:05.801519Z"
    },
    {
        "name": "f20f495051627b988c7449e9b163a4f9f30cc044-amd64",
        "tag_last_pushed": "2020-08-29T19:25:29.569024Z"
    },
    {
        "name": "146ec6a9cd6f87b4a12e8119ded575d5edca35ac",
        "tag_last_pushed": "2020-08-26T19:14:50.195685Z"
    },
    {
        "name": "146ec6a9cd6f87b4a12e8119ded575d5edca35ac-amd64",
        "tag_last_pushed": "2020-08-18T19:08:35.237817Z"
    },
    {
        "name": "0c7e1644cb8b4fe597cf89caf179ef603fc43c7a-amd64",
        "tag_last_pushed": "2020-08-14T19:10:13.244297Z"
    },
    {
        "name": "1bf66ef4358625c65e7a95b2227610ac579e201a-amd64",
        "tag_last_pushed": "2020-08-13T19:12:37.888562Z"
    },
    {
        "name": "c480a063475e2b0af66214af4c065fc6000f36a3",
        "tag_last_pushed": "2020-08-03T19:13:53.511054Z"
    },
    {
        "name": "c480a063475e2b0af66214af4c065fc6000f36a3-amd64",
        "tag_last_pushed": "2020-07-29T19:12:03.091598Z"
    },
    {
        "name": "0c71a1bb0ea1eb619ea369a72cd0d6763790aa3f",
        "tag_last_pushed": "2020-07-28T19:12:17.369476Z"
    },
    {
        "name": "0c71a1bb0ea1eb619ea369a72cd0d6763790aa3f-amd64",
        "tag_last_pushed": "2020-07-03T19:10:42.651588Z"
    },
    {
        "name": "cdbd8af0578c56e2801b57461e9f417f9479d303",
        "tag_last_pushed": "2020-06-28T19:11:52.077312Z"
    },
    {
        "name": "cdbd8af0578c56e2801b57461e9f417f9479d303-amd64",
        "tag_last_pushed": "2020-06-24T19:09:45.138922Z"
    },
    {
        "name": "82f5ec961246bb1aca003f7b16089d96e3de758b",
        "tag_last_pushed": "2020-06-23T19:17:02.05733Z"
    },
    {
        "name": "82f5ec961246bb1aca003f7b16089d96e3de758b-amd64",
        "tag_last_pushed": "2020-06-16T19:09:11.53515Z"
    },
    {
        "name": "aeaea502e95a6b209a1d44922b260bb3e54f140d",
        "tag_last_pushed": "2020-06-15T19:15:05.635473Z"
    },
    {
        "name": "aeaea502e95a6b209a1d44922b260bb3e54f140d-amd64",
        "tag_last_pushed": "2020-06-13T19:09:00.557161Z"
    },
    {
        "name": "1033ad789b209e20c98f6202e49b292109d92a63-amd64",
        "tag_last_pushed": "2020-06-11T19:12:29.72506Z"
    },
    {
        "name": "8074a708635eac6e94b46b2539ed79dcc9355b84",
        "tag_last_pushed": "2020-06-04T19:11:29.505956Z"
    },
    {
        "name": "8074a708635eac6e94b46b2539ed79dcc9355b84-amd64",
        "tag_last_pushed": "2020-06-04T19:08:23.050152Z"
    },
    {
        "name": "c95fb4eb5777b67d6277e09d20b1bcfaf7431d65",
        "tag_last_pushed": "2020-06-03T19:12:52.266312Z"
    },
    {
        "name": "c95fb4eb5777b67d6277e09d20b1bcfaf7431d65-amd64",
        "tag_last_pushed": "2020-06-03T19:09:35.798415Z"
    },
    {
        "name": "e0f93578b6a61d5c91ee96a2393fc4f31fc1ef88",
        "tag_last_pushed": "2020-06-02T19:13:29.193902Z"
    },
    {
        "name": "e0f93578b6a61d5c91ee96a2393fc4f31fc1ef88-amd64",
        "tag_last_pushed": "2020-06-02T02:46:11.191578Z"
    },
    {
        "name": "d86e09bac1d6ac8936c0f7b48681acb4699a023f",
        "tag_last_pushed": "2020-05-23T15:10:42.432807Z"
    },
    {
        "name": "d86e09bac1d6ac8936c0f7b48681acb4699a023f-amd64",
        "tag_last_pushed": "2020-05-23T15:04:46.001167Z"
    },
    {
        "name": "cb11a9982cbf2bd207ced5b64fc524a60a6e14ac",
        "tag_last_pushed": "2020-05-18T16:19:33.982031Z"
    },
    {
        "name": "cb11a9982cbf2bd207ced5b64fc524a60a6e14ac-amd64",
        "tag_last_pushed": "2020-05-08T16:09:26.732338Z"
    },
    {
        "name": "0bcafd40fc93e4ada0a22deaf2cf29b68932cd3c",
        "tag_last_pushed": "2020-05-07T16:16:46.86041Z"
    }
]