[
    {
        "name": "3.1.0",
        "tag_last_pushed": "2022-04-06T17:58:23.12562Z"
    },
    {
        "name": "2.33.0",
        "tag_last_pushed": "2021-11-17T15:39:36.320285Z"
    },
    {
        "name": "2.31.0",
        "tag_last_pushed": "2021-09-15T13:18:27.761325Z"
    },
    {
        "name": "2.29.0",
        "tag_last_pushed": "2021-07-19T11:46:39.768066Z"
    },
    {
        "name": "2.28.0",
        "tag_last_pushed": "2021-06-17T10:38:42.852554Z"
    },
    {
        "name": "2.25.0",
        "tag_last_pushed": "2021-06-17T10:33:07.99481Z"
    }
]