[
    {
        "name": "2022-06-23",
        "tag_last_pushed": "2022-06-23T03:22:29.56789Z"
    },
    {
        "name": "latest",
        "tag_last_pushed": "2022-06-23T03:22:16.483421Z"
    },
    {
        "name": "2022-05-10",
        "tag_last_pushed": "2022-05-10T09:51:46.110059Z"
    },
    {
        "name": "2021-10-28",
        "tag_last_pushed": "2021-10-28T06:49:20.959696Z"
    },
    {
        "name": "2021-10-27",
        "tag_last_pushed": "2021-10-27T09:18:59.282287Z"
    },
    {
        "name": "base-2021-10",
        "tag_last_pushed": "2021-10-27T08:08:43.02915Z"
    },
    {
        "name": "2021-10-25",
        "tag_last_pushed": "2021-10-25T05:33:15.490366Z"
    },
    {
        "name": "base-2021-09",
        "tag_last_pushed": "2021-09-24T07:29:07.2863Z"
    }
]