[
    {
        "name": "4.0.0-beta13.4",
        "tag_last_pushed": "2017-12-09T09:04:52.96435Z"
    },
    {
        "name": "4.0.0-beta13.3",
        "tag_last_pushed": "2017-12-09T05:45:17.621591Z"
    },
    {
        "name": "4.0.0-in-memory",
        "tag_last_pushed": "2017-12-07T03:56:44.372387Z"
    },
    {
        "name": "4.0.0-beta13.2",
        "tag_last_pushed": "2017-12-07T03:07:34.268013Z"
    },
    {
        "name": "4.0.0-beta13.1",
        "tag_last_pushed": "2017-12-07T03:00:33.867734Z"
    },
    {
        "name": "4.0.0-beta13",
        "tag_last_pushed": "2017-12-06T02:24:28.928383Z"
    },
    {
        "name": "4.0.0-beta.11",
        "tag_last_pushed": "2017-05-09T02:33:17.76927Z"
    }
]