[
    {
        "name": "latest",
        "tag_last_pushed": "2022-10-10T20:52:41.423169Z"
    },
    {
        "name": "v0.12.0",
        "tag_last_pushed": "2021-01-15T23:28:53.951942Z"
    },
    {
        "name": "v0.11.3",
        "tag_last_pushed": "2021-01-15T23:24:55.970659Z"
    },
    {
        "name": "v0.11.2",
        "tag_last_pushed": "2020-10-24T23:03:54.692709Z"
    },
    {
        "name": "v0.10.2",
        "tag_last_pushed": "2019-12-06T01:37:27.547125Z"
    },
    {
        "name": "v0.9.5",
        "tag_last_pushed": "2019-12-06T01:34:23.769319Z"
    },
    {
        "name": "v0.10.0",
        "tag_last_pushed": "2019-12-06T01:28:55.48451Z"
    }
]