[
    {
        "name": "latest",
        "tag_last_pushed": "2023-05-29T05:08:04.241283Z"
    },
    {
        "name": "test",
        "tag_last_pushed": "2023-05-29T05:01:17.389018Z"
    },
    {
        "name": "1.0.0.7",
        "tag_last_pushed": "2023-02-13T04:11:38.569946Z"
    },
    {
        "name": "1.0.0.6",
        "tag_last_pushed": "2022-11-01T06:59:43.347938Z"
    },
    {
        "name": "1.0.0.5",
        "tag_last_pushed": "2022-07-07T09:48:03.591585Z"
    },
    {
        "name": "1.0.0.4",
        "tag_last_pushed": "2022-03-31T05:58:12.373596Z"
    }
]