[
    {
        "name": "latest",
        "tag_last_pushed": "2019-03-10T15:47:18.909333Z"
    },
    {
        "name": "0.17.1",
        "tag_last_pushed": "2019-03-10T14:04:08.671127Z"
    },
    {
        "name": "0.17.0",
        "tag_last_pushed": "2019-01-08T00:38:02.948517Z"
    },
    {
        "name": "0.17.0-rc.2",
        "tag_last_pushed": "2019-01-07T09:40:54.150267Z"
    },
    {
        "name": "0.16.2",
        "tag_last_pushed": "2019-01-07T09:21:39.948299Z"
    },
    {
        "name": "0.16.0",
        "tag_last_pushed": "2018-10-01T21:21:06.461604Z"
    },
    {
        "name": "9.1-0.15.0",
        "tag_last_pushed": "2018-07-24T13:33:57.612926Z"
    },
    {
        "name": "9.1-0.15.0rc2",
        "tag_last_pushed": "2018-07-14T21:18:05.316625Z"
    }
]