[
    {
        "name": "next",
        "tag_last_pushed": "2023-05-26T15:54:18.896711Z"
    },
    {
        "name": "latest",
        "tag_last_pushed": "2023-03-28T14:39:04.223308Z"
    },
    {
        "name": "6.3.2",
        "tag_last_pushed": "2023-03-28T14:39:03.280835Z"
    },
    {
        "name": "6.3",
        "tag_last_pushed": "2023-03-28T14:39:02.804344Z"
    },
    {
        "name": "6",
        "tag_last_pushed": "2023-03-28T14:39:02.206759Z"
    },
    {
        "name": "6.3.1",
        "tag_last_pushed": "2023-03-10T15:30:55.193055Z"
    },
    {
        "name": "6.3.0",
        "tag_last_pushed": "2023-02-23T19:16:06.485399Z"
    },
    {
        "name": "6.3.0-beta.1",
        "tag_last_pushed": "2023-02-23T18:29:29.188943Z"
    },
    {
        "name": "6.3-beta.1",
        "tag_last_pushed": "2023-02-23T18:29:27.99985Z"
    },
    {
        "name": "6-beta.1",
        "tag_last_pushed": "2023-02-23T18:29:27.269417Z"
    },
    {
        "name": "6.2.5",
        "tag_last_pushed": "2023-01-27T21:10:26.696381Z"
    },
    {
        "name": "6.2",
        "tag_last_pushed": "2023-01-27T21:10:25.124287Z"
    },
    {
        "name": "6.2.4",
        "tag_last_pushed": "2023-01-10T09:56:46.808921Z"
    },
    {
        "name": "6.2.3",
        "tag_last_pushed": "2023-01-03T16:12:35.027764Z"
    },
    {
        "name": "6.2.3-beta.1",
        "tag_last_pushed": "2022-12-29T15:26:49.078956Z"
    },
    {
        "name": "6.2-beta.1",
        "tag_last_pushed": "2022-12-29T15:26:47.606275Z"
    },
    {
        "name": "6.2.3-beta.0",
        "tag_last_pushed": "2022-12-19T19:51:55.237981Z"
    },
    {
        "name": "6.2-beta.0",
        "tag_last_pushed": "2022-12-19T19:51:54.08993Z"
    },
    {
        "name": "6-beta.0",
        "tag_last_pushed": "2022-12-19T19:51:52.991757Z"
    },
    {
        "name": "6.2.2",
        "tag_last_pushed": "2022-12-12T20:49:32.572621Z"
    },
    {
        "name": "6.2.1",
        "tag_last_pushed": "2022-11-30T14:04:29.946539Z"
    },
    {
        "name": "6.2.0",
        "tag_last_pushed": "2022-11-28T18:33:55.294848Z"
    },
    {
        "name": "6.2.0-beta.0",
        "tag_last_pushed": "2022-11-23T19:34:36.00211Z"
    },
    {
        "name": "6.1.2-alpha.0",
        "tag_last_pushed": "2022-09-23T09:08:06.372136Z"
    },
    {
        "name": "6.1-alpha.0",
        "tag_last_pushed": "2022-09-23T09:08:05.221971Z"
    },
    {
        "name": "6-alpha.0",
        "tag_last_pushed": "2022-09-23T09:08:03.829498Z"
    },
    {
        "name": "6.1.0",
        "tag_last_pushed": "2022-09-09T15:57:54.764655Z"
    },
    {
        "name": "6.1",
        "tag_last_pushed": "2022-09-09T15:57:52.104841Z"
    },
    {
        "name": "6.1.0-beta.0",
        "tag_last_pushed": "2022-09-09T09:47:41.042854Z"
    },
    {
        "name": "6.1-beta.0",
        "tag_last_pushed": "2022-09-09T09:47:39.669246Z"
    },
    {
        "name": "6.0.1",
        "tag_last_pushed": "2022-08-26T17:37:50.334549Z"
    },
    {
        "name": "6.0",
        "tag_last_pushed": "2022-08-26T17:37:48.129328Z"
    },
    {
        "name": "6.0.1-beta.2",
        "tag_last_pushed": "2022-08-26T17:08:26.960543Z"
    },
    {
        "name": "6.0-beta.2",
        "tag_last_pushed": "2022-08-26T17:08:26.304683Z"
    },
    {
        "name": "6-beta.2",
        "tag_last_pushed": "2022-08-26T17:08:25.692923Z"
    },
    {
        "name": "6.0.1-beta.1",
        "tag_last_pushed": "2022-08-26T10:03:33.916636Z"
    },
    {
        "name": "6.0-beta.1",
        "tag_last_pushed": "2022-08-26T10:03:32.58104Z"
    },
    {
        "name": "6.0.1-beta.0",
        "tag_last_pushed": "2022-08-24T14:15:53.274731Z"
    },
    {
        "name": "6.0-beta.0",
        "tag_last_pushed": "2022-08-24T14:15:52.495316Z"
    },
    {
        "name": "6.0.0",
        "tag_last_pushed": "2022-08-23T07:41:38.012195Z"
    },
    {
        "name": "6.0.0-beta.10",
        "tag_last_pushed": "2022-08-15T17:47:46.998688Z"
    },
    {
        "name": "6.0-beta.10",
        "tag_last_pushed": "2022-08-15T17:47:46.566778Z"
    },
    {
        "name": "6-beta.10",
        "tag_last_pushed": "2022-08-15T17:47:45.869471Z"
    },
    {
        "name": "6.0.0-beta.9",
        "tag_last_pushed": "2022-08-10T17:13:39.987125Z"
    },
    {
        "name": "6.0-beta.9",
        "tag_last_pushed": "2022-08-10T17:13:39.352655Z"
    },
    {
        "name": "6-beta.9",
        "tag_last_pushed": "2022-08-10T17:13:38.631695Z"
    },
    {
        "name": "6.0.0-beta.8",
        "tag_last_pushed": "2022-07-25T23:38:40.996444Z"
    },
    {
        "name": "6.0-beta.8",
        "tag_last_pushed": "2022-07-25T23:38:40.542585Z"
    },
    {
        "name": "6-beta.8",
        "tag_last_pushed": "2022-07-25T23:38:40.05816Z"
    },
    {
        "name": "6.0.0-beta.7",
        "tag_last_pushed": "2022-07-20T21:43:33.69491Z"
    }
]