[
    {
        "name": "race",
        "tag_last_pushed": "2018-04-25T18:58:43.69833Z"
    },
    {
        "name": "latest",
        "tag_last_pushed": "2018-04-25T18:58:42.871046Z"
    },
    {
        "name": "cab5d96bb3268cffd2f60709fadd762b9d0f8b83",
        "tag_last_pushed": "2018-04-25T18:58:41.240459Z"
    },
    {
        "name": "41eab832556a5e49fd0b45aa83b12cfc0fac6bc3",
        "tag_last_pushed": "2018-04-25T18:58:34.126474Z"
    },
    {
        "name": "32693042e52615e6322b694a5c9fa4ca9a97a802",
        "tag_last_pushed": "2018-04-25T18:58:32.08215Z"
    },
    {
        "name": "14f6bb2a9457150101c1dc896943eb08d53b2fc3",
        "tag_last_pushed": "2018-04-25T18:58:28.951165Z"
    }
]