[
    {
        "name": "x86_64-python-3.11.4",
        "tag_last_pushed": "2023-06-12T22:05:18.539549Z"
    },
    {
        "name": "x86_64-lab-4.0.2",
        "tag_last_pushed": "2023-06-12T22:05:16.342516Z"
    },
    {
        "name": "x86_64-hub-4.0.1",
        "tag_last_pushed": "2023-06-12T22:05:15.455396Z"
    },
    {
        "name": "x86_64-e8b5a3cd1522",
        "tag_last_pushed": "2023-06-12T22:05:14.598608Z"
    },
    {
        "name": "x86_64-2023-06-12",
        "tag_last_pushed": "2023-06-12T22:05:13.966607Z"
    },
    {
        "name": "lab-4.0.2",
        "tag_last_pushed": "2023-06-12T04:59:22.639231Z"
    },
    {
        "name": "2023-06-12",
        "tag_last_pushed": "2023-06-12T04:59:10.710443Z"
    },
    {
        "name": "hub-4.0.1",
        "tag_last_pushed": "2023-06-12T04:59:07.65821Z"
    },
    {
        "name": "python-3.11.4",
        "tag_last_pushed": "2023-06-12T04:58:58.673628Z"
    },
    {
        "name": "spark-3.4.0",
        "tag_last_pushed": "2023-06-06T16:59:28.263143Z"
    },
    {
        "name": "java-17.0.7",
        "tag_last_pushed": "2023-06-06T16:59:25.528589Z"
    },
    {
        "name": "hadoop-3",
        "tag_last_pushed": "2023-06-06T16:59:22.690933Z"
    },
    {
        "name": "r-4.2.3",
        "tag_last_pushed": "2023-06-06T16:59:19.94646Z"
    },
    {
        "name": "lab-4.0.1",
        "tag_last_pushed": "2023-06-06T16:59:17.143705Z"
    },
    {
        "name": "python-3.11.3",
        "tag_last_pushed": "2023-06-06T16:59:14.405136Z"
    },
    {
        "name": "9e3ab9075a5e",
        "tag_last_pushed": "2023-06-06T16:59:11.486006Z"
    },
    {
        "name": "python-3.11",
        "tag_last_pushed": "2023-06-06T16:59:08.388295Z"
    },
    {
        "name": "ubuntu-22.04",
        "tag_last_pushed": "2023-06-06T16:59:05.689823Z"
    },
    {
        "name": "latest",
        "tag_last_pushed": "2023-06-06T16:59:02.813939Z"
    },
    {
        "name": "notebook-6.5.4",
        "tag_last_pushed": "2023-06-06T16:59:00.014679Z"
    },
    {
        "name": "hub-4.0.0",
        "tag_last_pushed": "2023-06-06T16:58:57.208077Z"
    },
    {
        "name": "2023-06-06",
        "tag_last_pushed": "2023-06-06T16:58:54.616866Z"
    },
    {
        "name": "x86_64-ubuntu-22.04",
        "tag_last_pushed": "2023-06-06T16:53:34.826001Z"
    },
    {
        "name": "x86_64-spark-3.4.0",
        "tag_last_pushed": "2023-06-06T16:53:34.590176Z"
    },
    {
        "name": "x86_64-r-4.2.3",
        "tag_last_pushed": "2023-06-06T16:53:34.36705Z"
    },
    {
        "name": "x86_64-python-3.11.3",
        "tag_last_pushed": "2023-06-06T16:53:34.126492Z"
    },
    {
        "name": "x86_64-python-3.11",
        "tag_last_pushed": "2023-06-06T16:53:33.838755Z"
    },
    {
        "name": "x86_64-notebook-6.5.4",
        "tag_last_pushed": "2023-06-06T16:53:33.602829Z"
    },
    {
        "name": "x86_64-latest",
        "tag_last_pushed": "2023-06-06T16:53:33.347728Z"
    },
    {
        "name": "x86_64-lab-4.0.1",
        "tag_last_pushed": "2023-06-06T16:53:33.125562Z"
    },
    {
        "name": "x86_64-java-17.0.7",
        "tag_last_pushed": "2023-06-06T16:53:32.887839Z"
    },
    {
        "name": "x86_64-hub-4.0.0",
        "tag_last_pushed": "2023-06-06T16:53:32.556466Z"
    },
    {
        "name": "x86_64-hadoop-3",
        "tag_last_pushed": "2023-06-06T16:53:32.285179Z"
    },
    {
        "name": "x86_64-9e3ab9075a5e",
        "tag_last_pushed": "2023-06-06T16:53:31.818314Z"
    },
    {
        "name": "x86_64-2023-06-06",
        "tag_last_pushed": "2023-06-06T16:53:31.673887Z"
    },
    {
        "name": "2023-06-05",
        "tag_last_pushed": "2023-06-05T22:37:51.572192Z"
    },
    {
        "name": "63d4f3d1b713",
        "tag_last_pushed": "2023-06-05T22:37:42.143945Z"
    },
    {
        "name": "x86_64-63d4f3d1b713",
        "tag_last_pushed": "2023-06-05T22:33:48.02331Z"
    },
    {
        "name": "x86_64-2023-06-05",
        "tag_last_pushed": "2023-06-05T22:33:47.371626Z"
    },
    {
        "name": "5c660db02e58",
        "tag_last_pushed": "2023-06-05T05:12:17.97888Z"
    },
    {
        "name": "x86_64-5c660db02e58",
        "tag_last_pushed": "2023-06-05T04:44:43.697687Z"
    },
    {
        "name": "2023-06-04",
        "tag_last_pushed": "2023-06-04T21:22:04.691711Z"
    },
    {
        "name": "x86_64-2023-06-04",
        "tag_last_pushed": "2023-06-04T21:17:43.43534Z"
    }
]