[
    {
        "name": "latest",
        "tag_last_pushed": "2019-06-15T03:40:00.203867Z"
    },
    {
        "name": "1.10.3",
        "tag_last_pushed": "2019-06-13T05:55:52.395899Z"
    },
    {
        "name": "1.10",
        "tag_last_pushed": "2018-09-24T04:53:43.118717Z"
    },
    {
        "name": "1.9",
        "tag_last_pushed": "2018-09-18T07:13:41.704786Z"
    },
    {
        "name": "feature_airflow-1.9",
        "tag_last_pushed": "2018-09-18T06:57:45.611763Z"
    },
    {
        "name": "master",
        "tag_last_pushed": "2018-09-03T01:09:11.914119Z"
    }
]