[
    {
        "name": "revert-100-JTC-2153_elixir-1.14.3-otp-25.3-ubuntu-20.04",
        "tag_last_pushed": "2023-04-28T13:00:49.271623Z"
    },
    {
        "name": "latest",
        "tag_last_pushed": "2023-04-28T13:00:47.809739Z"
    },
    {
        "name": "JTC-2153_elixir-1.14.3-otp-25.3-ubuntu-20.04",
        "tag_last_pushed": "2023-04-28T10:08:11.753834Z"
    },
    {
        "name": "elixir-1.14.3-otp-25.3",
        "tag_last_pushed": "2023-03-29T14:07:27.478445Z"
    },
    {
        "name": "chore_update-node-18",
        "tag_last_pushed": "2023-03-08T17:34:21.847724Z"
    },
    {
        "name": "chore_phraseapp-add-curl",
        "tag_last_pushed": "2022-08-18T09:51:31.765599Z"
    },
    {
        "name": "elixir-1.13.3-otp-23.2.3",
        "tag_last_pushed": "2022-02-18T11:45:53.387743Z"
    },
    {
        "name": "update-diagnostic-image",
        "tag_last_pushed": "2022-01-18T16:18:24.170014Z"
    },
    {
        "name": "chore_phraseapp-node-update",
        "tag_last_pushed": "2021-10-11T13:41:13.624082Z"
    },
    {
        "name": "upgrade-node-14",
        "tag_last_pushed": "2021-10-06T15:44:11.562406Z"
    },
    {
        "name": "elixir-1.10.4-otp-23.2.3",
        "tag_last_pushed": "2021-04-13T09:30:09.563545Z"
    },
    {
        "name": "chore-add-redis-cli",
        "tag_last_pushed": "2021-02-18T13:24:27.07183Z"
    },
    {
        "name": "0.21.0",
        "tag_last_pushed": "2018-12-10T11:54:04.862124Z"
    }
]