[
    {
        "name": "8e8f2f5",
        "tag_last_pushed": "2023-06-12T16:04:18.417682Z"
    },
    {
        "name": "v0.10.4",
        "tag_last_pushed": "2023-06-12T14:47:39.954966Z"
    },
    {
        "name": "f3cf9b7",
        "tag_last_pushed": "2023-06-12T12:52:54.350774Z"
    },
    {
        "name": "ab3fe0d",
        "tag_last_pushed": "2023-06-12T12:44:07.20502Z"
    },
    {
        "name": "f2c66fd",
        "tag_last_pushed": "2023-06-09T18:08:51.198605Z"
    },
    {
        "name": "head",
        "tag_last_pushed": "2023-06-09T18:08:49.102161Z"
    },
    {
        "name": "43d37ff",
        "tag_last_pushed": "2023-06-09T11:09:20.949588Z"
    },
    {
        "name": "2b94a10",
        "tag_last_pushed": "2023-06-09T10:08:30.225879Z"
    },
    {
        "name": "369a04a",
        "tag_last_pushed": "2023-06-09T08:35:41.253494Z"
    },
    {
        "name": "8d31a18",
        "tag_last_pushed": "2023-06-09T06:58:53.748153Z"
    },
    {
        "name": "a04631b",
        "tag_last_pushed": "2023-06-08T23:14:34.41425Z"
    },
    {
        "name": "pr8191",
        "tag_last_pushed": "2023-06-08T21:03:56.918819Z"
    },
    {
        "name": "45e592b",
        "tag_last_pushed": "2023-06-08T08:05:55.819945Z"
    },
    {
        "name": "2e1d31b",
        "tag_last_pushed": "2023-06-08T07:51:41.834833Z"
    },
    {
        "name": "ac06cf3",
        "tag_last_pushed": "2023-06-08T04:50:18.782571Z"
    },
    {
        "name": "6813f4a",
        "tag_last_pushed": "2023-06-08T04:32:21.551113Z"
    },
    {
        "name": "pr8153",
        "tag_last_pushed": "2023-06-08T00:15:14.821357Z"
    },
    {
        "name": "81fdf9d",
        "tag_last_pushed": "2023-06-07T23:54:27.567108Z"
    },
    {
        "name": "pr8189",
        "tag_last_pushed": "2023-06-07T21:51:04.208843Z"
    },
    {
        "name": "fd790e3",
        "tag_last_pushed": "2023-06-07T20:24:53.188659Z"
    },
    {
        "name": "5588a04",
        "tag_last_pushed": "2023-06-07T19:00:52.205906Z"
    },
    {
        "name": "593fec5",
        "tag_last_pushed": "2023-06-07T18:55:05.844388Z"
    },
    {
        "name": "22e7771",
        "tag_last_pushed": "2023-06-07T15:03:00.634396Z"
    },
    {
        "name": "9ca8218",
        "tag_last_pushed": "2023-06-07T13:23:17.828703Z"
    },
    {
        "name": "ea79a4b",
        "tag_last_pushed": "2023-06-07T12:59:46.991743Z"
    },
    {
        "name": "pr8185",
        "tag_last_pushed": "2023-06-07T12:48:17.351758Z"
    },
    {
        "name": "9fa8489",
        "tag_last_pushed": "2023-06-07T09:31:00.617055Z"
    },
    {
        "name": "7041281",
        "tag_last_pushed": "2023-06-07T08:23:54.656782Z"
    },
    {
        "name": "pr8182",
        "tag_last_pushed": "2023-06-06T23:23:01.663449Z"
    },
    {
        "name": "8e6e4e8",
        "tag_last_pushed": "2023-06-06T22:18:05.223134Z"
    },
    {
        "name": "6bad15b",
        "tag_last_pushed": "2023-06-06T20:55:56.696682Z"
    },
    {
        "name": "pr8170",
        "tag_last_pushed": "2023-06-06T18:32:13.070099Z"
    },
    {
        "name": "57c5d2f",
        "tag_last_pushed": "2023-06-06T15:02:03.923763Z"
    },
    {
        "name": "983a8ca",
        "tag_last_pushed": "2023-06-06T13:19:39.530528Z"
    },
    {
        "name": "9fc1ef0",
        "tag_last_pushed": "2023-06-06T13:15:34.873512Z"
    },
    {
        "name": "279f9eb",
        "tag_last_pushed": "2023-06-06T10:47:48.423271Z"
    },
    {
        "name": "fcaaedd",
        "tag_last_pushed": "2023-06-06T08:42:20.772645Z"
    },
    {
        "name": "743439c",
        "tag_last_pushed": "2023-06-05T23:01:41.719623Z"
    },
    {
        "name": "3022c2d",
        "tag_last_pushed": "2023-06-05T18:46:44.369446Z"
    },
    {
        "name": "e7d1b90",
        "tag_last_pushed": "2023-06-03T00:26:39.277405Z"
    },
    {
        "name": "802c91a",
        "tag_last_pushed": "2023-06-02T20:19:05.187406Z"
    },
    {
        "name": "pr8163",
        "tag_last_pushed": "2023-06-02T14:34:23.107903Z"
    },
    {
        "name": "fe1ff71",
        "tag_last_pushed": "2023-06-02T14:08:22.708028Z"
    },
    {
        "name": "03ac44c",
        "tag_last_pushed": "2023-06-01T16:08:40.019714Z"
    },
    {
        "name": "fb44cbd",
        "tag_last_pushed": "2023-06-01T14:17:07.869097Z"
    },
    {
        "name": "690ed08",
        "tag_last_pushed": "2023-06-01T02:15:41.119077Z"
    },
    {
        "name": "60dd9ef",
        "tag_last_pushed": "2023-05-31T23:19:11.585422Z"
    },
    {
        "name": "4ade131",
        "tag_last_pushed": "2023-05-31T15:45:05.736617Z"
    },
    {
        "name": "6c445c8",
        "tag_last_pushed": "2023-05-31T14:22:05.815167Z"
    },
    {
        "name": "0b0e499",
        "tag_last_pushed": "2023-05-31T10:20:33.405685Z"
    },
    {
        "name": "a29b576",
        "tag_last_pushed": "2023-05-31T06:20:46.103926Z"
    },
    {
        "name": "b42f518",
        "tag_last_pushed": "2023-05-31T00:06:15.143457Z"
    },
    {
        "name": "4f50445",
        "tag_last_pushed": "2023-05-31T00:05:42.466365Z"
    },
    {
        "name": "pr8152",
        "tag_last_pushed": "2023-05-30T23:34:34.779868Z"
    }
]