[
    {
        "name": "1.0.1",
        "tag_last_pushed": "2018-11-18T21:33:51.53251Z"
    },
    {
        "name": "1.0.3",
        "tag_last_pushed": "2018-11-18T21:28:03.493183Z"
    },
    {
        "name": "1.1.3",
        "tag_last_pushed": "2018-11-18T21:23:55.58664Z"
    },
    {
        "name": "1.3.4",
        "tag_last_pushed": "2018-11-18T21:20:00.025696Z"
    },
    {
        "name": "1.3.5",
        "tag_last_pushed": "2018-11-18T21:18:48.504963Z"
    },
    {
        "name": "1.3.6",
        "tag_last_pushed": "2018-11-18T21:17:08.570083Z"
    },
    {
        "name": "1.4.0",
        "tag_last_pushed": "2018-11-18T21:15:30.046516Z"
    },
    {
        "name": "1.4.1",
        "tag_last_pushed": "2018-11-18T21:12:30.276117Z"
    },
    {
        "name": "1.4.2",
        "tag_last_pushed": "2018-11-18T21:09:54.899073Z"
    },
    {
        "name": "1.4.3",
        "tag_last_pushed": "2018-11-18T21:08:12.383159Z"
    },
    {
        "name": "1.4.4",
        "tag_last_pushed": "2018-11-18T21:06:37.714817Z"
    },
    {
        "name": "1.4.5",
        "tag_last_pushed": "2018-11-18T21:05:22.303513Z"
    },
    {
        "name": "1.4.6",
        "tag_last_pushed": "2018-11-18T21:04:12.482065Z"
    },
    {
        "name": "1.4.7",
        "tag_last_pushed": "2018-11-18T21:02:52.23667Z"
    },
    {
        "name": "1.4.8",
        "tag_last_pushed": "2018-11-18T21:01:41.424005Z"
    },
    {
        "name": "1.4.9",
        "tag_last_pushed": "2018-11-18T21:00:30.148096Z"
    },
    {
        "name": "1.4.10",
        "tag_last_pushed": "2018-11-18T20:58:57.022896Z"
    },
    {
        "name": "1.5.0",
        "tag_last_pushed": "2018-11-18T20:53:56.516191Z"
    },
    {
        "name": "1.5.1",
        "tag_last_pushed": "2018-11-18T20:51:57.533603Z"
    },
    {
        "name": "1.5.2",
        "tag_last_pushed": "2018-11-18T20:49:48.270307Z"
    },
    {
        "name": "1.5.3",
        "tag_last_pushed": "2018-11-18T20:47:48.108621Z"
    },
    {
        "name": "1.5.4",
        "tag_last_pushed": "2018-11-18T20:45:46.228559Z"
    },
    {
        "name": "1.5.5",
        "tag_last_pushed": "2018-11-18T20:43:42.947347Z"
    },
    {
        "name": "1.5.6",
        "tag_last_pushed": "2018-11-18T20:41:37.920796Z"
    },
    {
        "name": "1.5.7",
        "tag_last_pushed": "2018-11-18T20:39:31.949907Z"
    },
    {
        "name": "1.5.8",
        "tag_last_pushed": "2018-11-18T20:37:31.205702Z"
    },
    {
        "name": "1.5.9",
        "tag_last_pushed": "2018-11-18T20:35:28.698513Z"
    },
    {
        "name": "1.6.0",
        "tag_last_pushed": "2018-11-18T20:33:01.047219Z"
    },
    {
        "name": "1.6.1",
        "tag_last_pushed": "2018-11-18T20:30:56.49948Z"
    },
    {
        "name": "1.6.2",
        "tag_last_pushed": "2018-11-18T20:29:27.496225Z"
    },
    {
        "name": "1.6.3",
        "tag_last_pushed": "2018-11-18T20:27:35.156182Z"
    },
    {
        "name": "1.6.4",
        "tag_last_pushed": "2018-11-18T20:25:56.619682Z"
    },
    {
        "name": "1.6.5",
        "tag_last_pushed": "2018-11-18T20:24:20.51228Z"
    },
    {
        "name": "1.6.6",
        "tag_last_pushed": "2018-11-18T20:22:42.942596Z"
    },
    {
        "name": "1.6.7",
        "tag_last_pushed": "2018-11-18T20:20:56.536Z"
    },
    {
        "name": "1.7.0",
        "tag_last_pushed": "2018-11-18T20:19:35.282105Z"
    },
    {
        "name": "1.7.1",
        "tag_last_pushed": "2018-11-18T20:18:02.869496Z"
    },
    {
        "name": "1.7.2",
        "tag_last_pushed": "2018-11-18T20:16:38.603135Z"
    },
    {
        "name": "1.7.3",
        "tag_last_pushed": "2018-11-18T20:15:17.11359Z"
    },
    {
        "name": "1.8.0",
        "tag_last_pushed": "2018-11-18T20:14:00.818852Z"
    },
    {
        "name": "1.8.1",
        "tag_last_pushed": "2018-11-18T20:12:19.941118Z"
    },
    {
        "name": "1.8.2",
        "tag_last_pushed": "2018-11-18T20:10:48.648258Z"
    },
    {
        "name": "1.8.4",
        "tag_last_pushed": "2018-11-18T20:09:08.19229Z"
    },
    {
        "name": "1.8.5",
        "tag_last_pushed": "2018-11-18T20:07:29.194185Z"
    },
    {
        "name": "1.8.6",
        "tag_last_pushed": "2018-11-18T20:05:49.773628Z"
    },
    {
        "name": "1.8.7",
        "tag_last_pushed": "2018-11-18T20:03:52.568972Z"
    },
    {
        "name": "1.8.8",
        "tag_last_pushed": "2018-11-18T20:02:15.228362Z"
    },
    {
        "name": "1.8.9",
        "tag_last_pushed": "2018-11-18T20:00:34.164024Z"
    },
    {
        "name": "1.8.10",
        "tag_last_pushed": "2018-11-18T19:59:16.546487Z"
    },
    {
        "name": "1.8.11",
        "tag_last_pushed": "2018-11-18T19:58:03.972232Z"
    }
]