[
    {
        "name": "ci-latest",
        "tag_last_pushed": "2023-05-09T14:20:26.232184Z"
    },
    {
        "name": "ci-0.10",
        "tag_last_pushed": "2023-05-09T14:20:25.467304Z"
    },
    {
        "name": "ci-0.10.22",
        "tag_last_pushed": "2023-05-09T14:20:24.511915Z"
    },
    {
        "name": "latest",
        "tag_last_pushed": "2023-05-09T14:15:19.598412Z"
    },
    {
        "name": "0.10",
        "tag_last_pushed": "2023-05-09T14:15:18.778957Z"
    },
    {
        "name": "0.10.22",
        "tag_last_pushed": "2023-05-09T14:15:17.860691Z"
    },
    {
        "name": "ci-0.10.21",
        "tag_last_pushed": "2023-04-27T09:52:17.658153Z"
    },
    {
        "name": "0.10.21",
        "tag_last_pushed": "2023-04-27T09:47:45.965942Z"
    },
    {
        "name": "ci-0.10.20",
        "tag_last_pushed": "2023-04-17T19:12:33.848298Z"
    },
    {
        "name": "0.10.20",
        "tag_last_pushed": "2023-04-17T19:08:35.38036Z"
    },
    {
        "name": "ci-0.10.19",
        "tag_last_pushed": "2023-03-29T15:17:34.454254Z"
    },
    {
        "name": "0.10.19",
        "tag_last_pushed": "2023-03-29T15:13:20.926198Z"
    },
    {
        "name": "ci-0.10.18",
        "tag_last_pushed": "2023-03-07T20:32:40.322582Z"
    },
    {
        "name": "0.10.18",
        "tag_last_pushed": "2023-03-07T20:29:05.049451Z"
    },
    {
        "name": "ci-0.10.17",
        "tag_last_pushed": "2023-02-07T12:10:36.885652Z"
    },
    {
        "name": "0.10.17",
        "tag_last_pushed": "2023-02-07T12:07:00.475436Z"
    },
    {
        "name": "ci-test",
        "tag_last_pushed": "2023-01-26T19:18:52.523009Z"
    },
    {
        "name": "ci-0.10.16",
        "tag_last_pushed": "2023-01-16T19:54:10.376712Z"
    },
    {
        "name": "0.10.16",
        "tag_last_pushed": "2023-01-16T19:50:12.009234Z"
    },
    {
        "name": "ci-0.10.15",
        "tag_last_pushed": "2022-12-14T12:36:37.573621Z"
    },
    {
        "name": "0.10.15",
        "tag_last_pushed": "2022-12-14T12:32:45.534404Z"
    },
    {
        "name": "ci-0.10.14",
        "tag_last_pushed": "2022-12-06T14:04:43.644501Z"
    },
    {
        "name": "0.10.14",
        "tag_last_pushed": "2022-12-06T14:00:36.578573Z"
    },
    {
        "name": "ci-0.10.13",
        "tag_last_pushed": "2022-10-21T15:53:36.368154Z"
    },
    {
        "name": "0.10.13",
        "tag_last_pushed": "2022-10-21T15:49:54.337031Z"
    },
    {
        "name": "ci-0.10.12",
        "tag_last_pushed": "2022-09-28T13:07:18.482805Z"
    },
    {
        "name": "0.10.12",
        "tag_last_pushed": "2022-09-28T13:02:51.303735Z"
    },
    {
        "name": "ci-0.10.11",
        "tag_last_pushed": "2022-08-30T11:52:11.200461Z"
    },
    {
        "name": "0.10.11",
        "tag_last_pushed": "2022-08-30T11:48:40.472021Z"
    },
    {
        "name": "ci-0.10.10",
        "tag_last_pushed": "2022-08-12T13:32:29.731559Z"
    },
    {
        "name": "0.10.10",
        "tag_last_pushed": "2022-08-12T13:29:00.150831Z"
    },
    {
        "name": "ci-0.10.9",
        "tag_last_pushed": "2022-08-02T08:28:43.909707Z"
    },
    {
        "name": "0.10.9",
        "tag_last_pushed": "2022-08-02T08:24:57.812537Z"
    },
    {
        "name": "ci-0.10.8",
        "tag_last_pushed": "2022-07-20T11:14:26.835952Z"
    },
    {
        "name": "0.10.8",
        "tag_last_pushed": "2022-07-20T11:09:51.11667Z"
    },
    {
        "name": "ci-0.10.7",
        "tag_last_pushed": "2022-07-08T13:49:48.379182Z"
    },
    {
        "name": "0.10.7",
        "tag_last_pushed": "2022-07-08T13:45:44.993377Z"
    },
    {
        "name": "ci-0.10.6",
        "tag_last_pushed": "2022-06-28T12:55:22.243426Z"
    },
    {
        "name": "0.10.6",
        "tag_last_pushed": "2022-06-28T12:51:52.0782Z"
    },
    {
        "name": "ci-0.10.5",
        "tag_last_pushed": "2022-06-23T18:42:06.980483Z"
    },
    {
        "name": "0.10.5",
        "tag_last_pushed": "2022-06-23T18:38:28.182047Z"
    },
    {
        "name": "ci-0.10.4",
        "tag_last_pushed": "2022-06-23T09:34:24.503573Z"
    },
    {
        "name": "0.10.4",
        "tag_last_pushed": "2022-06-23T09:30:16.845023Z"
    },
    {
        "name": "ci-0.10.3",
        "tag_last_pushed": "2022-06-10T20:33:44.534812Z"
    },
    {
        "name": "0.10.3",
        "tag_last_pushed": "2022-06-10T20:30:08.125953Z"
    },
    {
        "name": "ci-0.10.2",
        "tag_last_pushed": "2022-06-08T13:47:21.760224Z"
    },
    {
        "name": "0.10.2",
        "tag_last_pushed": "2022-06-08T13:43:52.771125Z"
    },
    {
        "name": "ci-0.10.1",
        "tag_last_pushed": "2022-06-01T12:42:32.358279Z"
    },
    {
        "name": "0.10.1",
        "tag_last_pushed": "2022-06-01T12:39:21.10671Z"
    },
    {
        "name": "ci-0.10.0",
        "tag_last_pushed": "2022-05-24T10:25:10.769151Z"
    }
]