[
    {
        "name": "8",
        "tag_last_pushed": "2021-07-13T10:52:54.855458Z"
    },
    {
        "name": "7",
        "tag_last_pushed": "2021-07-13T10:51:05.795201Z"
    },
    {
        "name": "6",
        "tag_last_pushed": "2021-07-13T03:49:01.950739Z"
    },
    {
        "name": "5",
        "tag_last_pushed": "2021-07-13T03:37:09.538462Z"
    },
    {
        "name": "3",
        "tag_last_pushed": "2021-07-13T03:06:36.897104Z"
    },
    {
        "name": "2",
        "tag_last_pushed": "2021-07-13T02:47:43.721546Z"
    }
]