[
    {
        "name": "8.0.0-alpine",
        "tag_last_pushed": "2023-06-11T03:56:38.359081Z"
    },
    {
        "name": "latest",
        "tag_last_pushed": "2023-06-11T03:49:26.991554Z"
    },
    {
        "name": "8.0.0-ubuntu",
        "tag_last_pushed": "2023-06-11T03:49:25.350947Z"
    },
    {
        "name": "8.0.0",
        "tag_last_pushed": "2023-06-11T03:49:23.374898Z"
    },
    {
        "name": "7.6.0-ubuntu",
        "tag_last_pushed": "2023-05-30T21:33:01.53284Z"
    },
    {
        "name": "7.6.0",
        "tag_last_pushed": "2023-05-30T21:32:59.326865Z"
    },
    {
        "name": "7.6.0-alpine",
        "tag_last_pushed": "2023-05-30T21:30:08.400874Z"
    },
    {
        "name": "7.5.0-alpine",
        "tag_last_pushed": "2023-05-23T11:29:55.180881Z"
    },
    {
        "name": "7.5.0-ubuntu",
        "tag_last_pushed": "2023-05-23T11:29:40.240693Z"
    },
    {
        "name": "7.5.0",
        "tag_last_pushed": "2023-05-23T11:29:39.243954Z"
    },
    {
        "name": "7.4.0-ubuntu",
        "tag_last_pushed": "2023-04-26T08:40:31.56755Z"
    },
    {
        "name": "7.4.0",
        "tag_last_pushed": "2023-04-26T08:40:30.7809Z"
    },
    {
        "name": "7.4.0-alpine",
        "tag_last_pushed": "2023-04-26T08:39:16.086665Z"
    },
    {
        "name": "7.3.0-alpine",
        "tag_last_pushed": "2023-03-28T18:38:09.850974Z"
    },
    {
        "name": "7.3.0-ubuntu",
        "tag_last_pushed": "2023-03-14T23:08:53.514962Z"
    },
    {
        "name": "7.3.0",
        "tag_last_pushed": "2023-03-14T23:08:52.497442Z"
    },
    {
        "name": "7.2.0-alpine",
        "tag_last_pushed": "2023-02-28T11:34:51.270749Z"
    },
    {
        "name": "7.2.0-ubuntu",
        "tag_last_pushed": "2023-02-28T11:32:48.148541Z"
    },
    {
        "name": "7.2.0",
        "tag_last_pushed": "2023-02-28T11:32:46.468875Z"
    },
    {
        "name": "7.1.0-ubuntu",
        "tag_last_pushed": "2023-01-31T23:49:12.345573Z"
    },
    {
        "name": "7.1.0",
        "tag_last_pushed": "2023-01-31T23:49:11.708454Z"
    },
    {
        "name": "7.1.0-alpine",
        "tag_last_pushed": "2023-01-31T22:32:03.339916Z"
    },
    {
        "name": "7.0.0-alpine",
        "tag_last_pushed": "2022-12-07T16:37:11.54492Z"
    },
    {
        "name": "7.0.0-ubuntu",
        "tag_last_pushed": "2022-12-07T16:33:55.80152Z"
    },
    {
        "name": "7.0.0",
        "tag_last_pushed": "2022-12-07T16:33:54.642645Z"
    },
    {
        "name": "6.6.0-alpine",
        "tag_last_pushed": "2022-11-22T22:38:43.387268Z"
    },
    {
        "name": "6.6.0-ubuntu",
        "tag_last_pushed": "2022-11-22T22:33:38.458185Z"
    },
    {
        "name": "6.6.0",
        "tag_last_pushed": "2022-11-22T22:33:37.276147Z"
    },
    {
        "name": "6.5.0-alpine",
        "tag_last_pushed": "2022-11-08T17:42:23.945735Z"
    },
    {
        "name": "6.5.0-ubuntu",
        "tag_last_pushed": "2022-11-08T17:34:49.17258Z"
    },
    {
        "name": "6.5.0",
        "tag_last_pushed": "2022-11-08T17:34:47.494485Z"
    },
    {
        "name": "6.4.0-alpine",
        "tag_last_pushed": "2022-10-13T06:05:34.445296Z"
    },
    {
        "name": "6.4.0-ubuntu",
        "tag_last_pushed": "2022-10-13T05:56:45.965579Z"
    },
    {
        "name": "6.4.0",
        "tag_last_pushed": "2022-10-13T05:56:45.046797Z"
    },
    {
        "name": "6.3.0-alpine",
        "tag_last_pushed": "2022-09-15T05:13:12.848021Z"
    },
    {
        "name": "6.3.0-ubuntu",
        "tag_last_pushed": "2022-09-15T05:00:21.374042Z"
    },
    {
        "name": "6.3.0",
        "tag_last_pushed": "2022-09-15T05:00:20.54065Z"
    },
    {
        "name": "6.2.0-alpine",
        "tag_last_pushed": "2022-08-23T18:46:46.054607Z"
    },
    {
        "name": "6.2.0-ubuntu",
        "tag_last_pushed": "2022-08-23T18:38:48.259326Z"
    },
    {
        "name": "6.2.0",
        "tag_last_pushed": "2022-08-23T18:38:47.550366Z"
    },
    {
        "name": "6.1.0-alpine",
        "tag_last_pushed": "2022-08-02T17:48:12.015959Z"
    },
    {
        "name": "6.1.0-ubuntu",
        "tag_last_pushed": "2022-08-02T17:42:48.875133Z"
    },
    {
        "name": "6.1.0",
        "tag_last_pushed": "2022-08-02T17:42:47.473742Z"
    },
    {
        "name": "6.0.0-alpine",
        "tag_last_pushed": "2022-07-13T16:22:18.408758Z"
    },
    {
        "name": "6.0.0-ubuntu",
        "tag_last_pushed": "2022-07-13T16:16:59.915634Z"
    },
    {
        "name": "6.0.0",
        "tag_last_pushed": "2022-07-13T16:16:58.966909Z"
    },
    {
        "name": "5.9.0-alpine",
        "tag_last_pushed": "2022-06-21T18:19:27.876411Z"
    },
    {
        "name": "5.9.0-ubuntu",
        "tag_last_pushed": "2022-06-21T17:38:25.351382Z"
    },
    {
        "name": "5.9.0",
        "tag_last_pushed": "2022-06-21T17:38:24.737828Z"
    },
    {
        "name": "5.8.0-alpine",
        "tag_last_pushed": "2022-06-06T10:13:00.78432Z"
    }
]