[
    {
        "name": "naked_backdateis_2023-Jun-13_00h30m01s",
        "tag_last_pushed": "2023-06-12T16:33:20.434776Z"
    },
    {
        "name": "auto_backdateis_2023-Jun-13_00h30m01s",
        "tag_last_pushed": "2023-06-12T16:33:09.801715Z"
    },
    {
        "name": "big-sur_backdateis_2023-Jun-13_00h30m01s",
        "tag_last_pushed": "2023-06-12T16:33:08.82861Z"
    },
    {
        "name": "latest_backdateis_2023-Jun-13_00h30m01s",
        "tag_last_pushed": "2023-06-12T16:33:08.505941Z"
    },
    {
        "name": "big-sur_backdateis_2023-Jun-12_21h29m01s",
        "tag_last_pushed": "2023-06-12T13:52:49.18718Z"
    },
    {
        "name": "auto_backdateis_2023-Jun-12_21h29m01s",
        "tag_last_pushed": "2023-06-12T13:52:23.40892Z"
    },
    {
        "name": "naked_backdateis_2023-Jun-12_21h29m01s",
        "tag_last_pushed": "2023-06-12T13:52:21.19099Z"
    },
    {
        "name": "latest_backdateis_2023-Jun-12_21h29m01s",
        "tag_last_pushed": "2023-06-12T13:52:18.537199Z"
    },
    {
        "name": "latest_backdateis_2023-Jun-12_18h29m01s",
        "tag_last_pushed": "2023-06-12T10:49:16.511541Z"
    },
    {
        "name": "auto_backdateis_2023-Jun-12_18h29m01s",
        "tag_last_pushed": "2023-06-12T10:48:51.674885Z"
    },
    {
        "name": "naked_backdateis_2023-Jun-12_18h29m01s",
        "tag_last_pushed": "2023-06-12T10:48:47.946752Z"
    },
    {
        "name": "big-sur_backdateis_2023-Jun-12_18h29m01s",
        "tag_last_pushed": "2023-06-12T10:48:44.789732Z"
    },
    {
        "name": "latest_backdateis_2023-Jun-12_15h30m01s",
        "tag_last_pushed": "2023-06-12T07:48:43.756792Z"
    },
    {
        "name": "big-sur_backdateis_2023-Jun-12_15h30m01s",
        "tag_last_pushed": "2023-06-12T07:48:19.927892Z"
    },
    {
        "name": "naked_backdateis_2023-Jun-12_15h30m01s",
        "tag_last_pushed": "2023-06-12T07:48:14.483451Z"
    },
    {
        "name": "auto_backdateis_2023-Jun-12_15h30m01s",
        "tag_last_pushed": "2023-06-12T07:48:13.584773Z"
    },
    {
        "name": "auto_backdateis_2023-Jun-12_12h30m01s",
        "tag_last_pushed": "2023-06-12T04:49:12.791054Z"
    },
    {
        "name": "naked_backdateis_2023-Jun-12_12h30m01s",
        "tag_last_pushed": "2023-06-12T04:49:03.466178Z"
    },
    {
        "name": "latest_backdateis_2023-Jun-12_12h30m01s",
        "tag_last_pushed": "2023-06-12T04:49:03.193998Z"
    },
    {
        "name": "big-sur_backdateis_2023-Jun-12_12h30m01s",
        "tag_last_pushed": "2023-06-12T04:48:52.67557Z"
    },
    {
        "name": "big-sur_backdateis_2023-Jun-12_09h29m01s",
        "tag_last_pushed": "2023-06-12T01:52:47.066759Z"
    },
    {
        "name": "latest_backdateis_2023-Jun-12_09h29m01s",
        "tag_last_pushed": "2023-06-12T01:52:41.973732Z"
    },
    {
        "name": "naked_backdateis_2023-Jun-12_09h29m01s",
        "tag_last_pushed": "2023-06-12T01:52:30.46553Z"
    },
    {
        "name": "auto_backdateis_2023-Jun-12_09h29m01s",
        "tag_last_pushed": "2023-06-12T01:52:19.251957Z"
    },
    {
        "name": "naked_backdateis_2023-Jun-12_06h29m01s",
        "tag_last_pushed": "2023-06-11T22:51:58.68757Z"
    },
    {
        "name": "auto_backdateis_2023-Jun-12_06h29m01s",
        "tag_last_pushed": "2023-06-11T22:51:57.396065Z"
    },
    {
        "name": "latest_backdateis_2023-Jun-12_06h29m01s",
        "tag_last_pushed": "2023-06-11T22:51:55.568581Z"
    },
    {
        "name": "big-sur_backdateis_2023-Jun-12_06h29m01s",
        "tag_last_pushed": "2023-06-11T22:51:55.141841Z"
    },
    {
        "name": "auto_backdateis_2023-Jun-12_03h30m01s",
        "tag_last_pushed": "2023-06-11T19:48:42.851983Z"
    },
    {
        "name": "naked_backdateis_2023-Jun-12_03h30m01s",
        "tag_last_pushed": "2023-06-11T19:48:33.365977Z"
    },
    {
        "name": "latest_backdateis_2023-Jun-12_03h30m01s",
        "tag_last_pushed": "2023-06-11T19:48:20.373555Z"
    },
    {
        "name": "big-sur_backdateis_2023-Jun-12_03h30m01s",
        "tag_last_pushed": "2023-06-11T19:48:19.522702Z"
    },
    {
        "name": "naked_backdateis_2023-Jun-12_00h30m01s",
        "tag_last_pushed": "2023-06-11T16:50:28.725914Z"
    },
    {
        "name": "big-sur_backdateis_2023-Jun-12_00h30m01s",
        "tag_last_pushed": "2023-06-11T16:50:24.877316Z"
    },
    {
        "name": "latest_backdateis_2023-Jun-12_00h30m01s",
        "tag_last_pushed": "2023-06-11T16:50:04.153667Z"
    },
    {
        "name": "auto_backdateis_2023-Jun-12_00h30m01s",
        "tag_last_pushed": "2023-06-11T16:49:56.555975Z"
    },
    {
        "name": "naked_backdateis_2023-Jun-11_21h30m01s",
        "tag_last_pushed": "2023-06-11T13:53:05.490477Z"
    },
    {
        "name": "auto_backdateis_2023-Jun-11_21h30m01s",
        "tag_last_pushed": "2023-06-11T13:53:04.641587Z"
    },
    {
        "name": "latest_backdateis_2023-Jun-11_21h30m01s",
        "tag_last_pushed": "2023-06-11T13:52:32.378644Z"
    },
    {
        "name": "big-sur_backdateis_2023-Jun-11_21h30m01s",
        "tag_last_pushed": "2023-06-11T13:52:30.714011Z"
    },
    {
        "name": "naked_backdateis_2023-Jun-11_15h30m01s",
        "tag_last_pushed": "2023-06-11T07:48:04.619108Z"
    },
    {
        "name": "auto_backdateis_2023-Jun-11_15h30m01s",
        "tag_last_pushed": "2023-06-11T07:48:03.705005Z"
    },
    {
        "name": "latest_backdateis_2023-Jun-11_15h30m01s",
        "tag_last_pushed": "2023-06-11T07:48:03.080344Z"
    },
    {
        "name": "big-sur_backdateis_2023-Jun-11_15h30m01s",
        "tag_last_pushed": "2023-06-11T07:48:00.407597Z"
    },
    {
        "name": "latest_backdateis_2023-Jun-11_12h30m01s",
        "tag_last_pushed": "2023-06-11T04:49:35.343981Z"
    },
    {
        "name": "naked_backdateis_2023-Jun-11_12h30m01s",
        "tag_last_pushed": "2023-06-11T04:49:16.874765Z"
    },
    {
        "name": "auto_backdateis_2023-Jun-11_12h30m01s",
        "tag_last_pushed": "2023-06-11T04:49:06.405401Z"
    },
    {
        "name": "big-sur_backdateis_2023-Jun-11_12h30m01s",
        "tag_last_pushed": "2023-06-11T04:49:03.071565Z"
    },
    {
        "name": "naked-auto",
        "tag_last_pushed": "2023-06-11T02:01:10.903496Z"
    },
    {
        "name": "ventura",
        "tag_last_pushed": "2023-06-11T02:01:06.721901Z"
    },
    {
        "name": "auto_backdateis_2023-Jun-11_09h29m01s",
        "tag_last_pushed": "2023-06-11T01:52:00.908779Z"
    },
    {
        "name": "naked_backdateis_2023-Jun-11_09h29m01s",
        "tag_last_pushed": "2023-06-11T01:51:54.018909Z"
    },
    {
        "name": "latest_backdateis_2023-Jun-11_09h29m01s",
        "tag_last_pushed": "2023-06-11T01:51:52.650136Z"
    },
    {
        "name": "big-sur_backdateis_2023-Jun-11_09h29m01s",
        "tag_last_pushed": "2023-06-11T01:51:51.660194Z"
    },
    {
        "name": "latest",
        "tag_last_pushed": "2023-06-10T22:53:04.282234Z"
    },
    {
        "name": "big-sur_backdateis_2023-Jun-11_06h29m01s",
        "tag_last_pushed": "2023-06-10T22:52:09.563069Z"
    },
    {
        "name": "naked_backdateis_2023-Jun-11_06h29m01s",
        "tag_last_pushed": "2023-06-10T22:52:05.285471Z"
    },
    {
        "name": "auto_backdateis_2023-Jun-11_06h29m01s",
        "tag_last_pushed": "2023-06-10T22:52:05.151391Z"
    },
    {
        "name": "latest_backdateis_2023-Jun-11_06h29m01s",
        "tag_last_pushed": "2023-06-10T22:52:03.319819Z"
    },
    {
        "name": "naked",
        "tag_last_pushed": "2023-06-10T19:50:01.167272Z"
    },
    {
        "name": "mojave",
        "tag_last_pushed": "2023-06-10T19:49:58.608475Z"
    },
    {
        "name": "monterey",
        "tag_last_pushed": "2023-06-10T19:49:57.003353Z"
    },
    {
        "name": "catalina",
        "tag_last_pushed": "2023-06-10T19:49:50.826526Z"
    },
    {
        "name": "high-sierra",
        "tag_last_pushed": "2023-06-10T19:49:49.159353Z"
    },
    {
        "name": "auto",
        "tag_last_pushed": "2023-06-10T19:49:45.788253Z"
    },
    {
        "name": "big-sur",
        "tag_last_pushed": "2023-06-10T19:49:44.409371Z"
    },
    {
        "name": "naked_backdateis_2023-Jun-11_03h30m01s",
        "tag_last_pushed": "2023-06-10T19:48:38.951304Z"
    },
    {
        "name": "latest_backdateis_2023-Jun-11_03h30m01s",
        "tag_last_pushed": "2023-06-10T19:48:35.574249Z"
    },
    {
        "name": "big-sur_backdateis_2023-Jun-11_03h30m01s",
        "tag_last_pushed": "2023-06-10T19:48:34.546736Z"
    },
    {
        "name": "auto_backdateis_2023-Jun-11_03h30m01s",
        "tag_last_pushed": "2023-06-10T19:48:06.450887Z"
    },
    {
        "name": "big-sur_backdateis_2023-Jun-11_00h30m01s",
        "tag_last_pushed": "2023-06-10T16:49:07.285006Z"
    },
    {
        "name": "naked_backdateis_2023-Jun-11_00h30m01s",
        "tag_last_pushed": "2023-06-10T16:48:40.212213Z"
    },
    {
        "name": "latest_backdateis_2023-Jun-11_00h30m01s",
        "tag_last_pushed": "2023-06-10T16:48:40.112007Z"
    },
    {
        "name": "auto_backdateis_2023-Jun-11_00h30m01s",
        "tag_last_pushed": "2023-06-10T16:48:38.753843Z"
    },
    {
        "name": "auto_backdateis_2023-Jun-10_21h30m01s",
        "tag_last_pushed": "2023-06-10T13:52:46.008452Z"
    },
    {
        "name": "naked_backdateis_2023-Jun-10_21h30m01s",
        "tag_last_pushed": "2023-06-10T13:52:41.39566Z"
    },
    {
        "name": "latest_backdateis_2023-Jun-10_21h30m01s",
        "tag_last_pushed": "2023-06-10T13:52:37.362216Z"
    },
    {
        "name": "big-sur_backdateis_2023-Jun-10_21h30m01s",
        "tag_last_pushed": "2023-06-10T13:52:36.996369Z"
    },
    {
        "name": "big-sur_backdateis_2023-Jun-10_18h30m01s",
        "tag_last_pushed": "2023-06-10T10:49:23.393564Z"
    },
    {
        "name": "naked_backdateis_2023-Jun-10_18h30m01s",
        "tag_last_pushed": "2023-06-10T10:49:17.29542Z"
    },
    {
        "name": "auto_backdateis_2023-Jun-10_18h30m01s",
        "tag_last_pushed": "2023-06-10T10:49:09.784633Z"
    },
    {
        "name": "latest_backdateis_2023-Jun-10_18h30m01s",
        "tag_last_pushed": "2023-06-10T10:49:07.129991Z"
    },
    {
        "name": "naked_backdateis_2023-Jun-10_15h30m01s",
        "tag_last_pushed": "2023-06-10T07:48:51.64828Z"
    },
    {
        "name": "big-sur_backdateis_2023-Jun-10_15h30m01s",
        "tag_last_pushed": "2023-06-10T07:48:47.375553Z"
    },
    {
        "name": "auto_backdateis_2023-Jun-10_15h30m01s",
        "tag_last_pushed": "2023-06-10T07:48:28.459752Z"
    },
    {
        "name": "latest_backdateis_2023-Jun-10_15h30m01s",
        "tag_last_pushed": "2023-06-10T07:48:19.184061Z"
    },
    {
        "name": "naked_backdateis_2023-Jun-10_12h30m01s",
        "tag_last_pushed": "2023-06-10T04:49:45.174275Z"
    },
    {
        "name": "auto_backdateis_2023-Jun-10_12h30m01s",
        "tag_last_pushed": "2023-06-10T04:49:20.759833Z"
    },
    {
        "name": "big-sur_backdateis_2023-Jun-10_12h30m01s",
        "tag_last_pushed": "2023-06-10T04:49:11.082015Z"
    },
    {
        "name": "latest_backdateis_2023-Jun-10_12h30m01s",
        "tag_last_pushed": "2023-06-10T04:49:10.949355Z"
    }
]