[
    {
        "name": "latest",
        "tag_last_pushed": "2018-05-22T15:25:32.108229Z"
    },
    {
        "name": "v2.9.1",
        "tag_last_pushed": "2018-05-22T15:24:34.326315Z"
    },
    {
        "name": "v2.9.0",
        "tag_last_pushed": "2018-04-30T18:40:44.600245Z"
    },
    {
        "name": "v2.8.2",
        "tag_last_pushed": "2018-03-14T13:17:01.924787Z"
    },
    {
        "name": "v2.8.1",
        "tag_last_pushed": "2018-03-01T15:21:23.271444Z"
    },
    {
        "name": "v2.8.0",
        "tag_last_pushed": "2018-01-30T07:36:02.658124Z"
    },
    {
        "name": "v2.7.2",
        "tag_last_pushed": "2017-11-21T19:52:19.050334Z"
    },
    {
        "name": "v2.7.0",
        "tag_last_pushed": "2017-11-12T23:44:27.659488Z"
    },
    {
        "name": "v2.6.1",
        "tag_last_pushed": "2017-10-01T21:23:26.72442Z"
    }
]