[
    {
        "name": "latest",
        "tag_last_pushed": "2023-04-25T13:23:48.979855Z"
    },
    {
        "name": "8.0.1-pre2",
        "tag_last_pushed": "2023-04-25T13:23:48.672618Z"
    },
    {
        "name": "8.0.1-pre1",
        "tag_last_pushed": "2023-04-25T12:19:55.567528Z"
    },
    {
        "name": "8.0.0",
        "tag_last_pushed": "2023-03-06T08:00:56.812841Z"
    },
    {
        "name": "7.2.1",
        "tag_last_pushed": "2021-11-15T06:34:11.11027Z"
    },
    {
        "name": "7.2.0",
        "tag_last_pushed": "2021-11-09T04:32:51.531744Z"
    },
    {
        "name": "7.1.1",
        "tag_last_pushed": "2021-09-04T06:28:30.447026Z"
    },
    {
        "name": "7.1.0",
        "tag_last_pushed": "2021-09-01T01:35:42.853568Z"
    },
    {
        "name": "7.0.9",
        "tag_last_pushed": "2020-11-23T17:31:27.765044Z"
    },
    {
        "name": "7.0.8",
        "tag_last_pushed": "2020-11-17T14:54:19.580218Z"
    },
    {
        "name": "7.0.7",
        "tag_last_pushed": "2020-11-12T06:34:17.487443Z"
    },
    {
        "name": "7.0.6",
        "tag_last_pushed": "2020-11-12T06:21:07.018208Z"
    },
    {
        "name": "7.0.5",
        "tag_last_pushed": "2020-10-23T22:04:50.975634Z"
    },
    {
        "name": "7.0.4",
        "tag_last_pushed": "2020-10-18T18:55:37.392976Z"
    },
    {
        "name": "7.0.3",
        "tag_last_pushed": "2020-10-05T02:20:54.982982Z"
    },
    {
        "name": "7.0.2",
        "tag_last_pushed": "2020-10-05T00:40:51.831249Z"
    },
    {
        "name": "7.0.1",
        "tag_last_pushed": "2020-09-29T01:40:44.439595Z"
    },
    {
        "name": "7.0.0",
        "tag_last_pushed": "2020-09-02T17:59:35.749222Z"
    },
    {
        "name": "6.1.4",
        "tag_last_pushed": "2020-08-25T02:14:43.572358Z"
    },
    {
        "name": "6.1.3",
        "tag_last_pushed": "2020-08-13T13:26:34.219706Z"
    },
    {
        "name": "6.1.2",
        "tag_last_pushed": "2020-08-12T14:00:55.5824Z"
    },
    {
        "name": "6.1.1",
        "tag_last_pushed": "2020-08-12T13:31:19.954642Z"
    },
    {
        "name": "6.1.0",
        "tag_last_pushed": "2020-06-05T03:55:23.515728Z"
    },
    {
        "name": "6.0.0",
        "tag_last_pushed": "2020-02-20T12:46:37.80103Z"
    },
    {
        "name": "5.0.3479",
        "tag_last_pushed": "2019-08-20T13:09:21.656899Z"
    }
]