[
    {
        "name": "latest",
        "tag_last_pushed": "2022-12-07T06:23:54.249591Z"
    },
    {
        "name": "1.8.0",
        "tag_last_pushed": "2022-12-07T06:23:53.123338Z"
    },
    {
        "name": "1.7.0-next-e0ff9ef",
        "tag_last_pushed": "2022-12-07T06:15:06.680123Z"
    },
    {
        "name": "1.7.0",
        "tag_last_pushed": "2022-12-06T17:42:41.283939Z"
    },
    {
        "name": "1.6.0-next-b2b9939",
        "tag_last_pushed": "2022-12-06T17:40:16.925189Z"
    },
    {
        "name": "1.6.0-next-5ff2770",
        "tag_last_pushed": "2022-12-06T17:38:09.840748Z"
    },
    {
        "name": "1.6.0",
        "tag_last_pushed": "2022-10-07T14:17:45.467913Z"
    },
    {
        "name": "1.5.0-next-0880deb",
        "tag_last_pushed": "2022-10-07T14:15:51.585116Z"
    },
    {
        "name": "1.5.0",
        "tag_last_pushed": "2022-09-12T12:43:46.873494Z"
    },
    {
        "name": "1.4.0-next-f1dacf3",
        "tag_last_pushed": "2022-09-12T12:41:42.224835Z"
    },
    {
        "name": "1.4.0",
        "tag_last_pushed": "2022-09-12T11:50:47.247224Z"
    },
    {
        "name": "1.3.0-next-3977ef8",
        "tag_last_pushed": "2022-09-12T11:40:48.73343Z"
    },
    {
        "name": "1.3.0",
        "tag_last_pushed": "2022-08-31T20:59:20.562712Z"
    },
    {
        "name": "1.2.0-next-8e290e8",
        "tag_last_pushed": "2022-08-31T20:58:03.411075Z"
    },
    {
        "name": "1.2.0",
        "tag_last_pushed": "2022-08-31T20:48:33.209254Z"
    },
    {
        "name": "1.1.0-next-7737a3b",
        "tag_last_pushed": "2022-08-31T20:46:59.436328Z"
    },
    {
        "name": "1.1.0",
        "tag_last_pushed": "2022-08-31T20:30:00.133397Z"
    },
    {
        "name": "1.0.1-next-fd161b7",
        "tag_last_pushed": "2022-08-31T20:14:35.03052Z"
    },
    {
        "name": "1.0.1",
        "tag_last_pushed": "2022-08-31T19:48:34.842456Z"
    },
    {
        "name": "1.0.0-next-36ce035",
        "tag_last_pushed": "2022-08-31T19:47:08.403888Z"
    },
    {
        "name": "1.0.0",
        "tag_last_pushed": "2022-08-31T15:02:14.092368Z"
    },
    {
        "name": "0.0.0-next-efdb932",
        "tag_last_pushed": "2022-08-31T15:00:39.92433Z"
    },
    {
        "name": "0.0.0-next-9c0c78f",
        "tag_last_pushed": "2022-08-31T14:54:44.749599Z"
    },
    {
        "name": "0.0.0-next-5655296",
        "tag_last_pushed": "2022-08-31T14:49:30.628395Z"
    },
    {
        "name": "0.0.0-next-aed80fc",
        "tag_last_pushed": "2022-08-31T14:47:56.292641Z"
    }
]