[
    {
        "name": "0.3.9",
        "tag_last_pushed": "2023-03-01T20:01:25.606558Z"
    },
    {
        "name": "latest",
        "tag_last_pushed": "2023-03-01T20:01:22.882679Z"
    },
    {
        "name": "0.3.8",
        "tag_last_pushed": "2022-04-08T17:16:25.266696Z"
    },
    {
        "name": "0.3.7",
        "tag_last_pushed": "2022-04-06T22:08:11.026291Z"
    },
    {
        "name": "0.3.6",
        "tag_last_pushed": "2022-04-04T12:32:15.770004Z"
    },
    {
        "name": "0.3.5",
        "tag_last_pushed": "2022-01-19T18:29:00.908562Z"
    },
    {
        "name": "0.3.4",
        "tag_last_pushed": "2022-01-19T18:28:43.106443Z"
    },
    {
        "name": "0.3.3",
        "tag_last_pushed": "2022-01-19T18:28:27.783925Z"
    },
    {
        "name": "0.3.2",
        "tag_last_pushed": "2022-01-19T18:28:21.932414Z"
    },
    {
        "name": "0.3.1",
        "tag_last_pushed": "2022-01-19T18:27:51.859256Z"
    }
]