[
    {
        "name": "6.0.0-beta2",
        "tag_last_pushed": "2019-05-30T15:32:36.912387Z"
    },
    {
        "name": "6.0.0-beta",
        "tag_last_pushed": "2019-02-12T08:21:48.626306Z"
    },
    {
        "name": "6.0.0-beta-alpine",
        "tag_last_pushed": "2019-02-12T07:58:48.501895Z"
    },
    {
        "name": "5.2.4",
        "tag_last_pushed": "2018-12-04T20:25:52.260965Z"
    },
    {
        "name": "latest-alpine",
        "tag_last_pushed": "2018-12-04T20:21:33.97839Z"
    },
    {
        "name": "5.2",
        "tag_last_pushed": "2018-12-04T20:17:24.881179Z"
    },
    {
        "name": "5",
        "tag_last_pushed": "2018-12-04T20:13:18.06294Z"
    },
    {
        "name": "5.2-alpine",
        "tag_last_pushed": "2018-12-04T20:09:30.62222Z"
    },
    {
        "name": "latest",
        "tag_last_pushed": "2018-12-04T20:06:16.72176Z"
    },
    {
        "name": "5-alpine",
        "tag_last_pushed": "2018-12-04T20:01:34.431778Z"
    },
    {
        "name": "5.2.4-alpine",
        "tag_last_pushed": "2018-12-04T19:57:58.548638Z"
    },
    {
        "name": "5.2.3",
        "tag_last_pushed": "2018-11-26T12:50:08.995506Z"
    },
    {
        "name": "5.2.3-alpine",
        "tag_last_pushed": "2018-11-26T12:26:59.701355Z"
    },
    {
        "name": "5.2.2-alpine",
        "tag_last_pushed": "2018-11-25T18:38:01.41516Z"
    },
    {
        "name": "5.2.2",
        "tag_last_pushed": "2018-11-25T18:35:13.997941Z"
    },
    {
        "name": "5.2.1",
        "tag_last_pushed": "2018-10-24T16:44:38.697605Z"
    },
    {
        "name": "5.2.1-alpine",
        "tag_last_pushed": "2018-10-24T16:21:22.032133Z"
    },
    {
        "name": "5.2.0",
        "tag_last_pushed": "2018-10-04T17:09:46.438856Z"
    },
    {
        "name": "5.2.0-alpine",
        "tag_last_pushed": "2018-10-04T17:03:33.941633Z"
    },
    {
        "name": "5.1",
        "tag_last_pushed": "2018-07-04T08:47:32.945363Z"
    },
    {
        "name": "5.1.4",
        "tag_last_pushed": "2018-07-04T08:44:16.6671Z"
    },
    {
        "name": "5.1-alpine",
        "tag_last_pushed": "2018-07-04T08:42:29.423198Z"
    },
    {
        "name": "5.1.4-alpine",
        "tag_last_pushed": "2018-07-04T08:29:50.463074Z"
    },
    {
        "name": "5.1.3-alpine",
        "tag_last_pushed": "2018-06-21T04:22:57.88374Z"
    },
    {
        "name": "5.1.3",
        "tag_last_pushed": "2018-06-20T15:43:14.736867Z"
    },
    {
        "name": "5.1.1",
        "tag_last_pushed": "2018-05-28T16:54:01.1932Z"
    },
    {
        "name": "5.1.1-alpine",
        "tag_last_pushed": "2018-05-28T16:45:59.565973Z"
    },
    {
        "name": "5.1.0",
        "tag_last_pushed": "2018-05-24T16:21:48.075389Z"
    },
    {
        "name": "5.1.0-alpine",
        "tag_last_pushed": "2018-05-24T16:06:26.688696Z"
    },
    {
        "name": "5.0.7-alpine",
        "tag_last_pushed": "2018-01-30T12:22:42.678953Z"
    },
    {
        "name": "5.0-alpine",
        "tag_last_pushed": "2018-01-30T12:20:05.178909Z"
    },
    {
        "name": "5.0",
        "tag_last_pushed": "2018-01-30T12:17:10.65216Z"
    },
    {
        "name": "5.0.7",
        "tag_last_pushed": "2018-01-30T12:08:11.521917Z"
    },
    {
        "name": "5.0.6-alpine",
        "tag_last_pushed": "2018-01-16T15:36:20.692228Z"
    },
    {
        "name": "5.0.6",
        "tag_last_pushed": "2018-01-16T14:40:19.27567Z"
    },
    {
        "name": "5.0.5",
        "tag_last_pushed": "2018-01-04T22:12:00.629386Z"
    },
    {
        "name": "5.0.5-alpine",
        "tag_last_pushed": "2018-01-04T22:00:24.027437Z"
    },
    {
        "name": "5.0.4",
        "tag_last_pushed": "2018-01-04T21:42:54.714405Z"
    },
    {
        "name": "5.0.4-alpine",
        "tag_last_pushed": "2018-01-04T21:32:36.726848Z"
    },
    {
        "name": "5.0.3",
        "tag_last_pushed": "2017-12-20T12:20:08.864108Z"
    },
    {
        "name": "5.0.3-alpine",
        "tag_last_pushed": "2017-12-20T12:09:11.375553Z"
    },
    {
        "name": "5.0.2-alpine",
        "tag_last_pushed": "2017-12-11T09:06:12.786093Z"
    },
    {
        "name": "5.0.2",
        "tag_last_pushed": "2017-12-11T08:53:08.036744Z"
    },
    {
        "name": "5.0.1-alpine",
        "tag_last_pushed": "2017-12-07T10:47:11.866095Z"
    },
    {
        "name": "5.0.1",
        "tag_last_pushed": "2017-12-07T10:44:18.876026Z"
    }
]