[
    {
        "name": "dev",
        "tag_last_pushed": "2023-06-11T19:20:35.069608Z"
    },
    {
        "name": "latest",
        "tag_last_pushed": "2023-05-22T15:21:14.081496Z"
    },
    {
        "name": "v4.9.2",
        "tag_last_pushed": "2023-05-22T15:21:12.511563Z"
    },
    {
        "name": "v4.9.1",
        "tag_last_pushed": "2023-05-20T09:34:38.817701Z"
    },
    {
        "name": "v4.9.0",
        "tag_last_pushed": "2023-05-19T09:21:01.380617Z"
    },
    {
        "name": "v4.8.1",
        "tag_last_pushed": "2023-05-15T17:29:22.695113Z"
    },
    {
        "name": "v4.8.0",
        "tag_last_pushed": "2023-05-07T15:13:55.966153Z"
    },
    {
        "name": "v4.7.4",
        "tag_last_pushed": "2023-05-04T18:08:30.0669Z"
    },
    {
        "name": "test-armv8",
        "tag_last_pushed": "2023-04-25T22:04:45.851509Z"
    },
    {
        "name": "v4.7.3",
        "tag_last_pushed": "2023-04-19T08:09:53.794231Z"
    },
    {
        "name": "v4.7.2",
        "tag_last_pushed": "2023-04-15T16:01:46.430743Z"
    },
    {
        "name": "temp",
        "tag_last_pushed": "2023-01-20T00:46:39.790493Z"
    },
    {
        "name": "v4.7.0",
        "tag_last_pushed": "2023-01-04T20:51:58.543045Z"
    },
    {
        "name": "v4.6.5",
        "tag_last_pushed": "2022-12-27T01:15:51.283771Z"
    },
    {
        "name": "v4.6.2",
        "tag_last_pushed": "2022-11-13T10:34:41.651442Z"
    },
    {
        "name": "v4.6.1",
        "tag_last_pushed": "2022-10-10T17:48:33.875507Z"
    },
    {
        "name": "v4.6.0",
        "tag_last_pushed": "2022-09-04T18:16:44.410748Z"
    },
    {
        "name": "v4.5.3",
        "tag_last_pushed": "2022-08-10T23:05:48.86288Z"
    },
    {
        "name": "temp-aptupgrade",
        "tag_last_pushed": "2022-04-17T18:59:55.786293Z"
    },
    {
        "name": "v4.4.0",
        "tag_last_pushed": "2022-01-25T13:52:57.339326Z"
    },
    {
        "name": "test8.1",
        "tag_last_pushed": "2022-01-25T13:11:16.578638Z"
    },
    {
        "name": "v4.3.6",
        "tag_last_pushed": "2021-11-23T19:08:48.864414Z"
    },
    {
        "name": "v4.3.4",
        "tag_last_pushed": "2021-07-11T11:17:15.470202Z"
    },
    {
        "name": "retag-test",
        "tag_last_pushed": "2021-05-03T00:19:27.818786Z"
    },
    {
        "name": "v4.3.0",
        "tag_last_pushed": "2021-04-19T23:31:39.396385Z"
    },
    {
        "name": "v4.2.2",
        "tag_last_pushed": "2021-02-18T17:25:50.480317Z"
    },
    {
        "name": "test",
        "tag_last_pushed": "2021-02-18T14:35:39.944767Z"
    },
    {
        "name": "v4.2.1",
        "tag_last_pushed": "2021-01-24T15:00:56.97296Z"
    },
    {
        "name": "v4.1.0",
        "tag_last_pushed": "2020-12-27T17:06:13.143195Z"
    },
    {
        "name": "v4.0.8",
        "tag_last_pushed": "2020-11-20T00:15:03.287615Z"
    },
    {
        "name": "v4.0.7",
        "tag_last_pushed": "2020-10-09T15:06:47.49829Z"
    },
    {
        "name": "v4.0.6",
        "tag_last_pushed": "2020-05-26T12:41:39.999441Z"
    },
    {
        "name": "v4.0.5",
        "tag_last_pushed": "2020-05-20T19:24:24.568983Z"
    },
    {
        "name": "testing",
        "tag_last_pushed": "2020-05-05T19:57:36.973559Z"
    },
    {
        "name": "v1.40.5",
        "tag_last_pushed": "2020-02-23T15:12:52.636853Z"
    },
    {
        "name": "v1.40.4",
        "tag_last_pushed": "2020-02-17T18:38:44.51968Z"
    }
]