[
    {
        "name": "0.8.0",
        "tag_last_pushed": "2020-04-26T17:12:50.376004Z"
    },
    {
        "name": "0.8.0-full",
        "tag_last_pushed": "2020-04-26T17:12:45.680355Z"
    },
    {
        "name": "0.8.4",
        "tag_last_pushed": "2020-04-26T17:12:10.847372Z"
    },
    {
        "name": "0.8.4-full",
        "tag_last_pushed": "2020-04-26T17:12:05.352065Z"
    },
    {
        "name": "0.8.5",
        "tag_last_pushed": "2020-04-26T17:11:43.888672Z"
    },
    {
        "name": "0.8.5-full",
        "tag_last_pushed": "2020-04-26T17:11:39.457781Z"
    },
    {
        "name": "0.8.6",
        "tag_last_pushed": "2020-04-26T17:11:18.345862Z"
    },
    {
        "name": "0.8.6-full",
        "tag_last_pushed": "2020-04-26T17:11:13.606446Z"
    },
    {
        "name": "0.8.7",
        "tag_last_pushed": "2020-04-26T17:10:53.597579Z"
    },
    {
        "name": "0.8.7-full",
        "tag_last_pushed": "2020-04-26T17:10:49.012102Z"
    },
    {
        "name": "0.8.8",
        "tag_last_pushed": "2020-04-26T17:10:28.902691Z"
    },
    {
        "name": "0.8.8-full",
        "tag_last_pushed": "2020-04-26T17:10:23.769302Z"
    },
    {
        "name": "0.9.0",
        "tag_last_pushed": "2020-04-26T17:10:03.475798Z"
    },
    {
        "name": "0.9.0-full",
        "tag_last_pushed": "2020-04-26T17:09:58.322424Z"
    },
    {
        "name": "0.9.9",
        "tag_last_pushed": "2020-04-26T17:09:34.402862Z"
    },
    {
        "name": "0.9.9-full",
        "tag_last_pushed": "2020-04-26T17:09:25.889117Z"
    },
    {
        "name": "stable",
        "tag_last_pushed": "2020-04-26T17:09:04.120703Z"
    },
    {
        "name": "latest",
        "tag_last_pushed": "2020-04-26T17:09:03.271114Z"
    },
    {
        "name": "stable-full",
        "tag_last_pushed": "2020-04-26T17:08:54.637671Z"
    },
    {
        "name": "latest-full",
        "tag_last_pushed": "2020-04-26T17:08:53.84636Z"
    }
]