[
    {
        "name": "x86_64-python-3.11.4",
        "tag_last_pushed": "2023-06-12T22:05:20.952652Z"
    },
    {
        "name": "x86_64-lab-4.0.2",
        "tag_last_pushed": "2023-06-12T22:05:18.275716Z"
    },
    {
        "name": "x86_64-hub-4.0.1",
        "tag_last_pushed": "2023-06-12T22:05:17.64028Z"
    },
    {
        "name": "x86_64-e8b5a3cd1522",
        "tag_last_pushed": "2023-06-12T22:05:17.108025Z"
    },
    {
        "name": "x86_64-2023-06-12",
        "tag_last_pushed": "2023-06-12T22:05:16.281269Z"
    },
    {
        "name": "2023-06-12",
        "tag_last_pushed": "2023-06-12T05:00:27.812925Z"
    },
    {
        "name": "lab-4.0.2",
        "tag_last_pushed": "2023-06-12T05:00:16.390184Z"
    },
    {
        "name": "python-3.11.4",
        "tag_last_pushed": "2023-06-12T04:59:56.848168Z"
    },
    {
        "name": "hub-4.0.1",
        "tag_last_pushed": "2023-06-12T04:59:43.076152Z"
    },
    {
        "name": "python-3.11.3",
        "tag_last_pushed": "2023-06-06T16:58:01.083979Z"
    },
    {
        "name": "9e3ab9075a5e",
        "tag_last_pushed": "2023-06-06T16:57:59.998741Z"
    },
    {
        "name": "tensorflow-2.12.0",
        "tag_last_pushed": "2023-06-06T16:57:58.636303Z"
    },
    {
        "name": "latest",
        "tag_last_pushed": "2023-06-06T16:57:57.528315Z"
    },
    {
        "name": "lab-4.0.1",
        "tag_last_pushed": "2023-06-06T16:57:56.322109Z"
    },
    {
        "name": "notebook-6.5.4",
        "tag_last_pushed": "2023-06-06T16:57:54.281964Z"
    },
    {
        "name": "hub-4.0.0",
        "tag_last_pushed": "2023-06-06T16:57:53.097765Z"
    },
    {
        "name": "2023-06-06",
        "tag_last_pushed": "2023-06-06T16:57:51.874352Z"
    },
    {
        "name": "python-3.11",
        "tag_last_pushed": "2023-06-06T16:57:50.603648Z"
    },
    {
        "name": "ubuntu-22.04",
        "tag_last_pushed": "2023-06-06T16:57:49.3407Z"
    },
    {
        "name": "x86_64-ubuntu-22.04",
        "tag_last_pushed": "2023-06-06T16:54:22.000914Z"
    },
    {
        "name": "x86_64-tensorflow-2.12.0",
        "tag_last_pushed": "2023-06-06T16:54:21.517729Z"
    },
    {
        "name": "x86_64-python-3.11.3",
        "tag_last_pushed": "2023-06-06T16:54:21.055852Z"
    },
    {
        "name": "x86_64-python-3.11",
        "tag_last_pushed": "2023-06-06T16:54:20.663067Z"
    },
    {
        "name": "x86_64-notebook-6.5.4",
        "tag_last_pushed": "2023-06-06T16:54:20.249924Z"
    },
    {
        "name": "x86_64-latest",
        "tag_last_pushed": "2023-06-06T16:54:19.808678Z"
    },
    {
        "name": "x86_64-lab-4.0.1",
        "tag_last_pushed": "2023-06-06T16:54:19.386365Z"
    },
    {
        "name": "x86_64-hub-4.0.0",
        "tag_last_pushed": "2023-06-06T16:54:18.95375Z"
    },
    {
        "name": "x86_64-9e3ab9075a5e",
        "tag_last_pushed": "2023-06-06T16:54:18.428232Z"
    },
    {
        "name": "x86_64-2023-06-06",
        "tag_last_pushed": "2023-06-06T16:54:17.913707Z"
    },
    {
        "name": "63d4f3d1b713",
        "tag_last_pushed": "2023-06-05T22:37:37.37242Z"
    },
    {
        "name": "2023-06-05",
        "tag_last_pushed": "2023-06-05T22:37:28.594506Z"
    },
    {
        "name": "x86_64-63d4f3d1b713",
        "tag_last_pushed": "2023-06-05T22:32:29.774062Z"
    },
    {
        "name": "x86_64-2023-06-05",
        "tag_last_pushed": "2023-06-05T22:32:29.321078Z"
    },
    {
        "name": "5c660db02e58",
        "tag_last_pushed": "2023-06-05T05:13:02.377422Z"
    },
    {
        "name": "x86_64-5c660db02e58",
        "tag_last_pushed": "2023-06-05T04:43:40.497328Z"
    },
    {
        "name": "2023-06-04",
        "tag_last_pushed": "2023-06-04T21:21:25.538098Z"
    },
    {
        "name": "x86_64-2023-06-04",
        "tag_last_pushed": "2023-06-04T21:17:19.370982Z"
    },
    {
        "name": "88392974b86d",
        "tag_last_pushed": "2023-06-04T10:17:37.794818Z"
    },
    {
        "name": "x86_64-88392974b86d",
        "tag_last_pushed": "2023-06-04T10:13:15.186914Z"
    },
    {
        "name": "2023-06-03",
        "tag_last_pushed": "2023-06-03T22:10:59.346724Z"
    },
    {
        "name": "43519f20f464",
        "tag_last_pushed": "2023-06-03T22:10:53.8605Z"
    },
    {
        "name": "x86_64-43519f20f464",
        "tag_last_pushed": "2023-06-03T22:07:12.742573Z"
    },
    {
        "name": "x86_64-2023-06-03",
        "tag_last_pushed": "2023-06-03T22:07:12.047033Z"
    }
]