[
    {
        "name": "latest",
        "tag_last_pushed": "2023-04-24T17:15:10.531044Z"
    },
    {
        "name": "0.31.1",
        "tag_last_pushed": "2023-04-24T17:15:09.136162Z"
    },
    {
        "name": "0.31.0",
        "tag_last_pushed": "2023-04-21T22:51:02.213161Z"
    },
    {
        "name": "0.30.2",
        "tag_last_pushed": "2023-03-25T19:52:34.997198Z"
    },
    {
        "name": "0.29.0",
        "tag_last_pushed": "2023-01-31T18:59:00.599895Z"
    },
    {
        "name": "0.28.0",
        "tag_last_pushed": "2023-01-03T10:45:27.155974Z"
    },
    {
        "name": "0.27.1",
        "tag_last_pushed": "2022-12-15T05:32:38.133594Z"
    },
    {
        "name": "0.27.0",
        "tag_last_pushed": "2022-12-05T23:06:25.227386Z"
    },
    {
        "name": "0.22.5",
        "tag_last_pushed": "2022-10-29T00:01:20.600472Z"
    },
    {
        "name": "0.26.0",
        "tag_last_pushed": "2022-10-06T20:52:58.460698Z"
    },
    {
        "name": "0.25.2",
        "tag_last_pushed": "2022-10-06T19:35:05.402401Z"
    },
    {
        "name": "0.25.1",
        "tag_last_pushed": "2022-09-30T22:59:13.088753Z"
    },
    {
        "name": "0.25.0",
        "tag_last_pushed": "2022-09-20T05:54:41.31559Z"
    },
    {
        "name": "0.24.1",
        "tag_last_pushed": "2022-09-08T03:57:22.254662Z"
    },
    {
        "name": "0.24.0",
        "tag_last_pushed": "2022-08-25T15:36:42.668662Z"
    },
    {
        "name": "0.23.2",
        "tag_last_pushed": "2022-08-15T15:50:44.34739Z"
    },
    {
        "name": "0.22.4",
        "tag_last_pushed": "2022-08-15T15:15:50.574619Z"
    },
    {
        "name": "0.22.3",
        "tag_last_pushed": "2022-08-10T18:57:53.168825Z"
    },
    {
        "name": "0.23.1",
        "tag_last_pushed": "2022-08-10T15:19:53.870031Z"
    },
    {
        "name": "0.23.0",
        "tag_last_pushed": "2022-08-02T20:37:00.482212Z"
    },
    {
        "name": "0.22.2",
        "tag_last_pushed": "2022-07-29T04:33:40.448406Z"
    },
    {
        "name": "0.22.1",
        "tag_last_pushed": "2022-07-19T01:11:02.424036Z"
    },
    {
        "name": "0.22.0",
        "tag_last_pushed": "2022-06-29T20:34:17.414231Z"
    },
    {
        "name": "0.21.3",
        "tag_last_pushed": "2022-06-13T17:18:21.057379Z"
    },
    {
        "name": "0.21.2",
        "tag_last_pushed": "2022-05-17T20:40:47.425395Z"
    },
    {
        "name": "0.21.1",
        "tag_last_pushed": "2022-05-17T20:29:28.748962Z"
    },
    {
        "name": "0.20.2",
        "tag_last_pushed": "2022-04-28T21:33:05.584398Z"
    },
    {
        "name": "0.20.1",
        "tag_last_pushed": "2022-04-20T23:49:51.758049Z"
    },
    {
        "name": "0.20.0",
        "tag_last_pushed": "2022-04-15T00:04:22.952012Z"
    },
    {
        "name": "0.19.4",
        "tag_last_pushed": "2022-04-06T18:56:07.68936Z"
    },
    {
        "name": "0.19.3",
        "tag_last_pushed": "2022-03-09T23:49:38.723287Z"
    },
    {
        "name": "0.19.2",
        "tag_last_pushed": "2022-03-06T09:17:31.057462Z"
    },
    {
        "name": "0.19.1",
        "tag_last_pushed": "2022-03-05T19:38:16.658102Z"
    },
    {
        "name": "0.19.0",
        "tag_last_pushed": "2022-03-05T06:20:27.138143Z"
    },
    {
        "name": "0.18.1",
        "tag_last_pushed": "2022-02-16T01:44:01.798871Z"
    },
    {
        "name": "0.18.0",
        "tag_last_pushed": "2022-02-05T03:58:43.016811Z"
    },
    {
        "name": "0.17.0",
        "tag_last_pushed": "2022-01-04T13:15:38.99326Z"
    },
    {
        "name": "0.16.1",
        "tag_last_pushed": "2021-12-11T16:19:18.495859Z"
    },
    {
        "name": "0.16.0",
        "tag_last_pushed": "2021-12-09T21:25:57.652821Z"
    }
]