[
    {
        "name": "2.0.0-rc.55",
        "tag_last_pushed": "2021-07-02T21:12:20.133556Z"
    },
    {
        "name": "latest",
        "tag_last_pushed": "2021-07-02T21:09:27.654403Z"
    },
    {
        "name": "2.0.0-rc.54",
        "tag_last_pushed": "2021-06-21T06:53:58.034349Z"
    },
    {
        "name": "2.0.0-rc.52",
        "tag_last_pushed": "2021-04-27T04:42:46.511312Z"
    },
    {
        "name": "2.0.0-rc.53",
        "tag_last_pushed": "2021-04-27T04:39:30.538134Z"
    },
    {
        "name": "2.0.0-rc.51",
        "tag_last_pushed": "2021-04-27T04:36:22.759594Z"
    },
    {
        "name": "2.0.0-rc.50",
        "tag_last_pushed": "2021-02-16T05:39:24.288332Z"
    },
    {
        "name": "2.0.0-rc.49",
        "tag_last_pushed": "2021-02-04T05:47:53.155742Z"
    },
    {
        "name": "2.0.0-rc.48",
        "tag_last_pushed": "2020-12-12T00:50:37.391792Z"
    },
    {
        "name": "2.0.0-rc.47",
        "tag_last_pushed": "2020-11-18T00:01:35.506268Z"
    },
    {
        "name": "2.0.0-rc.45",
        "tag_last_pushed": "2020-10-27T22:38:44.260272Z"
    },
    {
        "name": "2.0.0-rc.44",
        "tag_last_pushed": "2020-10-16T18:47:52.461039Z"
    },
    {
        "name": "2.0.0-rc.42",
        "tag_last_pushed": "2020-10-15T06:40:27.399948Z"
    },
    {
        "name": "2.0.0-rc.43",
        "tag_last_pushed": "2020-10-15T06:34:44.324518Z"
    },
    {
        "name": "2.0.0-rc.41",
        "tag_last_pushed": "2020-09-26T02:40:27.021142Z"
    },
    {
        "name": "2.0.0-rc.40",
        "tag_last_pushed": "2020-09-02T06:05:40.856398Z"
    },
    {
        "name": "2.0.0-rc.39",
        "tag_last_pushed": "2020-09-02T05:58:43.529815Z"
    },
    {
        "name": "2.0.0-rc.38",
        "tag_last_pushed": "2020-08-21T00:43:15.480084Z"
    },
    {
        "name": "2.0.0-rc.37",
        "tag_last_pushed": "2020-08-14T14:09:23.685077Z"
    },
    {
        "name": "2.0.0-rc.36",
        "tag_last_pushed": "2020-08-08T18:39:03.953704Z"
    },
    {
        "name": "2.0.0-rc.31",
        "tag_last_pushed": "2020-06-26T06:57:36.675319Z"
    },
    {
        "name": "2.0.0-rc.30",
        "tag_last_pushed": "2020-05-26T21:55:38.92436Z"
    },
    {
        "name": "2.0.0-rc.29",
        "tag_last_pushed": "2020-05-18T04:18:32.541979Z"
    }
]