[
    {
        "name": "latest",
        "tag_last_pushed": "2021-08-20T04:58:46.087595Z"
    },
    {
        "name": "2021.08.20.36",
        "tag_last_pushed": "2021-08-20T04:58:43.509929Z"
    },
    {
        "name": "2021.08.20.34",
        "tag_last_pushed": "2021-08-20T04:58:06.331718Z"
    },
    {
        "name": "2021.08.20.32",
        "tag_last_pushed": "2021-08-20T04:57:55.113078Z"
    },
    {
        "name": "2021.08.20.30",
        "tag_last_pushed": "2021-08-20T04:57:53.268724Z"
    },
    {
        "name": "2021.08.19.28",
        "tag_last_pushed": "2021-08-20T04:57:49.946307Z"
    },
    {
        "name": "2021.08.19.26",
        "tag_last_pushed": "2021-08-20T04:57:47.173926Z"
    },
    {
        "name": "2021.08.19.24",
        "tag_last_pushed": "2021-08-20T04:57:45.212622Z"
    },
    {
        "name": "2021.08.18.22",
        "tag_last_pushed": "2021-08-20T04:57:43.635394Z"
    },
    {
        "name": "2021.08.12.20",
        "tag_last_pushed": "2021-08-20T04:57:42.12752Z"
    },
    {
        "name": "2021.07.23.18",
        "tag_last_pushed": "2021-08-20T04:57:39.372178Z"
    },
    {
        "name": "2021.06.25.16",
        "tag_last_pushed": "2021-08-20T04:57:37.409327Z"
    },
    {
        "name": "2021.06.25.14",
        "tag_last_pushed": "2021-08-20T04:57:35.379754Z"
    },
    {
        "name": "2021.06.25.12",
        "tag_last_pushed": "2021-08-20T04:57:31.841436Z"
    },
    {
        "name": "2021.06.25.10",
        "tag_last_pushed": "2021-08-20T04:57:28.527674Z"
    }
]