[
    {
        "name": "x86_64-python-3.11.4",
        "tag_last_pushed": "2023-06-12T21:59:43.183054Z"
    },
    {
        "name": "x86_64-lab-4.0.2",
        "tag_last_pushed": "2023-06-12T21:59:42.396468Z"
    },
    {
        "name": "x86_64-hub-4.0.1",
        "tag_last_pushed": "2023-06-12T21:59:42.207934Z"
    },
    {
        "name": "x86_64-e8b5a3cd1522",
        "tag_last_pushed": "2023-06-12T21:59:42.081286Z"
    },
    {
        "name": "x86_64-2023-06-12",
        "tag_last_pushed": "2023-06-12T21:59:41.510599Z"
    },
    {
        "name": "python-3.11.4",
        "tag_last_pushed": "2023-06-12T04:57:02.401159Z"
    },
    {
        "name": "hub-4.0.1",
        "tag_last_pushed": "2023-06-12T04:56:57.86327Z"
    },
    {
        "name": "lab-4.0.2",
        "tag_last_pushed": "2023-06-12T04:56:44.049774Z"
    },
    {
        "name": "2023-06-12",
        "tag_last_pushed": "2023-06-12T04:56:30.280902Z"
    },
    {
        "name": "lab-4.0.1",
        "tag_last_pushed": "2023-06-06T16:55:48.218851Z"
    },
    {
        "name": "latest",
        "tag_last_pushed": "2023-06-06T16:55:47.028707Z"
    },
    {
        "name": "python-3.11",
        "tag_last_pushed": "2023-06-06T16:55:45.871708Z"
    },
    {
        "name": "hub-4.0.0",
        "tag_last_pushed": "2023-06-06T16:55:44.565228Z"
    },
    {
        "name": "ubuntu-22.04",
        "tag_last_pushed": "2023-06-06T16:55:43.34703Z"
    },
    {
        "name": "9e3ab9075a5e",
        "tag_last_pushed": "2023-06-06T16:55:42.286931Z"
    },
    {
        "name": "2023-06-06",
        "tag_last_pushed": "2023-06-06T16:55:41.067193Z"
    },
    {
        "name": "python-3.11.3",
        "tag_last_pushed": "2023-06-06T16:55:39.666598Z"
    },
    {
        "name": "notebook-6.5.4",
        "tag_last_pushed": "2023-06-06T16:55:38.352492Z"
    },
    {
        "name": "x86_64-ubuntu-22.04",
        "tag_last_pushed": "2023-06-06T16:49:09.449085Z"
    },
    {
        "name": "x86_64-python-3.11.3",
        "tag_last_pushed": "2023-06-06T16:49:08.969087Z"
    },
    {
        "name": "x86_64-python-3.11",
        "tag_last_pushed": "2023-06-06T16:49:08.499553Z"
    },
    {
        "name": "x86_64-notebook-6.5.4",
        "tag_last_pushed": "2023-06-06T16:49:08.065866Z"
    },
    {
        "name": "x86_64-latest",
        "tag_last_pushed": "2023-06-06T16:49:07.669678Z"
    },
    {
        "name": "x86_64-lab-4.0.1",
        "tag_last_pushed": "2023-06-06T16:49:07.23323Z"
    },
    {
        "name": "x86_64-hub-4.0.0",
        "tag_last_pushed": "2023-06-06T16:49:06.606837Z"
    },
    {
        "name": "x86_64-9e3ab9075a5e",
        "tag_last_pushed": "2023-06-06T16:49:06.2347Z"
    },
    {
        "name": "x86_64-2023-06-06",
        "tag_last_pushed": "2023-06-06T16:49:05.590152Z"
    },
    {
        "name": "2023-06-05",
        "tag_last_pushed": "2023-06-05T22:35:23.097952Z"
    },
    {
        "name": "63d4f3d1b713",
        "tag_last_pushed": "2023-06-05T22:35:18.508629Z"
    },
    {
        "name": "x86_64-63d4f3d1b713",
        "tag_last_pushed": "2023-06-05T22:27:49.736159Z"
    },
    {
        "name": "x86_64-2023-06-05",
        "tag_last_pushed": "2023-06-05T22:27:48.917308Z"
    },
    {
        "name": "5c660db02e58",
        "tag_last_pushed": "2023-06-05T04:48:21.594645Z"
    },
    {
        "name": "x86_64-5c660db02e58",
        "tag_last_pushed": "2023-06-05T04:39:16.979595Z"
    },
    {
        "name": "2023-06-04",
        "tag_last_pushed": "2023-06-04T21:19:04.839551Z"
    },
    {
        "name": "x86_64-2023-06-04",
        "tag_last_pushed": "2023-06-04T21:12:57.056709Z"
    },
    {
        "name": "88392974b86d",
        "tag_last_pushed": "2023-06-04T10:15:58.099306Z"
    },
    {
        "name": "x86_64-88392974b86d",
        "tag_last_pushed": "2023-06-04T10:09:10.26544Z"
    },
    {
        "name": "43519f20f464",
        "tag_last_pushed": "2023-06-03T22:09:05.100444Z"
    },
    {
        "name": "2023-06-03",
        "tag_last_pushed": "2023-06-03T22:08:55.958223Z"
    },
    {
        "name": "x86_64-43519f20f464",
        "tag_last_pushed": "2023-06-03T22:00:46.985443Z"
    },
    {
        "name": "x86_64-2023-06-03",
        "tag_last_pushed": "2023-06-03T22:00:46.793963Z"
    },
    {
        "name": "a01a701292af",
        "tag_last_pushed": "2023-06-01T22:36:15.572577Z"
    },
    {
        "name": "2023-06-01",
        "tag_last_pushed": "2023-06-01T22:35:56.508795Z"
    }
]