[
    {
        "name": "latest",
        "tag_last_pushed": "2023-06-08T20:04:21.937402Z"
    },
    {
        "name": "2.5.4",
        "tag_last_pushed": "2023-04-13T04:49:42.217618Z"
    },
    {
        "name": "2.5",
        "tag_last_pushed": "2023-04-13T04:49:41.633938Z"
    },
    {
        "name": "2",
        "tag_last_pushed": "2023-04-13T04:49:41.01082Z"
    },
    {
        "name": "2.5.3",
        "tag_last_pushed": "2023-03-10T07:35:57.902274Z"
    },
    {
        "name": "2.5.2",
        "tag_last_pushed": "2023-03-08T20:25:04.329327Z"
    },
    {
        "name": "2.5.1",
        "tag_last_pushed": "2022-11-26T06:34:58.679326Z"
    },
    {
        "name": "2.5.0",
        "tag_last_pushed": "2022-11-23T06:27:04.697383Z"
    },
    {
        "name": "2.4.5",
        "tag_last_pushed": "2022-11-23T06:26:46.033622Z"
    },
    {
        "name": "2.4",
        "tag_last_pushed": "2022-11-23T06:26:44.833176Z"
    },
    {
        "name": "2.4.4",
        "tag_last_pushed": "2022-11-09T20:17:27.439907Z"
    },
    {
        "name": "2.4.3",
        "tag_last_pushed": "2022-11-09T20:13:25.150507Z"
    },
    {
        "name": "2.4.2",
        "tag_last_pushed": "2022-09-27T06:14:40.872729Z"
    },
    {
        "name": "2.4.1",
        "tag_last_pushed": "2022-09-23T08:21:27.687983Z"
    },
    {
        "name": "2.4.0",
        "tag_last_pushed": "2022-09-17T06:22:37.191745Z"
    },
    {
        "name": "2.3.3",
        "tag_last_pushed": "2022-08-29T21:48:34.945578Z"
    },
    {
        "name": "2.3",
        "tag_last_pushed": "2022-08-29T21:48:34.149034Z"
    },
    {
        "name": "2.3.2",
        "tag_last_pushed": "2022-08-29T06:54:31.460774Z"
    },
    {
        "name": "2.3.1",
        "tag_last_pushed": "2022-08-10T21:57:05.63872Z"
    },
    {
        "name": "2.3.0",
        "tag_last_pushed": "2022-08-05T06:00:23.364496Z"
    },
    {
        "name": "2.2.1",
        "tag_last_pushed": "2022-08-03T19:32:35.885352Z"
    },
    {
        "name": "2.2",
        "tag_last_pushed": "2022-08-03T19:32:35.221737Z"
    },
    {
        "name": "2.2.0",
        "tag_last_pushed": "2022-07-25T07:21:37.398349Z"
    },
    {
        "name": "2.1.7",
        "tag_last_pushed": "2022-07-22T08:24:50.370237Z"
    },
    {
        "name": "2.1",
        "tag_last_pushed": "2022-07-22T08:24:48.080875Z"
    },
    {
        "name": "2.1.6",
        "tag_last_pushed": "2022-07-10T07:46:31.265728Z"
    },
    {
        "name": "2.1.5",
        "tag_last_pushed": "2022-07-10T07:39:37.23384Z"
    },
    {
        "name": "2.1.4",
        "tag_last_pushed": "2022-06-24T07:24:45.602885Z"
    },
    {
        "name": "2.1.3",
        "tag_last_pushed": "2022-06-10T05:24:35.227284Z"
    },
    {
        "name": "2.1.2",
        "tag_last_pushed": "2022-05-13T19:41:19.749383Z"
    },
    {
        "name": "2.1.1",
        "tag_last_pushed": "2022-02-05T08:01:57.047224Z"
    },
    {
        "name": "2.1.0",
        "tag_last_pushed": "2022-01-29T08:58:26.235334Z"
    },
    {
        "name": "2.0.2",
        "tag_last_pushed": "2021-12-26T08:18:00.942961Z"
    },
    {
        "name": "2.0",
        "tag_last_pushed": "2021-12-26T08:17:58.990665Z"
    },
    {
        "name": "2.0.1",
        "tag_last_pushed": "2021-12-15T07:30:41.470968Z"
    },
    {
        "name": "2.0.0",
        "tag_last_pushed": "2021-12-13T08:43:41.110327Z"
    },
    {
        "name": "2.0.0-beta.16",
        "tag_last_pushed": "2021-09-28T05:34:52.607778Z"
    },
    {
        "name": "2.0.0-beta.15",
        "tag_last_pushed": "2021-09-27T19:52:27.973618Z"
    },
    {
        "name": "2.0.0-beta.14",
        "tag_last_pushed": "2021-09-27T19:51:35.883726Z"
    },
    {
        "name": "2.0.0-beta.13",
        "tag_last_pushed": "2021-09-21T19:22:55.36823Z"
    },
    {
        "name": "2.0.0-beta.12",
        "tag_last_pushed": "2021-09-13T17:33:25.485662Z"
    },
    {
        "name": "2.0.0-beta.11",
        "tag_last_pushed": "2021-09-11T07:49:12.413861Z"
    },
    {
        "name": "2.0.0-beta.10",
        "tag_last_pushed": "2021-09-09T21:58:34.853067Z"
    },
    {
        "name": "2.0.0-beta.9",
        "tag_last_pushed": "2021-09-07T22:21:09.554722Z"
    },
    {
        "name": "2.0.0-beta.8",
        "tag_last_pushed": "2021-08-31T20:05:04.231505Z"
    },
    {
        "name": "2.0.0-beta.7.1",
        "tag_last_pushed": "2021-08-31T19:48:42.331836Z"
    },
    {
        "name": "2.0.0-beta.7",
        "tag_last_pushed": "2021-08-31T18:24:29.134585Z"
    },
    {
        "name": "2.0.0-beta.6",
        "tag_last_pushed": "2021-08-29T06:17:00.373037Z"
    },
    {
        "name": "2.0.0-beta.5",
        "tag_last_pushed": "2021-08-27T07:17:06.758228Z"
    },
    {
        "name": "2.0.0-beta.4",
        "tag_last_pushed": "2021-08-27T07:01:14.206485Z"
    }
]