[
    {
        "name": "3.3.0",
        "tag_last_pushed": "2023-01-04T12:09:59.314608Z"
    },
    {
        "name": "3.2.1",
        "tag_last_pushed": "2023-01-04T12:08:33.941401Z"
    },
    {
        "name": "3.2.0",
        "tag_last_pushed": "2022-10-31T07:42:54.847776Z"
    },
    {
        "name": "3.1.4",
        "tag_last_pushed": "2021-10-25T09:18:48.862411Z"
    },
    {
        "name": "3.1.3",
        "tag_last_pushed": "2021-07-21T10:07:55.642322Z"
    },
    {
        "name": "3.1.2",
        "tag_last_pushed": "2021-06-10T08:03:27.872108Z"
    },
    {
        "name": "3.1.1",
        "tag_last_pushed": "2021-04-22T13:06:16.898347Z"
    },
    {
        "name": "3.1.0",
        "tag_last_pushed": "2021-01-26T14:10:45.085788Z"
    },
    {
        "name": "3.0.9",
        "tag_last_pushed": "2020-04-05T12:27:50.393391Z"
    },
    {
        "name": "3.0.8",
        "tag_last_pushed": "2019-11-11T21:50:35.657871Z"
    },
    {
        "name": "3.0.5",
        "tag_last_pushed": "2019-06-13T09:08:27.162951Z"
    }
]