[
    {
        "name": "latest",
        "tag_last_pushed": "2023-06-09T22:08:32.334729Z"
    },
    {
        "name": "v1.42.0",
        "tag_last_pushed": "2023-06-09T22:08:28.511147Z"
    },
    {
        "name": "v1.40.1",
        "tag_last_pushed": "2023-05-22T09:42:39.516599Z"
    },
    {
        "name": "v1.40.0",
        "tag_last_pushed": "2023-05-10T10:19:46.259405Z"
    },
    {
        "name": "v1.38.4",
        "tag_last_pushed": "2023-04-24T10:12:14.363425Z"
    },
    {
        "name": "v1.38.3",
        "tag_last_pushed": "2023-04-04T22:39:41.694574Z"
    },
    {
        "name": "v1.38.2",
        "tag_last_pushed": "2023-03-29T21:52:39.340013Z"
    },
    {
        "name": "v1.38.1",
        "tag_last_pushed": "2023-03-20T09:21:59.288692Z"
    },
    {
        "name": "v1.38.0",
        "tag_last_pushed": "2023-03-14T22:06:58.767706Z"
    },
    {
        "name": "v1.36.2",
        "tag_last_pushed": "2023-03-13T19:42:05.948551Z"
    },
    {
        "name": "v1.36.1",
        "tag_last_pushed": "2023-02-20T21:02:02.577832Z"
    },
    {
        "name": "v1.36.0",
        "tag_last_pushed": "2023-02-06T18:52:50.865746Z"
    },
    {
        "name": "v1.34.2",
        "tag_last_pushed": "2023-01-23T09:28:27.600048Z"
    },
    {
        "name": "v1.34.1",
        "tag_last_pushed": "2023-01-02T09:05:29.571913Z"
    },
    {
        "name": "v1.34.0",
        "tag_last_pushed": "2022-12-12T09:32:12.74475Z"
    },
    {
        "name": "v1.32.3",
        "tag_last_pushed": "2022-12-05T09:18:08.762028Z"
    },
    {
        "name": "v1.32.2",
        "tag_last_pushed": "2022-11-21T09:02:34.782384Z"
    },
    {
        "name": "v1.32.1",
        "tag_last_pushed": "2022-10-24T09:30:46.206421Z"
    },
    {
        "name": "v1.32.0",
        "tag_last_pushed": "2022-10-18T20:11:43.476873Z"
    },
    {
        "name": "v1.30.2",
        "tag_last_pushed": "2022-10-13T05:04:09.381018Z"
    },
    {
        "name": "v1.30.1",
        "tag_last_pushed": "2022-09-12T09:07:40.702441Z"
    },
    {
        "name": "v1.30.0",
        "tag_last_pushed": "2022-09-07T08:13:26.950438Z"
    },
    {
        "name": "v1.28.0",
        "tag_last_pushed": "2022-08-29T09:00:55.040735Z"
    },
    {
        "name": "v1.26.2",
        "tag_last_pushed": "2022-07-18T09:03:13.175432Z"
    },
    {
        "name": "v1.26.1",
        "tag_last_pushed": "2022-07-04T09:14:46.290103Z"
    },
    {
        "name": "v1.26.0",
        "tag_last_pushed": "2022-06-14T04:12:23.406261Z"
    },
    {
        "name": "v1.24.2",
        "tag_last_pushed": "2022-06-06T08:59:22.624258Z"
    },
    {
        "name": "v1.24.1",
        "tag_last_pushed": "2022-04-28T20:09:20.422979Z"
    },
    {
        "name": "v1.24.0",
        "tag_last_pushed": "2022-04-25T19:04:00.207139Z"
    },
    {
        "name": "v1.22.2",
        "tag_last_pushed": "2022-04-22T08:21:26.0275Z"
    },
    {
        "name": "v1.22.1",
        "tag_last_pushed": "2022-03-17T18:04:02.073483Z"
    },
    {
        "name": "v1.22.0",
        "tag_last_pushed": "2022-03-07T09:09:57.082525Z"
    },
    {
        "name": "v1.20.4",
        "tag_last_pushed": "2022-02-21T08:49:20.169075Z"
    },
    {
        "name": "v1.20.3",
        "tag_last_pushed": "2022-02-07T08:48:35.019773Z"
    },
    {
        "name": "v1.20.2",
        "tag_last_pushed": "2022-01-24T19:10:01.33804Z"
    },
    {
        "name": "v1.20.1",
        "tag_last_pushed": "2022-01-18T18:06:39.079787Z"
    },
    {
        "name": "v1.20.0",
        "tag_last_pushed": "2022-01-13T04:00:16.691359Z"
    },
    {
        "name": "v1.18.2",
        "tag_last_pushed": "2022-01-10T09:00:18.129865Z"
    },
    {
        "name": "v1.18.1",
        "tag_last_pushed": "2021-12-13T09:02:39.675766Z"
    },
    {
        "name": "v1.18.0",
        "tag_last_pushed": "2021-11-25T03:02:11.978011Z"
    },
    {
        "name": "v1.16.2",
        "tag_last_pushed": "2021-11-15T08:43:31.304992Z"
    },
    {
        "name": "v1.16.1",
        "tag_last_pushed": "2021-10-25T08:32:55.968404Z"
    },
    {
        "name": "v1.16.0",
        "tag_last_pushed": "2021-10-19T07:15:14.788466Z"
    },
    {
        "name": "v1.14.6",
        "tag_last_pushed": "2021-10-04T08:40:31.78204Z"
    },
    {
        "name": "v1.14.4",
        "tag_last_pushed": "2021-09-28T17:37:59.6693Z"
    },
    {
        "name": "v1.14.3",
        "tag_last_pushed": "2021-09-23T23:06:15.721445Z"
    },
    {
        "name": "v1.14.0",
        "tag_last_pushed": "2021-09-16T01:47:13.579149Z"
    },
    {
        "name": "v1.12.3",
        "tag_last_pushed": "2021-08-23T08:21:58.566211Z"
    },
    {
        "name": "v1.12.1",
        "tag_last_pushed": "2021-08-02T08:18:24.556423Z"
    },
    {
        "name": "v1.12.0",
        "tag_last_pushed": "2021-07-27T20:09:10.338297Z"
    }
]