[
    {
        "name": "2019.06.08",
        "tag_last_pushed": "2019-06-14T01:17:39.050423Z"
    },
    {
        "name": "latest",
        "tag_last_pushed": "2019-06-14T01:17:36.45372Z"
    },
    {
        "name": "VERSION",
        "tag_last_pushed": "2019-06-13T00:50:15.468307Z"
    },
    {
        "name": "2019.04.07",
        "tag_last_pushed": "2019-04-10T03:07:33.559816Z"
    },
    {
        "name": "2018.09.26",
        "tag_last_pushed": "2018-10-01T06:29:06.544279Z"
    },
    {
        "name": "2017.06.05",
        "tag_last_pushed": "2017-06-06T03:10:41.190744Z"
    },
    {
        "name": "0.1",
        "tag_last_pushed": "2017-01-07T06:11:06.690119Z"
    }
]