[
    {
        "name": "14.17.0-stretch",
        "tag_last_pushed": "2021-06-03T08:07:56.15463Z"
    },
    {
        "name": "14.16.1-stretch",
        "tag_last_pushed": "2021-05-11T06:45:11.079075Z"
    },
    {
        "name": "14.16.1-aws-cli-stretch",
        "tag_last_pushed": "2021-04-22T01:13:05.704133Z"
    },
    {
        "name": "12.16.2-aws-cli-stretch",
        "tag_last_pushed": "2020-04-10T06:22:03.139682Z"
    },
    {
        "name": "12.14.1-aws-cli-stretch",
        "tag_last_pushed": "2020-02-23T08:47:12.151018Z"
    },
    {
        "name": "12.15.0-npm",
        "tag_last_pushed": "2020-02-17T18:57:16.450488Z"
    }
]