[
    {
        "name": "light",
        "tag_last_pushed": "2023-05-09T18:42:56.991137Z"
    },
    {
        "name": "0.8.4a17-torch1.13.1-cuda11.6-cudnn8-devel",
        "tag_last_pushed": "2023-05-05T21:25:20.063717Z"
    },
    {
        "name": "latest-torch1.13.1-cuda11.6-cudnn8-devel",
        "tag_last_pushed": "2023-05-05T21:25:05.938205Z"
    },
    {
        "name": "0.8.4a16-torch1.13.1-cuda11.6-cudnn8-devel",
        "tag_last_pushed": "2023-05-03T15:49:32.859545Z"
    },
    {
        "name": "0.8.4a15-torch1.13.1-cuda11.6-cudnn8-devel",
        "tag_last_pushed": "2023-05-03T02:34:53.742276Z"
    },
    {
        "name": "0.8.4a14-torch1.13.1-cuda11.6-cudnn8-devel",
        "tag_last_pushed": "2023-05-01T14:47:18.59882Z"
    },
    {
        "name": "0.8.4a13-torch1.13.1-cuda11.6-cudnn8-devel",
        "tag_last_pushed": "2023-04-30T20:37:43.856926Z"
    },
    {
        "name": "0.8.4a12-torch1.13.1-cuda11.6-cudnn8-devel",
        "tag_last_pushed": "2023-04-30T19:20:38.685992Z"
    },
    {
        "name": "0.8.4a11-torch1.13.1-cuda11.6-cudnn8-devel",
        "tag_last_pushed": "2023-04-30T16:43:54.547154Z"
    },
    {
        "name": "0.8.4a10-torch1.13.1-cuda11.6-cudnn8-devel",
        "tag_last_pushed": "2023-04-30T13:42:01.263668Z"
    },
    {
        "name": "0.8.4a9-torch1.13.1-cuda11.6-cudnn8-devel",
        "tag_last_pushed": "2023-04-30T11:23:33.883768Z"
    },
    {
        "name": "0.8.4a8-torch1.13.1-cuda11.6-cudnn8-devel",
        "tag_last_pushed": "2023-04-30T05:09:29.433903Z"
    },
    {
        "name": "0.8.4a7-torch1.13.1-cuda11.6-cudnn8-devel",
        "tag_last_pushed": "2023-04-28T18:22:59.017245Z"
    },
    {
        "name": "0.8.4a6-torch1.13.1-cuda11.6-cudnn8-devel",
        "tag_last_pushed": "2023-04-28T16:09:39.878702Z"
    },
    {
        "name": "0.8.4a5-torch1.13.1-cuda11.6-cudnn8-devel",
        "tag_last_pushed": "2023-04-28T02:49:33.394719Z"
    },
    {
        "name": "0.8.4a4-torch1.13.1-cuda11.6-cudnn8-devel",
        "tag_last_pushed": "2023-04-27T16:11:29.260199Z"
    },
    {
        "name": "0.8.4a2-torch1.13.1-cuda11.6-cudnn8-devel",
        "tag_last_pushed": "2023-04-27T14:33:43.331279Z"
    },
    {
        "name": "0.8.4a1-torch1.13.1-cuda11.6-cudnn8-devel",
        "tag_last_pushed": "2023-04-27T10:31:36.651944Z"
    },
    {
        "name": "0.8.3-torch1.13.1-cuda11.6-cudnn8-devel",
        "tag_last_pushed": "2023-04-27T02:12:44.711166Z"
    },
    {
        "name": "0.8.3a22-torch1.13.1-cuda11.6-cudnn8-devel",
        "tag_last_pushed": "2023-04-22T07:12:30.313432Z"
    },
    {
        "name": "0.8.3a21-torch1.13.1-cuda11.6-cudnn8-devel",
        "tag_last_pushed": "2023-04-22T06:57:45.443465Z"
    },
    {
        "name": "0.8.3a18-torch1.13.1-cuda11.6-cudnn8-devel",
        "tag_last_pushed": "2023-04-21T13:15:16.481499Z"
    },
    {
        "name": "0.8.3a17-torch1.13.1-cuda11.6-cudnn8-devel",
        "tag_last_pushed": "2023-04-21T05:13:53.037549Z"
    },
    {
        "name": "0.8.3a16-torch1.13.1-cuda11.6-cudnn8-devel",
        "tag_last_pushed": "2023-04-20T10:20:04.294735Z"
    },
    {
        "name": "0.8.3a15-torch1.13.1-cuda11.6-cudnn8-devel",
        "tag_last_pushed": "2023-04-20T09:36:40.586493Z"
    },
    {
        "name": "0.8.3a14-torch1.13.1-cuda11.6-cudnn8-devel",
        "tag_last_pushed": "2023-04-19T03:55:43.431568Z"
    },
    {
        "name": "0.8.3a13-torch1.13.1-cuda11.6-cudnn8-devel",
        "tag_last_pushed": "2023-04-17T16:56:05.210544Z"
    },
    {
        "name": "0.8.3a12-torch1.13.1-cuda11.6-cudnn8-devel",
        "tag_last_pushed": "2023-04-16T19:33:18.398495Z"
    },
    {
        "name": "0.8.3a11-torch1.13.1-cuda11.6-cudnn8-devel",
        "tag_last_pushed": "2023-04-16T10:59:46.591843Z"
    },
    {
        "name": "0.8.3a9-torch1.13.1-cuda11.6-cudnn8-devel",
        "tag_last_pushed": "2023-04-13T14:57:45.354706Z"
    },
    {
        "name": "0.8.3a6-torch1.13.1-cuda11.6-cudnn8-devel",
        "tag_last_pushed": "2023-04-12T05:11:18.700989Z"
    },
    {
        "name": "0.8.3a3-torch1.13.1-cuda11.6-cudnn8-devel",
        "tag_last_pushed": "2023-04-05T02:04:35.971755Z"
    },
    {
        "name": "0.8.3a2-torch1.13.1-cuda11.6-cudnn8-devel",
        "tag_last_pushed": "2023-04-04T18:22:28.592452Z"
    },
    {
        "name": "0.8.2-torch1.13.1-cuda11.6-cudnn8-devel",
        "tag_last_pushed": "2023-03-31T11:31:59.795172Z"
    },
    {
        "name": "0.8.2a5-torch1.13.1-cuda11.6-cudnn8-devel",
        "tag_last_pushed": "2023-03-31T11:24:19.099872Z"
    },
    {
        "name": "0.8.1-torch1.12.1-cuda11.3-cudnn8-devel",
        "tag_last_pushed": "2023-03-23T18:54:16.228731Z"
    },
    {
        "name": "latest-torch1.12.1-cuda11.3-cudnn8-devel",
        "tag_last_pushed": "2023-03-23T18:54:11.934204Z"
    },
    {
        "name": "0.8.0-torch1.12.1-cuda11.3-cudnn8-devel",
        "tag_last_pushed": "2023-03-23T12:53:06.541794Z"
    },
    {
        "name": "0.7.601-torch1.12.1-cuda11.3-cudnn8-devel",
        "tag_last_pushed": "2023-03-16T11:14:29.10695Z"
    },
    {
        "name": "0.7.600-torch1.12.1-cuda11.3-cudnn8-devel",
        "tag_last_pushed": "2023-03-13T16:05:14.593069Z"
    },
    {
        "name": "0.7.502-torch1.12.1-cuda11.3-cudnn8-devel",
        "tag_last_pushed": "2023-02-28T02:43:01.374121Z"
    },
    {
        "name": "0.7.500-torch1.12.1-cuda11.3-cudnn8-devel",
        "tag_last_pushed": "2023-02-26T12:19:02.628203Z"
    },
    {
        "name": "0.7.449-torch1.12.1-cuda11.3-cudnn8-devel",
        "tag_last_pushed": "2023-02-25T07:40:45.355149Z"
    },
    {
        "name": "0.7.427-torch1.12.1-cuda11.3-cudnn8-devel",
        "tag_last_pushed": "2023-02-16T02:50:51.635479Z"
    },
    {
        "name": "0.7.421-torch1.12.1-cuda11.3-cudnn8-devel",
        "tag_last_pushed": "2023-02-14T20:01:30.225047Z"
    },
    {
        "name": "0.7.415-torch1.12.1-cuda11.3-cudnn8-devel",
        "tag_last_pushed": "2023-02-14T12:23:49.090565Z"
    },
    {
        "name": "0.7.410-torch1.12.1-cuda11.3-cudnn8-devel",
        "tag_last_pushed": "2023-02-09T17:24:06.788708Z"
    },
    {
        "name": "0.7.409-torch1.12.1-cuda11.3-cudnn8-devel",
        "tag_last_pushed": "2023-02-09T07:42:23.871504Z"
    },
    {
        "name": "0.7.408-torch1.12.1-cuda11.3-cudnn8-devel",
        "tag_last_pushed": "2023-02-09T06:41:10.907911Z"
    },
    {
        "name": "0.7.406-torch1.12.1-cuda11.3-cudnn8-devel",
        "tag_last_pushed": "2023-02-08T16:14:44.399313Z"
    }
]