[
    {
        "name": "gpu-cv-cc75",
        "tag_last_pushed": "2020-07-16T20:56:03.531583Z"
    },
    {
        "name": "gpu-cv",
        "tag_last_pushed": "2020-07-16T16:22:10.110052Z"
    },
    {
        "name": "cpu-cv",
        "tag_last_pushed": "2020-07-16T16:17:48.907607Z"
    },
    {
        "name": "gpu-cc75",
        "tag_last_pushed": "2020-07-16T16:13:47.563387Z"
    },
    {
        "name": "gpu-cc72",
        "tag_last_pushed": "2020-07-16T16:13:40.360366Z"
    },
    {
        "name": "gpu-cc70",
        "tag_last_pushed": "2020-07-16T16:13:32.498461Z"
    },
    {
        "name": "gpu-cc62",
        "tag_last_pushed": "2020-07-16T16:13:25.114132Z"
    },
    {
        "name": "gpu-cc61",
        "tag_last_pushed": "2020-07-16T16:13:17.373827Z"
    },
    {
        "name": "gpu-cc60",
        "tag_last_pushed": "2020-07-16T16:13:09.940182Z"
    },
    {
        "name": "gpu",
        "tag_last_pushed": "2020-07-16T16:12:53.498138Z"
    },
    {
        "name": "cpu",
        "tag_last_pushed": "2020-07-16T16:12:37.596919Z"
    },
    {
        "name": "latest",
        "tag_last_pushed": "2020-07-16T07:34:07.684991Z"
    }
]