[
    {
        "name": "latest",
        "tag_last_pushed": "2019-06-11T04:54:22.590261Z"
    },
    {
        "name": "v1.6.1",
        "tag_last_pushed": "2019-04-15T04:11:40.688258Z"
    },
    {
        "name": "v1.6.0",
        "tag_last_pushed": "2019-03-26T08:15:44.237832Z"
    },
    {
        "name": "v1.5.0",
        "tag_last_pushed": "2019-03-01T08:12:41.321973Z"
    },
    {
        "name": "v1.4.3",
        "tag_last_pushed": "2019-03-01T05:36:41.585867Z"
    },
    {
        "name": "v1.4.2",
        "tag_last_pushed": "2019-02-25T04:24:11.964766Z"
    },
    {
        "name": "v1.4.1",
        "tag_last_pushed": "2019-02-18T11:07:53.561677Z"
    },
    {
        "name": "v1.4.0",
        "tag_last_pushed": "2019-02-18T02:28:52.577921Z"
    },
    {
        "name": "v1.3.2",
        "tag_last_pushed": "2019-02-12T09:48:30.712546Z"
    },
    {
        "name": "v1.3.1",
        "tag_last_pushed": "2019-01-11T08:48:28.146111Z"
    },
    {
        "name": "v1.3.0",
        "tag_last_pushed": "2019-01-11T08:15:31.162192Z"
    },
    {
        "name": "v1.2.2",
        "tag_last_pushed": "2018-12-25T09:23:44.693548Z"
    },
    {
        "name": "v1.2.1",
        "tag_last_pushed": "2018-12-21T11:39:11.93548Z"
    },
    {
        "name": "v1.2.0",
        "tag_last_pushed": "2018-12-21T11:16:17.24104Z"
    },
    {
        "name": "v1.1.0",
        "tag_last_pushed": "2018-12-07T10:00:02.532723Z"
    },
    {
        "name": "v1.0.1",
        "tag_last_pushed": "2018-11-22T09:52:13.297786Z"
    },
    {
        "name": "v1.0.0",
        "tag_last_pushed": "2018-11-19T04:15:11.933863Z"
    }
]