[
    {
        "name": "latest",
        "tag_last_pushed": "2023-06-12T09:02:04.135297Z"
    },
    {
        "name": "v3.15.0",
        "tag_last_pushed": "2023-06-12T09:02:01.647845Z"
    },
    {
        "name": "v3.14.0",
        "tag_last_pushed": "2023-05-30T20:13:17.077578Z"
    },
    {
        "name": "v3.13.0",
        "tag_last_pushed": "2023-04-24T10:09:09.860324Z"
    },
    {
        "name": "v3.12.0",
        "tag_last_pushed": "2023-03-31T02:06:20.929142Z"
    },
    {
        "name": "v3.11.0",
        "tag_last_pushed": "2023-02-27T09:28:39.801371Z"
    },
    {
        "name": "v3.10.0",
        "tag_last_pushed": "2023-01-31T21:02:46.961293Z"
    },
    {
        "name": "v3.9.0",
        "tag_last_pushed": "2022-12-26T23:32:28.827666Z"
    },
    {
        "name": "v3.8.0",
        "tag_last_pushed": "2022-12-02T01:45:57.468645Z"
    },
    {
        "name": "v3.7.0",
        "tag_last_pushed": "2022-11-02T01:27:09.08239Z"
    },
    {
        "name": "v3.6.0",
        "tag_last_pushed": "2022-09-30T23:29:55.45154Z"
    },
    {
        "name": "v3.5.0",
        "tag_last_pushed": "2022-08-29T09:11:39.844473Z"
    },
    {
        "name": "v3.4.0",
        "tag_last_pushed": "2022-08-04T19:38:12.040454Z"
    },
    {
        "name": "v3.3.0",
        "tag_last_pushed": "2022-07-26T17:12:26.556234Z"
    },
    {
        "name": "v3.2.0",
        "tag_last_pushed": "2022-06-02T07:20:09.171168Z"
    },
    {
        "name": "v3.1.0",
        "tag_last_pushed": "2022-05-02T10:43:34.900532Z"
    },
    {
        "name": "v3.0.0",
        "tag_last_pushed": "2022-03-29T09:30:41.601409Z"
    },
    {
        "name": "v3.0.0-rc4",
        "tag_last_pushed": "2022-02-28T17:04:37.602849Z"
    },
    {
        "name": "v3.0.0-rc3",
        "tag_last_pushed": "2022-02-08T05:43:52.780459Z"
    },
    {
        "name": "v3.0.0-rc2",
        "tag_last_pushed": "2021-12-15T01:14:10.832863Z"
    },
    {
        "name": "v3.0.0-rc1",
        "tag_last_pushed": "2021-12-13T08:48:52.971479Z"
    },
    {
        "name": "v2.34.0",
        "tag_last_pushed": "2021-12-06T08:47:02.682719Z"
    },
    {
        "name": "v2.33.0",
        "tag_last_pushed": "2021-11-29T08:49:09.946943Z"
    },
    {
        "name": "v2.32.0",
        "tag_last_pushed": "2021-11-01T08:48:02.45993Z"
    },
    {
        "name": "v2.31.0",
        "tag_last_pushed": "2021-09-28T18:37:22.345359Z"
    },
    {
        "name": "v2.30.0",
        "tag_last_pushed": "2021-09-02T01:53:55.66122Z"
    }
]