[
    {
        "name": "8e8f2f5",
        "tag_last_pushed": "2023-06-12T15:58:28.979358Z"
    },
    {
        "name": "v0.10.4",
        "tag_last_pushed": "2023-06-12T14:54:50.57516Z"
    },
    {
        "name": "f3cf9b7",
        "tag_last_pushed": "2023-06-12T12:51:08.845024Z"
    },
    {
        "name": "ab3fe0d",
        "tag_last_pushed": "2023-06-12T12:49:20.897315Z"
    },
    {
        "name": "f2c66fd",
        "tag_last_pushed": "2023-06-09T18:02:33.043485Z"
    },
    {
        "name": "head",
        "tag_last_pushed": "2023-06-09T18:02:31.243979Z"
    },
    {
        "name": "43d37ff",
        "tag_last_pushed": "2023-06-09T11:05:25.557097Z"
    },
    {
        "name": "2b94a10",
        "tag_last_pushed": "2023-06-09T10:03:15.502911Z"
    },
    {
        "name": "369a04a",
        "tag_last_pushed": "2023-06-09T08:34:13.712787Z"
    },
    {
        "name": "8d31a18",
        "tag_last_pushed": "2023-06-09T06:50:31.943741Z"
    },
    {
        "name": "a04631b",
        "tag_last_pushed": "2023-06-08T23:02:45.480013Z"
    },
    {
        "name": "pr8191",
        "tag_last_pushed": "2023-06-08T21:04:38.85688Z"
    },
    {
        "name": "45e592b",
        "tag_last_pushed": "2023-06-08T08:06:43.677123Z"
    },
    {
        "name": "2e1d31b",
        "tag_last_pushed": "2023-06-08T07:50:15.678539Z"
    },
    {
        "name": "ac06cf3",
        "tag_last_pushed": "2023-06-08T04:52:28.570133Z"
    },
    {
        "name": "6813f4a",
        "tag_last_pushed": "2023-06-08T04:32:35.956371Z"
    },
    {
        "name": "pr8153",
        "tag_last_pushed": "2023-06-08T00:12:36.955605Z"
    },
    {
        "name": "81fdf9d",
        "tag_last_pushed": "2023-06-07T23:55:13.077149Z"
    },
    {
        "name": "pr8189",
        "tag_last_pushed": "2023-06-07T21:51:25.249737Z"
    },
    {
        "name": "fd790e3",
        "tag_last_pushed": "2023-06-07T20:29:22.547703Z"
    },
    {
        "name": "5588a04",
        "tag_last_pushed": "2023-06-07T19:01:06.473505Z"
    },
    {
        "name": "593fec5",
        "tag_last_pushed": "2023-06-07T18:51:31.706704Z"
    },
    {
        "name": "22e7771",
        "tag_last_pushed": "2023-06-07T15:10:12.645501Z"
    },
    {
        "name": "9ca8218",
        "tag_last_pushed": "2023-06-07T13:18:06.23272Z"
    },
    {
        "name": "ea79a4b",
        "tag_last_pushed": "2023-06-07T13:05:32.868527Z"
    },
    {
        "name": "pr8185",
        "tag_last_pushed": "2023-06-07T12:45:04.4299Z"
    },
    {
        "name": "9fa8489",
        "tag_last_pushed": "2023-06-07T09:27:45.583802Z"
    },
    {
        "name": "7041281",
        "tag_last_pushed": "2023-06-07T08:22:16.719067Z"
    },
    {
        "name": "pr8182",
        "tag_last_pushed": "2023-06-06T23:24:14.897351Z"
    },
    {
        "name": "8e6e4e8",
        "tag_last_pushed": "2023-06-06T22:18:29.409493Z"
    },
    {
        "name": "6bad15b",
        "tag_last_pushed": "2023-06-06T20:56:33.496501Z"
    },
    {
        "name": "pr8170",
        "tag_last_pushed": "2023-06-06T18:32:10.492877Z"
    },
    {
        "name": "57c5d2f",
        "tag_last_pushed": "2023-06-06T15:05:06.202468Z"
    },
    {
        "name": "983a8ca",
        "tag_last_pushed": "2023-06-06T13:23:39.435454Z"
    },
    {
        "name": "9fc1ef0",
        "tag_last_pushed": "2023-06-06T13:16:02.346986Z"
    },
    {
        "name": "279f9eb",
        "tag_last_pushed": "2023-06-06T10:41:09.092315Z"
    },
    {
        "name": "fcaaedd",
        "tag_last_pushed": "2023-06-06T08:36:03.106351Z"
    },
    {
        "name": "743439c",
        "tag_last_pushed": "2023-06-05T23:00:47.389382Z"
    },
    {
        "name": "3022c2d",
        "tag_last_pushed": "2023-06-05T18:45:44.590005Z"
    },
    {
        "name": "e7d1b90",
        "tag_last_pushed": "2023-06-03T00:27:38.555626Z"
    },
    {
        "name": "802c91a",
        "tag_last_pushed": "2023-06-02T20:13:37.550768Z"
    },
    {
        "name": "pr8163",
        "tag_last_pushed": "2023-06-02T14:35:00.825467Z"
    },
    {
        "name": "fe1ff71",
        "tag_last_pushed": "2023-06-02T14:07:24.441449Z"
    },
    {
        "name": "03ac44c",
        "tag_last_pushed": "2023-06-01T16:10:48.138108Z"
    },
    {
        "name": "fb44cbd",
        "tag_last_pushed": "2023-06-01T14:14:56.003924Z"
    },
    {
        "name": "690ed08",
        "tag_last_pushed": "2023-06-01T02:16:03.940766Z"
    },
    {
        "name": "60dd9ef",
        "tag_last_pushed": "2023-05-31T23:10:38.06384Z"
    },
    {
        "name": "4ade131",
        "tag_last_pushed": "2023-05-31T15:48:04.088968Z"
    },
    {
        "name": "6c445c8",
        "tag_last_pushed": "2023-05-31T14:21:20.89257Z"
    },
    {
        "name": "0b0e499",
        "tag_last_pushed": "2023-05-31T10:19:04.930973Z"
    },
    {
        "name": "a29b576",
        "tag_last_pushed": "2023-05-31T06:22:02.898847Z"
    },
    {
        "name": "4f50445",
        "tag_last_pushed": "2023-05-31T00:06:14.625579Z"
    },
    {
        "name": "b42f518",
        "tag_last_pushed": "2023-05-31T00:03:14.125852Z"
    },
    {
        "name": "pr8152",
        "tag_last_pushed": "2023-05-30T23:35:00.95307Z"
    }
]