[
    {
        "name": "v1.0.0-20210510T1323-git-0747a40",
        "tag_last_pushed": "2021-05-10T13:24:39.029624Z"
    },
    {
        "name": "latest",
        "tag_last_pushed": "2021-05-10T13:24:37.876017Z"
    },
    {
        "name": "v1.0.0-20190503T1915-git-b0fca0c",
        "tag_last_pushed": "2019-05-03T19:16:13.418481Z"
    },
    {
        "name": "v0.11.0-20181002T1350-git-3d0ba71",
        "tag_last_pushed": "2018-10-02T13:52:10.186026Z"
    },
    {
        "name": "v0.11.0-20180929T1435-git-0683251",
        "tag_last_pushed": "2018-09-29T14:36:19.104333Z"
    },
    {
        "name": "v0.11.0-20180928T1752-git-179ac1c",
        "tag_last_pushed": "2018-09-28T17:54:04.565944Z"
    },
    {
        "name": "v0.11.0-20180928T1544-git-4147115",
        "tag_last_pushed": "2018-09-28T15:45:26.55183Z"
    },
    {
        "name": "v0.11.0-20180708T0148-git-c330677",
        "tag_last_pushed": "2018-07-08T01:50:57.129317Z"
    },
    {
        "name": "v0.11.0-20180515T0031-git-751946d",
        "tag_last_pushed": "2018-05-15T00:34:00.705814Z"
    },
    {
        "name": "v0.10.14-20180421T0106-git-43d18b9",
        "tag_last_pushed": "2018-04-21T01:09:17.721936Z"
    },
    {
        "name": "v0.10.12-20180415T1347-git-0370e68",
        "tag_last_pushed": "2018-04-15T13:49:48.411505Z"
    },
    {
        "name": "v0.10.12-20180330T1541-git-4095a0c",
        "tag_last_pushed": "2018-03-30T15:45:37.955467Z"
    },
    {
        "name": "v0.10.11-20180325T2347-git-f980c1f",
        "tag_last_pushed": "2018-03-25T23:53:02.593919Z"
    },
    {
        "name": "v0.10.11-20180224T1654-git-95cc54a",
        "tag_last_pushed": "2018-02-24T16:56:23.592547Z"
    },
    {
        "name": "v0.10.10-20171120T0211-git-a947ac2",
        "tag_last_pushed": "2017-11-20T02:14:34.250948Z"
    },
    {
        "name": "v0.10.10-20171120T0051-git-5a534f7",
        "tag_last_pushed": "2017-11-20T00:54:11.475222Z"
    },
    {
        "name": "v0.10.10-20171030T0048-git-5c2b083",
        "tag_last_pushed": "2017-10-30T00:50:15.902368Z"
    },
    {
        "name": "v0.10.10-20171029T1952-git-d2a41e5",
        "tag_last_pushed": "2017-10-29T19:55:04.972913Z"
    },
    {
        "name": "v0.10.10-20171029T1748-git-4acd287",
        "tag_last_pushed": "2017-10-29T17:50:56.151057Z"
    },
    {
        "name": "v0.10.10-20171019T1806-git-6ee8339",
        "tag_last_pushed": "2017-10-19T18:08:24.203661Z"
    },
    {
        "name": "v0.10.10-20171016T1610-git-9aa9cc8",
        "tag_last_pushed": "2017-10-16T16:12:47.203619Z"
    },
    {
        "name": "v0.10.10-20171016T1559-git-3a2d311",
        "tag_last_pushed": "2017-10-16T16:01:09.687587Z"
    },
    {
        "name": "v0.10.10-20171010T0109-git-4df89d8",
        "tag_last_pushed": "2017-10-10T01:11:35.100934Z"
    },
    {
        "name": "v0.10.9-20170914T0207-git-a9b4e3b",
        "tag_last_pushed": "2017-09-14T02:09:11.972908Z"
    },
    {
        "name": "v0.10.8-20170908T1759-git-ed59f88",
        "tag_last_pushed": "2017-09-08T18:01:30.734014Z"
    },
    {
        "name": "v0.10.7-20170906T2043-git-63a5003",
        "tag_last_pushed": "2017-09-06T20:45:15.211293Z"
    },
    {
        "name": "v0.10.7-20170904T1607-git-c2e175a",
        "tag_last_pushed": "2017-09-04T16:09:12.825973Z"
    },
    {
        "name": "v0.10.6-20170728T2255-git-e68cdda",
        "tag_last_pushed": "2017-07-28T22:57:59.662739Z"
    },
    {
        "name": "v0.10.5-20170728T1027-git-65df23a",
        "tag_last_pushed": "2017-07-28T10:29:22.417931Z"
    },
    {
        "name": "v0.10.4-20170629T1050-git-5b3f9bf",
        "tag_last_pushed": "2017-06-29T10:52:57.172718Z"
    },
    {
        "name": "v0.10.3-20170617T1627-git-eb44bd1",
        "tag_last_pushed": "2017-06-17T16:29:11.129567Z"
    }
]