[
    {
        "name": "latest",
        "tag_last_pushed": "2023-06-02T00:42:03.646876Z"
    },
    {
        "name": "02.06.2023",
        "tag_last_pushed": "2023-06-02T00:41:28.144229Z"
    },
    {
        "name": "01.06.2023",
        "tag_last_pushed": "2023-06-01T15:49:22.827548Z"
    },
    {
        "name": "27.05.2023",
        "tag_last_pushed": "2023-05-27T13:01:04.810637Z"
    },
    {
        "name": "02.05.2023",
        "tag_last_pushed": "2023-05-02T14:52:45.858363Z"
    },
    {
        "name": "27.04.2023",
        "tag_last_pushed": "2023-04-27T05:57:07.596101Z"
    },
    {
        "name": "25.04.2023",
        "tag_last_pushed": "2023-04-25T04:26:09.437362Z"
    },
    {
        "name": "20.04.2023",
        "tag_last_pushed": "2023-04-20T14:08:03.628145Z"
    },
    {
        "name": "14.04.2023",
        "tag_last_pushed": "2023-04-14T02:32:32.135136Z"
    },
    {
        "name": "27.02.2023",
        "tag_last_pushed": "2023-02-27T10:44:29.232786Z"
    },
    {
        "name": "26.02.2023",
        "tag_last_pushed": "2023-02-26T10:37:34.803136Z"
    },
    {
        "name": "25.02.2023",
        "tag_last_pushed": "2023-02-25T07:25:06.089801Z"
    },
    {
        "name": "17.02.2023",
        "tag_last_pushed": "2023-02-17T13:33:41.030317Z"
    },
    {
        "name": "04.02.2022",
        "tag_last_pushed": "2023-02-04T06:59:44.886931Z"
    },
    {
        "name": "01.02.2022",
        "tag_last_pushed": "2023-02-01T12:13:07.269482Z"
    },
    {
        "name": "27.01.2023",
        "tag_last_pushed": "2023-01-27T10:20:51.327764Z"
    },
    {
        "name": "22.01.2023",
        "tag_last_pushed": "2023-01-22T07:57:52.956274Z"
    },
    {
        "name": "14.01.2023",
        "tag_last_pushed": "2023-01-14T02:08:38.056265Z"
    },
    {
        "name": "27.12.2022",
        "tag_last_pushed": "2022-12-27T09:21:34.969926Z"
    },
    {
        "name": "20.12.2022",
        "tag_last_pushed": "2022-12-20T02:09:29.513764Z"
    },
    {
        "name": "19.12.2022",
        "tag_last_pushed": "2022-12-19T09:30:45.342598Z"
    },
    {
        "name": "15.12.2022",
        "tag_last_pushed": "2022-12-14T22:49:36.003426Z"
    },
    {
        "name": "01.12.2022",
        "tag_last_pushed": "2022-12-06T09:01:04.043433Z"
    },
    {
        "name": "12.11.2022",
        "tag_last_pushed": "2022-12-01T01:36:07.795525Z"
    }
]