[
    {
        "name": "allow-multiple-kinesis-streams",
        "tag_last_pushed": "2018-10-19T21:14:54.862783Z"
    },
    {
        "name": "track-nontx-inflight-messesages-with-backpressure",
        "tag_last_pushed": "2018-10-19T20:50:09.437242Z"
    },
    {
        "name": "latest",
        "tag_last_pushed": "2018-10-19T20:25:51.865342Z"
    },
    {
        "name": "test-prod-v2",
        "tag_last_pushed": "2018-06-12T19:38:17.740111Z"
    },
    {
        "name": "test-prod",
        "tag_last_pushed": "2018-02-12T18:11:32.680769Z"
    },
    {
        "name": "minimize_replication_lag_due_to_high_number_of_transactions",
        "tag_last_pushed": "2018-02-12T17:54:46.850373Z"
    },
    {
        "name": "add_output_options",
        "tag_last_pushed": "2017-10-29T01:15:47.984639Z"
    }
]