[
    {
        "name": "latest",
        "tag_last_pushed": "2023-05-08T22:14:42.200935Z"
    },
    {
        "name": "v23.0.0",
        "tag_last_pushed": "2023-05-08T22:14:40.495958Z"
    },
    {
        "name": "v23.0.0-amd64",
        "tag_last_pushed": "2023-05-08T22:06:13.83769Z"
    },
    {
        "name": "v23.0.0-rc1",
        "tag_last_pushed": "2023-04-11T23:23:33.871398Z"
    },
    {
        "name": "v23.0.0-rc1-amd64",
        "tag_last_pushed": "2023-04-11T23:22:29.164358Z"
    },
    {
        "name": "v21.03.0-99-g4a03c144a-slash",
        "tag_last_pushed": "2023-03-17T19:00:55.722952Z"
    },
    {
        "name": "v21.03.0-98-g19f71a78a-slash",
        "tag_last_pushed": "2023-03-07T23:54:57.266406Z"
    },
    {
        "name": "v23.0.0-beta1",
        "tag_last_pushed": "2023-03-01T22:58:16.853684Z"
    },
    {
        "name": "v23.0.0-beta1-amd64",
        "tag_last_pushed": "2023-03-01T22:45:29.840769Z"
    },
    {
        "name": "v22.0.2",
        "tag_last_pushed": "2022-12-16T23:09:42.217302Z"
    },
    {
        "name": "v22.0.2-amd64",
        "tag_last_pushed": "2022-12-16T23:09:20.109055Z"
    },
    {
        "name": "v22.0.1",
        "tag_last_pushed": "2022-11-11T06:17:43.590594Z"
    },
    {
        "name": "v22.0.0",
        "tag_last_pushed": "2022-10-21T22:19:25.444646Z"
    },
    {
        "name": "master",
        "tag_last_pushed": "2022-01-05T00:10:52.34216Z"
    },
    {
        "name": "v21.12-slash",
        "tag_last_pushed": "2021-12-06T17:06:36.169513Z"
    },
    {
        "name": "v21.12.0",
        "tag_last_pushed": "2021-12-02T16:20:55.96418Z"
    },
    {
        "name": "v21.03-slash",
        "tag_last_pushed": "2021-11-04T03:39:20.430343Z"
    },
    {
        "name": "v20.11-slash",
        "tag_last_pushed": "2021-10-18T21:27:19.533088Z"
    },
    {
        "name": "v21.09-slash",
        "tag_last_pushed": "2021-09-23T11:14:57.246399Z"
    },
    {
        "name": "v21.03.2",
        "tag_last_pushed": "2021-08-26T08:15:04.562674Z"
    },
    {
        "name": "7f51327fd",
        "tag_last_pushed": "2021-07-21T00:07:23.825394Z"
    },
    {
        "name": "v21.03.1-8-g7f51327fd",
        "tag_last_pushed": "2021-07-20T16:54:03.813196Z"
    },
    {
        "name": "v21.03.0-66-gdfa5daec1",
        "tag_last_pushed": "2021-07-13T20:00:36.630005Z"
    },
    {
        "name": "ff3c84328",
        "tag_last_pushed": "2021-06-22T21:00:46.118425Z"
    },
    {
        "name": "v21.03.1",
        "tag_last_pushed": "2021-06-17T17:01:34.064103Z"
    },
    {
        "name": "v21.03.0-12-g44005bc82",
        "tag_last_pushed": "2021-05-11T04:07:45.730465Z"
    },
    {
        "name": "d4c6b7c4d",
        "tag_last_pushed": "2021-04-19T04:35:13.37908Z"
    },
    {
        "name": "v21.03.0",
        "tag_last_pushed": "2021-04-07T17:39:55.936708Z"
    },
    {
        "name": "v20.11.3",
        "tag_last_pushed": "2021-03-31T12:18:37.325456Z"
    },
    {
        "name": "3f9effa96",
        "tag_last_pushed": "2021-03-30T23:27:01.606425Z"
    },
    {
        "name": "v20.07.3-11-gbe8ffebbf",
        "tag_last_pushed": "2021-03-26T16:50:20.759465Z"
    },
    {
        "name": "v20.07.3-10-gf63a64d0a",
        "tag_last_pushed": "2021-03-26T15:07:04.66977Z"
    },
    {
        "name": "95deb0a8f",
        "tag_last_pushed": "2021-03-23T15:04:27.20211Z"
    },
    {
        "name": "4cfc0119e",
        "tag_last_pushed": "2021-03-16T06:28:22.884588Z"
    },
    {
        "name": "a77939a1",
        "tag_last_pushed": "2021-03-07T01:29:53.755012Z"
    },
    {
        "name": "016848f2",
        "tag_last_pushed": "2021-03-05T04:48:26.448425Z"
    },
    {
        "name": "v20.03.4-rc2-9-g8b3c10def",
        "tag_last_pushed": "2021-03-01T18:32:51.873896Z"
    },
    {
        "name": "v20.11.2",
        "tag_last_pushed": "2021-02-23T07:59:28.90926Z"
    },
    {
        "name": "v20.03.6-2-gadfd8916e",
        "tag_last_pushed": "2021-02-23T00:35:15.62953Z"
    },
    {
        "name": "v20.11.1-2-gfd14216cd",
        "tag_last_pushed": "2021-02-10T14:44:00.479125Z"
    },
    {
        "name": "v20.11.1-1-g19f7efc70",
        "tag_last_pushed": "2021-02-05T02:26:26.750502Z"
    },
    {
        "name": "3642fed5",
        "tag_last_pushed": "2021-02-03T17:31:05.175708Z"
    },
    {
        "name": "v20.11.1",
        "tag_last_pushed": "2021-01-28T10:48:18.837759Z"
    },
    {
        "name": "v20.11.0-rc1-273-g85278f8a",
        "tag_last_pushed": "2021-01-13T20:11:47.620884Z"
    },
    {
        "name": "v20.11.0-16-g9f3297984",
        "tag_last_pushed": "2021-01-13T00:58:31.589832Z"
    },
    {
        "name": "v20.11.0-10-g51b14a290",
        "tag_last_pushed": "2020-12-30T08:12:50.36512Z"
    }
]