[
    {
        "name": "latest",
        "tag_last_pushed": "2023-05-31T12:36:42.493074Z"
    },
    {
        "name": "v1.1.3",
        "tag_last_pushed": "2023-05-31T12:36:34.067514Z"
    },
    {
        "name": "v1.1.3-amd64",
        "tag_last_pushed": "2023-05-31T12:35:32.43811Z"
    },
    {
        "name": "v1.1.2",
        "tag_last_pushed": "2023-05-31T09:50:06.368646Z"
    },
    {
        "name": "v1.1.2-amd64",
        "tag_last_pushed": "2023-05-31T09:49:06.151413Z"
    },
    {
        "name": "v1.1.1",
        "tag_last_pushed": "2023-05-30T10:30:41.911191Z"
    },
    {
        "name": "v1.1.1-amd64",
        "tag_last_pushed": "2023-05-30T10:29:40.218163Z"
    },
    {
        "name": "v1.1.0",
        "tag_last_pushed": "2023-05-27T18:09:11.617247Z"
    },
    {
        "name": "v1.1.0-amd64",
        "tag_last_pushed": "2023-05-27T18:08:27.567035Z"
    },
    {
        "name": "v1.0.1",
        "tag_last_pushed": "2023-05-23T20:41:16.213914Z"
    },
    {
        "name": "v1.0.0",
        "tag_last_pushed": "2023-05-23T13:16:49.40956Z"
    }
]