[
    {
        "name": "latest",
        "tag_last_pushed": "2023-06-09T22:02:09.304111Z"
    },
    {
        "name": "2023.03.04",
        "tag_last_pushed": "2023-06-09T22:02:06.978781Z"
    },
    {
        "name": "2023.03.03",
        "tag_last_pushed": "2023-03-03T22:19:42.020907Z"
    },
    {
        "name": "2023.02.17",
        "tag_last_pushed": "2023-02-27T09:23:12.019271Z"
    },
    {
        "name": "2023.01.06",
        "tag_last_pushed": "2023-02-13T09:01:23.452606Z"
    },
    {
        "name": "2023.01.02",
        "tag_last_pushed": "2023-01-05T17:44:45.519231Z"
    },
    {
        "name": "2022.11.11",
        "tag_last_pushed": "2023-01-02T08:51:49.913847Z"
    },
    {
        "name": "2022.10.04",
        "tag_last_pushed": "2022-11-09T19:46:11.206471Z"
    },
    {
        "name": "2022.09.01",
        "tag_last_pushed": "2022-10-03T09:10:36.154378Z"
    },
    {
        "name": "2022.08.19",
        "tag_last_pushed": "2022-08-29T09:09:07.777101Z"
    },
    {
        "name": "2022.08.14",
        "tag_last_pushed": "2022-08-15T20:53:28.476646Z"
    },
    {
        "name": "2022.08.08",
        "tag_last_pushed": "2022-08-10T00:50:47.288016Z"
    },
    {
        "name": "2022.07.18",
        "tag_last_pushed": "2022-08-08T09:20:37.036375Z"
    },
    {
        "name": "2022.06.29",
        "tag_last_pushed": "2022-07-11T08:46:41.204415Z"
    },
    {
        "name": "2022.06.22.1",
        "tag_last_pushed": "2022-06-27T08:56:50.843607Z"
    },
    {
        "name": "2022.05.18",
        "tag_last_pushed": "2022-06-20T08:58:58.312292Z"
    },
    {
        "name": "2022.04.08",
        "tag_last_pushed": "2022-05-16T09:32:42.975032Z"
    },
    {
        "name": "2022.03.08",
        "tag_last_pushed": "2022-05-10T13:51:34.939207Z"
    },
    {
        "name": "2022.03.08.1",
        "tag_last_pushed": "2022-05-09T10:26:47.306328Z"
    },
    {
        "name": "2022.02.04",
        "tag_last_pushed": "2022-04-06T22:21:48.669541Z"
    },
    {
        "name": "2022.02.03",
        "tag_last_pushed": "2022-02-03T18:24:10.70432Z"
    },
    {
        "name": "2022.01.21",
        "tag_last_pushed": "2022-02-02T20:19:06.310606Z"
    },
    {
        "name": "2021.12.27",
        "tag_last_pushed": "2022-01-18T17:12:36.197499Z"
    },
    {
        "name": "2021.12.25",
        "tag_last_pushed": "2021-12-25T00:47:36.746754Z"
    },
    {
        "name": "2021.12.01",
        "tag_last_pushed": "2021-12-20T19:09:55.208661Z"
    },
    {
        "name": "2021.11.10.1",
        "tag_last_pushed": "2021-11-29T08:25:28.974303Z"
    },
    {
        "name": "2021.10.22",
        "tag_last_pushed": "2021-11-08T08:22:21.104423Z"
    },
    {
        "name": "2021.10.10",
        "tag_last_pushed": "2021-10-18T08:23:20.681617Z"
    },
    {
        "name": "2021.10.09",
        "tag_last_pushed": "2021-10-09T20:04:01.631278Z"
    },
    {
        "name": "2021.09.25",
        "tag_last_pushed": "2021-10-04T08:22:22.787222Z"
    },
    {
        "name": "2021.09.02",
        "tag_last_pushed": "2021-09-20T08:21:35.949131Z"
    },
    {
        "name": "2021.08.10",
        "tag_last_pushed": "2021-08-30T08:20:50.332883Z"
    },
    {
        "name": "2021.08.02",
        "tag_last_pushed": "2021-08-26T23:02:12.520986Z"
    }
]