[
    {
        "name": "latest",
        "tag_last_pushed": "2023-04-25T13:23:51.279656Z"
    },
    {
        "name": "8.0.1-pre2",
        "tag_last_pushed": "2023-04-25T13:23:50.938136Z"
    },
    {
        "name": "8.0.1-pre1",
        "tag_last_pushed": "2023-04-25T12:19:58.845292Z"
    },
    {
        "name": "8.0.0",
        "tag_last_pushed": "2023-03-06T08:00:59.844192Z"
    },
    {
        "name": "7.2.1",
        "tag_last_pushed": "2021-11-15T06:34:15.670774Z"
    },
    {
        "name": "7.2.0",
        "tag_last_pushed": "2021-11-09T04:33:00.184136Z"
    },
    {
        "name": "7.1.1",
        "tag_last_pushed": "2021-09-04T06:28:33.109295Z"
    },
    {
        "name": "7.1.0",
        "tag_last_pushed": "2021-09-01T01:35:45.095206Z"
    },
    {
        "name": "7.0.9",
        "tag_last_pushed": "2020-11-23T17:31:31.389312Z"
    },
    {
        "name": "7.0.8",
        "tag_last_pushed": "2020-11-17T14:54:22.361799Z"
    },
    {
        "name": "7.0.7",
        "tag_last_pushed": "2020-11-12T06:34:20.664452Z"
    },
    {
        "name": "7.0.6",
        "tag_last_pushed": "2020-11-12T06:21:09.803694Z"
    },
    {
        "name": "7.0.5",
        "tag_last_pushed": "2020-10-23T22:04:53.84401Z"
    },
    {
        "name": "7.0.4",
        "tag_last_pushed": "2020-10-18T18:55:40.709497Z"
    },
    {
        "name": "7.0.3",
        "tag_last_pushed": "2020-10-05T02:21:05.933547Z"
    },
    {
        "name": "7.0.2",
        "tag_last_pushed": "2020-10-05T00:40:55.731847Z"
    },
    {
        "name": "7.0.1",
        "tag_last_pushed": "2020-09-29T01:40:46.820511Z"
    },
    {
        "name": "7.0.0",
        "tag_last_pushed": "2020-09-02T17:59:38.041508Z"
    },
    {
        "name": "6.1.4",
        "tag_last_pushed": "2020-08-25T02:14:45.505716Z"
    },
    {
        "name": "6.1.3",
        "tag_last_pushed": "2020-08-13T13:26:36.547835Z"
    },
    {
        "name": "6.1.2",
        "tag_last_pushed": "2020-08-12T14:00:58.252072Z"
    },
    {
        "name": "6.1.1",
        "tag_last_pushed": "2020-08-12T13:31:22.934363Z"
    },
    {
        "name": "6.1.0",
        "tag_last_pushed": "2020-06-05T03:55:27.10872Z"
    },
    {
        "name": "6.0.0",
        "tag_last_pushed": "2020-02-20T12:46:40.649372Z"
    },
    {
        "name": "5.0.3479",
        "tag_last_pushed": "2019-08-20T13:09:31.780736Z"
    }
]