[
    {
        "name": "latest",
        "tag_last_pushed": "2023-06-05T09:44:38.480393Z"
    },
    {
        "name": "20230602",
        "tag_last_pushed": "2023-06-05T06:14:24.745439Z"
    },
    {
        "name": "20230529",
        "tag_last_pushed": "2023-05-29T22:16:45.188569Z"
    },
    {
        "name": "20230524",
        "tag_last_pushed": "2023-05-25T10:44:14.348194Z"
    },
    {
        "name": "20230516",
        "tag_last_pushed": "2023-05-17T08:46:55.231419Z"
    },
    {
        "name": "20230506",
        "tag_last_pushed": "2023-05-10T21:00:02.573854Z"
    },
    {
        "name": "20230504",
        "tag_last_pushed": "2023-05-04T10:35:24.577263Z"
    },
    {
        "name": "20230416",
        "tag_last_pushed": "2023-04-19T13:41:20.617591Z"
    },
    {
        "name": "20230404",
        "tag_last_pushed": "2023-04-05T07:39:02.289351Z"
    },
    {
        "name": "20230314",
        "tag_last_pushed": "2023-03-17T06:07:05.277826Z"
    },
    {
        "name": "20230311",
        "tag_last_pushed": "2023-03-12T00:04:38.940825Z"
    },
    {
        "name": "20230223",
        "tag_last_pushed": "2023-02-23T21:52:10.359198Z"
    },
    {
        "name": "20230219",
        "tag_last_pushed": "2023-02-22T04:23:38.074551Z"
    },
    {
        "name": "20230217",
        "tag_last_pushed": "2023-02-22T04:22:31.647458Z"
    },
    {
        "name": "20230211",
        "tag_last_pushed": "2023-02-12T23:09:45.65842Z"
    },
    {
        "name": "20230205",
        "tag_last_pushed": "2023-02-06T13:39:50.419015Z"
    },
    {
        "name": "20230202",
        "tag_last_pushed": "2023-02-02T23:32:46.616352Z"
    },
    {
        "name": "20230129",
        "tag_last_pushed": "2023-01-30T00:24:50.56381Z"
    },
    {
        "name": "20230127",
        "tag_last_pushed": "2023-01-28T02:52:41.206137Z"
    },
    {
        "name": "20230114",
        "tag_last_pushed": "2023-01-15T01:48:09.792683Z"
    },
    {
        "name": "20230105",
        "tag_last_pushed": "2023-01-15T01:37:09.478139Z"
    }
]