[
    {
        "name": "latest",
        "tag_last_pushed": "2023-06-12T05:59:45.08946Z"
    },
    {
        "name": "1.1.1",
        "tag_last_pushed": "2023-06-02T18:47:36.580401Z"
    },
    {
        "name": "1.1.0",
        "tag_last_pushed": "2023-05-05T14:58:32.473813Z"
    },
    {
        "name": "1.0.9",
        "tag_last_pushed": "2023-04-03T19:24:13.959893Z"
    },
    {
        "name": "1.0.8",
        "tag_last_pushed": "2023-03-02T18:33:28.521461Z"
    },
    {
        "name": "1.0.7",
        "tag_last_pushed": "2023-02-01T19:39:42.285688Z"
    },
    {
        "name": "1.0.6",
        "tag_last_pushed": "2023-01-06T03:47:56.079639Z"
    },
    {
        "name": "1.0.5",
        "tag_last_pushed": "2022-12-02T15:03:27.578389Z"
    },
    {
        "name": "1.0.4",
        "tag_last_pushed": "2022-11-02T21:06:25.31984Z"
    },
    {
        "name": "1.0.3",
        "tag_last_pushed": "2022-10-12T21:58:22.11651Z"
    },
    {
        "name": "0.7.9",
        "tag_last_pushed": "2022-05-19T16:17:26.874666Z"
    },
    {
        "name": "0.7.8",
        "tag_last_pushed": "2022-04-07T14:57:55.15709Z"
    },
    {
        "name": "v0.7.7",
        "tag_last_pushed": "2022-04-04T14:38:07.952303Z"
    },
    {
        "name": "v0.7.6",
        "tag_last_pushed": "2022-03-09T15:26:56.222264Z"
    },
    {
        "name": "v0.7.5",
        "tag_last_pushed": "2022-02-28T22:28:18.721295Z"
    },
    {
        "name": "v0.7.4",
        "tag_last_pushed": "2022-02-28T21:47:53.162162Z"
    },
    {
        "name": "v0.7.3",
        "tag_last_pushed": "2021-08-18T11:40:53.062952Z"
    },
    {
        "name": "v0.7.2",
        "tag_last_pushed": "2021-07-20T14:12:50.393474Z"
    },
    {
        "name": "main",
        "tag_last_pushed": "2021-07-19T16:59:51.213499Z"
    },
    {
        "name": "unversioned",
        "tag_last_pushed": "2021-04-13T13:28:29.776741Z"
    },
    {
        "name": "v0.7.1",
        "tag_last_pushed": "2021-04-13T13:19:02.844647Z"
    }
]