[
    {
        "name": "0.9.4.11",
        "tag_last_pushed": "2020-05-26T21:45:58.589669Z"
    },
    {
        "name": "0.9.4.10",
        "tag_last_pushed": "2020-05-26T21:42:14.544685Z"
    },
    {
        "name": "0.9.4.9",
        "tag_last_pushed": "2020-05-26T21:38:34.367398Z"
    },
    {
        "name": "0.9.4.8",
        "tag_last_pushed": "2020-05-26T21:28:21.657519Z"
    },
    {
        "name": "0.9.4.7",
        "tag_last_pushed": "2020-05-26T21:22:34.295265Z"
    },
    {
        "name": "0.9.4.6",
        "tag_last_pushed": "2020-05-26T21:13:49.436939Z"
    },
    {
        "name": "0.9.4.5",
        "tag_last_pushed": "2020-05-26T20:21:35.145375Z"
    },
    {
        "name": "0.9.4.4",
        "tag_last_pushed": "2020-05-26T20:01:43.331254Z"
    },
    {
        "name": "0.9.4.3",
        "tag_last_pushed": "2020-05-26T20:00:20.315472Z"
    },
    {
        "name": "0.9.4.2",
        "tag_last_pushed": "2020-05-26T19:41:27.691936Z"
    },
    {
        "name": "0.9.4.1",
        "tag_last_pushed": "2020-05-26T19:35:32.513823Z"
    },
    {
        "name": "0.9.4",
        "tag_last_pushed": "2020-05-26T19:21:48.429987Z"
    },
    {
        "name": "latest",
        "tag_last_pushed": "2020-04-24T18:22:24.124132Z"
    }
]