[
    {
        "name": "latest",
        "tag_last_pushed": "2019-05-16T17:26:13.619104Z"
    },
    {
        "name": "0.9.0",
        "tag_last_pushed": "2019-05-16T17:22:11.955051Z"
    },
    {
        "name": "v0.3.0-24-gff968b8",
        "tag_last_pushed": "2017-12-01T21:57:40.143148Z"
    },
    {
        "name": "v0.3.0-16-g482a632",
        "tag_last_pushed": "2017-11-30T21:29:50.823029Z"
    },
    {
        "name": "v0.3.0-15-g25e23e9",
        "tag_last_pushed": "2017-11-30T20:56:04.584045Z"
    },
    {
        "name": "v0.3.0-13-g0b6e1b6",
        "tag_last_pushed": "2017-11-30T19:28:44.541951Z"
    },
    {
        "name": "v0.3.0-12-g4f00b1d",
        "tag_last_pushed": "2017-11-30T18:48:07.136006Z"
    },
    {
        "name": "v0.3.0-10-g582bd67",
        "tag_last_pushed": "2017-11-29T20:54:54.515225Z"
    }
]