[
    {
        "name": "latest",
        "tag_last_pushed": "2023-06-08T04:22:58.648318Z"
    },
    {
        "name": "develop",
        "tag_last_pushed": "2023-06-08T03:56:47.829786Z"
    },
    {
        "name": "0.6.1",
        "tag_last_pushed": "2023-03-23T05:13:30.198956Z"
    },
    {
        "name": "0.6.0-1",
        "tag_last_pushed": "2022-10-27T04:51:22.047922Z"
    },
    {
        "name": "main",
        "tag_last_pushed": "2022-06-01T06:23:31.707901Z"
    },
    {
        "name": "0.6.0",
        "tag_last_pushed": "2022-05-23T01:19:14.320501Z"
    },
    {
        "name": "merge",
        "tag_last_pushed": "2022-02-28T05:08:58.715686Z"
    },
    {
        "name": "0.6.0-beta.20211224",
        "tag_last_pushed": "2021-12-24T10:24:01.394681Z"
    },
    {
        "name": "release",
        "tag_last_pushed": "2021-08-02T10:16:01.568473Z"
    }
]