[
    {
        "name": "fa78e2b0e448595c6c5ca4fb6f88413be5095bb2",
        "tag_last_pushed": "2023-01-09T15:05:38.957944Z"
    },
    {
        "name": "latest",
        "tag_last_pushed": "2023-01-09T15:05:37.302082Z"
    },
    {
        "name": "6ca88bfd23b2114fa2748843e6d4e27e7d8e4db0",
        "tag_last_pushed": "2023-01-09T11:06:09.799327Z"
    },
    {
        "name": "5b0b338175c5eea8a237861da9812e3993b79f50",
        "tag_last_pushed": "2023-01-09T10:14:29.014757Z"
    },
    {
        "name": "659020fcac7069d18fb7c0d8989d65d5fe389b8c",
        "tag_last_pushed": "2023-01-09T09:49:11.688508Z"
    },
    {
        "name": "93b48bc334e39db28badb2e102e7dfac26b4ce82",
        "tag_last_pushed": "2023-01-08T17:21:03.540448Z"
    },
    {
        "name": "eb1881f38f5a9b4fcbb6c379a597acebe8c96cdd",
        "tag_last_pushed": "2023-01-08T15:50:38.995278Z"
    },
    {
        "name": "4a0a0541645e699036e4b6b18d783cb2c864d4fc",
        "tag_last_pushed": "2023-01-05T16:22:06.33158Z"
    },
    {
        "name": "0c2d13f1b856a7d3ed6d071d6181ab8ae6ff0bf8",
        "tag_last_pushed": "2023-01-05T14:39:45.959398Z"
    },
    {
        "name": "e84fae28940aef7f012da83f84e1de86c7ca4812",
        "tag_last_pushed": "2023-01-05T08:22:20.708727Z"
    },
    {
        "name": "35e9ff26cc7d695a0d6e824e11000f5aeea9e359",
        "tag_last_pushed": "2023-01-04T15:33:08.343362Z"
    },
    {
        "name": "a2c160e7d8e706cd8184eb984db5882350d9d876",
        "tag_last_pushed": "2023-01-03T14:59:31.874938Z"
    },
    {
        "name": "43328d2744c274b083f15f652290052410b66614",
        "tag_last_pushed": "2023-01-03T13:16:17.664058Z"
    },
    {
        "name": "e53cc2bc3fdf0304ea4fe795dcaed855899fa675",
        "tag_last_pushed": "2023-01-03T11:26:55.671214Z"
    },
    {
        "name": "434beebfb1c8f02643fef3702322235eb2de4d07",
        "tag_last_pushed": "2023-01-03T08:56:05.036038Z"
    },
    {
        "name": "b155297a069b51367a349b017a041bbdb98635a4",
        "tag_last_pushed": "2023-01-02T18:49:45.806987Z"
    },
    {
        "name": "19c7725319cf1f52979d4ae9817c45a1eb170f8c",
        "tag_last_pushed": "2023-01-02T16:13:35.912199Z"
    },
    {
        "name": "bebd6b26ecf67a671cd2381ef3fe6d55bdc7e0a3",
        "tag_last_pushed": "2023-01-02T15:29:37.377039Z"
    },
    {
        "name": "c16bbee046d5909818ac599e43121f5d8a1d28db",
        "tag_last_pushed": "2022-12-30T16:16:35.00841Z"
    },
    {
        "name": "ddba75021a7aa6e23ce350ccea56a0c301e927d2",
        "tag_last_pushed": "2022-12-30T13:11:15.591665Z"
    },
    {
        "name": "19e9b06b4e10ab7df2aefebc66c7ff502b11f32d",
        "tag_last_pushed": "2022-12-30T10:34:53.752308Z"
    },
    {
        "name": "ae98961b740afe79e8eb4590d84331afcef3b826",
        "tag_last_pushed": "2022-12-29T17:06:41.958703Z"
    },
    {
        "name": "36cfd41713ea384aab4a7a7298db395dab7b3979",
        "tag_last_pushed": "2022-12-29T16:56:18.105214Z"
    },
    {
        "name": "3e90b5f29c81754de4036410aceb3e8fc6f570e3",
        "tag_last_pushed": "2022-12-29T14:00:28.277264Z"
    },
    {
        "name": "594d2a10f84d13aef495c1cfbdaf4acad730c914",
        "tag_last_pushed": "2022-12-29T10:57:37.188667Z"
    },
    {
        "name": "136928714c1aaba7a88fc1609a4a732d3076cfbe",
        "tag_last_pushed": "2022-12-29T10:15:03.385347Z"
    },
    {
        "name": "b8fff837b4711baa48e119f4cc796770ca9667dc",
        "tag_last_pushed": "2022-12-28T13:53:53.704168Z"
    },
    {
        "name": "86ade4817eda3142d2ddef65a0b1e29ffee770e3",
        "tag_last_pushed": "2022-12-28T09:38:01.417716Z"
    },
    {
        "name": "890e2bf0f51abbb1f605987eb612a6c94e5aca34",
        "tag_last_pushed": "2022-12-27T20:37:09.921596Z"
    },
    {
        "name": "03619d2e0093f215e70c74c40c890d8f77eb8b5c",
        "tag_last_pushed": "2022-12-27T20:16:42.372997Z"
    },
    {
        "name": "6c067b2b4f62f11850415a30d75b719aa286adc1",
        "tag_last_pushed": "2022-12-27T14:31:33.03504Z"
    },
    {
        "name": "76a16807d529ef2aedca45808e12d9bdb15e6c7e",
        "tag_last_pushed": "2022-12-23T22:39:17.40919Z"
    },
    {
        "name": "450c3d44841fbf4d8920e34bb141150bff9d8d71",
        "tag_last_pushed": "2022-12-22T17:38:03.059848Z"
    },
    {
        "name": "367c63ef1d2541099e3a4c2cd4f4c1a646be2e91",
        "tag_last_pushed": "2022-12-22T15:01:25.919966Z"
    },
    {
        "name": "1.12.2",
        "tag_last_pushed": "2022-12-22T12:41:53.457455Z"
    },
    {
        "name": "ef1fa09900c9e1f7376f2d5a47f98d09192704b3",
        "tag_last_pushed": "2022-12-22T12:34:07.188704Z"
    },
    {
        "name": "7dbb7e47cc4f4711dfde96ec887cb8efb52a09a2",
        "tag_last_pushed": "2022-12-22T10:33:06.115856Z"
    },
    {
        "name": "2904587d4f9e61aed851a9af4758178420f1e1d1",
        "tag_last_pushed": "2022-12-22T09:18:56.203299Z"
    },
    {
        "name": "33c480286ace641ffd9ffb4b767d4ed783f14a3a",
        "tag_last_pushed": "2022-12-22T09:15:35.366059Z"
    },
    {
        "name": "fe5e0164e884005780419f1ad72bb83093e1bde0",
        "tag_last_pushed": "2022-12-21T19:21:24.658492Z"
    },
    {
        "name": "1.12.1",
        "tag_last_pushed": "2022-12-21T19:13:11.687024Z"
    },
    {
        "name": "cde10a7dbc6abd4d5412de100b720bc706593773",
        "tag_last_pushed": "2022-12-21T19:04:09.958578Z"
    },
    {
        "name": "e266cf6e29f78df751d9dbe7a505886579233aa5",
        "tag_last_pushed": "2022-12-21T17:16:09.788672Z"
    },
    {
        "name": "1.12.0",
        "tag_last_pushed": "2022-12-21T16:02:43.905921Z"
    },
    {
        "name": "71de1cad944d9c7e407c7c592d7f6b39250cb971",
        "tag_last_pushed": "2022-12-21T15:55:52.237198Z"
    },
    {
        "name": "756e0114e661767e3c59bb24cbd66c41ad4a5903",
        "tag_last_pushed": "2022-12-21T13:40:51.211661Z"
    },
    {
        "name": "12c264603e916ef2e3cc1640eec65bfde3493531",
        "tag_last_pushed": "2022-12-21T10:48:12.781396Z"
    },
    {
        "name": "67d57add62dce0e4622aff4795deb39216678093",
        "tag_last_pushed": "2022-12-20T17:36:18.062327Z"
    },
    {
        "name": "82ad408a7421341493b57b1db48e2d8c7e3922d5",
        "tag_last_pushed": "2022-12-20T17:01:09.877201Z"
    },
    {
        "name": "9ebf164cfdfb320503b7161493420c1b0ec577a3",
        "tag_last_pushed": "2022-12-20T10:28:39.998415Z"
    }
]