[
    {
        "name": "python3.9",
        "tag_last_pushed": "2022-01-26T08:57:49.889519Z"
    },
    {
        "name": "python3.9-slim",
        "tag_last_pushed": "2022-01-26T08:57:48.903015Z"
    },
    {
        "name": "python3.7",
        "tag_last_pushed": "2022-01-26T08:57:42.419171Z"
    },
    {
        "name": "python3.8",
        "tag_last_pushed": "2022-01-26T08:57:41.010134Z"
    },
    {
        "name": "python3.10",
        "tag_last_pushed": "2022-01-26T08:57:40.94418Z"
    },
    {
        "name": "python3.6",
        "tag_last_pushed": "2022-01-26T08:57:38.799409Z"
    },
    {
        "name": "latest",
        "tag_last_pushed": "2022-01-26T08:57:37.278438Z"
    },
    {
        "name": "python3.8-slim",
        "tag_last_pushed": "2022-01-26T08:57:25.672123Z"
    },
    {
        "name": "python3.9-alpine3.14",
        "tag_last_pushed": "2022-01-26T08:57:23.211067Z"
    },
    {
        "name": "python3.6-alpine3.8",
        "tag_last_pushed": "2022-01-26T08:57:15.109582Z"
    },
    {
        "name": "python3.7-alpine3.8",
        "tag_last_pushed": "2022-01-26T08:57:14.9626Z"
    },
    {
        "name": "python3.8-alpine3.10",
        "tag_last_pushed": "2022-01-26T08:57:14.777887Z"
    },
    {
        "name": "python3.10-slim",
        "tag_last_pushed": "2022-01-26T08:57:11.94785Z"
    }
]