[
    {
        "name": "edge",
        "tag_last_pushed": "2023-06-12T11:23:26.821418Z"
    },
    {
        "name": "latest",
        "tag_last_pushed": "2023-06-07T07:18:20.789347Z"
    },
    {
        "name": "0.43.1",
        "tag_last_pushed": "2023-06-07T07:18:20.470903Z"
    },
    {
        "name": "0.43.0",
        "tag_last_pushed": "2023-06-03T18:13:36.501074Z"
    },
    {
        "name": "0.42.1",
        "tag_last_pushed": "2023-05-08T02:13:29.83659Z"
    },
    {
        "name": "0.42.0",
        "tag_last_pushed": "2023-05-06T22:13:48.507575Z"
    },
    {
        "name": "0.41.0",
        "tag_last_pushed": "2023-04-02T18:13:08.673868Z"
    },
    {
        "name": "0.40.0",
        "tag_last_pushed": "2023-03-28T01:13:28.705484Z"
    },
    {
        "name": "0.39.2",
        "tag_last_pushed": "2023-03-22T23:13:00.420189Z"
    },
    {
        "name": "0.39.1",
        "tag_last_pushed": "2023-03-22T22:12:58.163223Z"
    },
    {
        "name": "0.39.0",
        "tag_last_pushed": "2023-02-25T23:12:57.582597Z"
    },
    {
        "name": "0.38.0",
        "tag_last_pushed": "2023-01-10T05:14:13.856667Z"
    },
    {
        "name": "0.37.0",
        "tag_last_pushed": "2022-12-20T16:14:30.14956Z"
    },
    {
        "name": "0.36.0",
        "tag_last_pushed": "2022-11-30T21:16:05.578625Z"
    },
    {
        "name": "0.35.0",
        "tag_last_pushed": "2022-10-19T22:14:43.467402Z"
    },
    {
        "name": "0.34.0",
        "tag_last_pushed": "2022-09-21T06:07:56.651462Z"
    }
]