[
    {
        "name": "v5.1.0-bullseye",
        "tag_last_pushed": "2023-06-11T08:20:19.314574Z"
    },
    {
        "name": "production-bullseye",
        "tag_last_pushed": "2023-06-11T08:20:18.333291Z"
    },
    {
        "name": "develop-bullseye",
        "tag_last_pushed": "2023-06-10T08:18:43.178369Z"
    },
    {
        "name": "v5.0.1-bullseye",
        "tag_last_pushed": "2023-03-20T08:10:56.510099Z"
    },
    {
        "name": "v5.0.0-bullseye",
        "tag_last_pushed": "2023-01-05T08:20:25.237866Z"
    },
    {
        "name": "v4.3.1-bullseye",
        "tag_last_pushed": "2022-12-13T09:07:21.041439Z"
    },
    {
        "name": "v4.3.0-bullseye",
        "tag_last_pushed": "2022-11-17T08:12:28.498712Z"
    },
    {
        "name": "v4.2.2-bullseye",
        "tag_last_pushed": "2022-09-21T05:00:00.730572Z"
    },
    {
        "name": "v4.2.1-bullseye",
        "tag_last_pushed": "2022-06-28T04:55:48.888871Z"
    },
    {
        "name": "v4.2.0-bullseye",
        "tag_last_pushed": "2022-06-21T04:38:59.391248Z"
    },
    {
        "name": "v4.1.1-bullseye",
        "tag_last_pushed": "2022-06-07T04:36:33.925167Z"
    },
    {
        "name": "v4.1.0-bullseye",
        "tag_last_pushed": "2022-03-02T04:00:59.472891Z"
    },
    {
        "name": "v4.0.0-bullseye",
        "tag_last_pushed": "2022-02-23T03:59:38.033047Z"
    },
    {
        "name": "v3.4.1-buster",
        "tag_last_pushed": "2021-12-13T04:16:27.391154Z"
    },
    {
        "name": "production-buster",
        "tag_last_pushed": "2021-12-13T04:16:25.428349Z"
    },
    {
        "name": "v4.0.0-rc.1-bullseye",
        "tag_last_pushed": "2021-11-30T08:13:49.534421Z"
    },
    {
        "name": "develop-buster",
        "tag_last_pushed": "2021-11-28T00:23:45.993458Z"
    },
    {
        "name": "v3.4.0-buster",
        "tag_last_pushed": "2021-09-09T09:07:45.582676Z"
    },
    {
        "name": "v3.4.0-rc.1-buster",
        "tag_last_pushed": "2021-08-31T06:54:26.90004Z"
    },
    {
        "name": "v3.3.0-buster",
        "tag_last_pushed": "2021-07-20T13:24:02.999339Z"
    },
    {
        "name": "v3.2.1-buster",
        "tag_last_pushed": "2021-06-01T09:25:54.850189Z"
    },
    {
        "name": "v3.2.0-buster",
        "tag_last_pushed": "2021-05-27T12:12:27.941113Z"
    },
    {
        "name": "v3.1.0-buster",
        "tag_last_pushed": "2021-03-24T17:07:00.560953Z"
    },
    {
        "name": "v3.0.1-buster",
        "tag_last_pushed": "2021-01-12T07:37:18.775963Z"
    },
    {
        "name": "v3.0.0-buster",
        "tag_last_pushed": "2021-01-07T07:39:29.441327Z"
    },
    {
        "name": "v2.4.0-buster",
        "tag_last_pushed": "2020-09-08T09:26:17.930097Z"
    },
    {
        "name": "v2.3.0-buster",
        "tag_last_pushed": "2020-07-21T10:36:31.478492Z"
    },
    {
        "name": "v2.2.0-buster",
        "tag_last_pushed": "2020-06-02T10:25:11.913156Z"
    },
    {
        "name": "v2.1.1-buster",
        "tag_last_pushed": "2020-02-27T09:12:04.526875Z"
    },
    {
        "name": "v2.1.0-buster",
        "tag_last_pushed": "2020-02-11T09:36:52.695218Z"
    },
    {
        "name": "production-stretch",
        "tag_last_pushed": "2019-11-12T09:07:08.310252Z"
    },
    {
        "name": "v2.0.0-stretch",
        "tag_last_pushed": "2019-11-12T09:05:36.456998Z"
    },
    {
        "name": "v1.4.1-stretch",
        "tag_last_pushed": "2019-09-09T08:46:09.123367Z"
    },
    {
        "name": "v1.4.0-stretch",
        "tag_last_pushed": "2019-08-26T09:22:19.612928Z"
    },
    {
        "name": "v1.3.1-stretch",
        "tag_last_pushed": "2019-06-17T13:01:39.454442Z"
    },
    {
        "name": "v1.3.0-stretch",
        "tag_last_pushed": "2019-06-03T09:51:08.179251Z"
    },
    {
        "name": "v1.2.1-stretch",
        "tag_last_pushed": "2019-02-14T15:34:24.611952Z"
    },
    {
        "name": "v1.2.0-stretch",
        "tag_last_pushed": "2019-02-06T14:44:52.630916Z"
    },
    {
        "name": "v1.1.0-stretch",
        "tag_last_pushed": "2018-12-07T08:02:39.438503Z"
    },
    {
        "name": "v1.0.1-stretch",
        "tag_last_pushed": "2018-10-19T14:41:04.985631Z"
    },
    {
        "name": "v1.0.0-stretch",
        "tag_last_pushed": "2018-10-11T09:34:41.058013Z"
    }
]