[
    {
        "name": "v0.10.2",
        "tag_last_pushed": "2021-12-14T14:09:36.917773Z"
    },
    {
        "name": "v0.10.1",
        "tag_last_pushed": "2021-08-23T15:28:47.672707Z"
    },
    {
        "name": "0.10.1rc1",
        "tag_last_pushed": "2021-08-01T09:00:45.726852Z"
    },
    {
        "name": "0.10.0",
        "tag_last_pushed": "2021-05-30T10:17:00.987542Z"
    },
    {
        "name": "0.9.7",
        "tag_last_pushed": "2021-02-19T16:16:24.795598Z"
    },
    {
        "name": "0.9.6",
        "tag_last_pushed": "2021-02-19T16:12:12.678847Z"
    },
    {
        "name": "0.9.5",
        "tag_last_pushed": "2021-02-19T16:08:06.168934Z"
    },
    {
        "name": "0.9.4",
        "tag_last_pushed": "2021-02-19T16:08:04.289832Z"
    },
    {
        "name": "0.9.3",
        "tag_last_pushed": "2021-02-19T16:08:02.572251Z"
    }
]