[
    {
        "name": "latest",
        "tag_last_pushed": "2023-02-03T14:39:25.725946Z"
    },
    {
        "name": "3.1.12",
        "tag_last_pushed": "2023-02-03T14:39:24.462385Z"
    },
    {
        "name": "3.1.11",
        "tag_last_pushed": "2023-02-01T15:49:57.369279Z"
    },
    {
        "name": "3.1.10",
        "tag_last_pushed": "2022-06-30T17:18:10.290849Z"
    },
    {
        "name": "3.1.9",
        "tag_last_pushed": "2022-06-17T02:53:19.713839Z"
    },
    {
        "name": "3.1.8",
        "tag_last_pushed": "2022-05-04T16:07:33.627798Z"
    },
    {
        "name": "3.1.7",
        "tag_last_pushed": "2021-12-30T16:29:31.034947Z"
    },
    {
        "name": "3.1.6",
        "tag_last_pushed": "2021-09-21T14:05:33.842996Z"
    },
    {
        "name": "3.1.5",
        "tag_last_pushed": "2021-09-04T03:07:50.573151Z"
    },
    {
        "name": "3.1.4",
        "tag_last_pushed": "2021-09-04T02:56:19.502254Z"
    },
    {
        "name": "3.1.3",
        "tag_last_pushed": "2021-09-04T00:42:53.129958Z"
    },
    {
        "name": "3.1.2",
        "tag_last_pushed": "2021-09-03T14:41:26.884314Z"
    },
    {
        "name": "3.1.1",
        "tag_last_pushed": "2021-07-20T02:33:28.591862Z"
    },
    {
        "name": "3.1.0",
        "tag_last_pushed": "2021-06-01T14:02:01.72494Z"
    },
    {
        "name": "3.0.13",
        "tag_last_pushed": "2021-04-16T02:06:32.374504Z"
    },
    {
        "name": "3.0.12",
        "tag_last_pushed": "2021-01-13T13:41:56.844881Z"
    },
    {
        "name": "3.0.11",
        "tag_last_pushed": "2020-11-25T02:46:19.241071Z"
    },
    {
        "name": "3.0.10",
        "tag_last_pushed": "2020-11-25T01:54:38.655266Z"
    },
    {
        "name": "3.0.9",
        "tag_last_pushed": "2020-11-18T14:16:35.932012Z"
    },
    {
        "name": "3.0.8",
        "tag_last_pushed": "2020-11-17T14:37:14.911071Z"
    },
    {
        "name": "3.0.7",
        "tag_last_pushed": "2020-11-05T15:30:43.441212Z"
    },
    {
        "name": "3.0.6",
        "tag_last_pushed": "2020-11-03T00:21:40.051655Z"
    },
    {
        "name": "3.0.6-pre1",
        "tag_last_pushed": "2020-11-02T23:29:56.596506Z"
    },
    {
        "name": "3.0.5",
        "tag_last_pushed": "2020-10-23T02:15:26.788951Z"
    },
    {
        "name": "3.0.4",
        "tag_last_pushed": "2020-10-13T13:58:56.162809Z"
    },
    {
        "name": "3.0.3",
        "tag_last_pushed": "2020-10-08T14:48:03.478848Z"
    },
    {
        "name": "3.0.3-pre1",
        "tag_last_pushed": "2020-10-08T13:28:28.139668Z"
    },
    {
        "name": "3.0.2",
        "tag_last_pushed": "2020-09-29T01:21:47.533254Z"
    },
    {
        "name": "3.0.1",
        "tag_last_pushed": "2020-09-02T20:02:59.659967Z"
    },
    {
        "name": "3.0.0",
        "tag_last_pushed": "2020-09-02T18:08:11.982503Z"
    },
    {
        "name": "2.9.2",
        "tag_last_pushed": "2020-08-13T12:50:01.127922Z"
    },
    {
        "name": "2.9.1",
        "tag_last_pushed": "2020-08-12T13:04:26.991002Z"
    },
    {
        "name": "2.9.0",
        "tag_last_pushed": "2020-06-05T02:19:50.698195Z"
    },
    {
        "name": "2.8.1497",
        "tag_last_pushed": "2019-08-20T12:07:33.279209Z"
    }
]