[
    {
        "name": "x86_64-python-3.11.4",
        "tag_last_pushed": "2023-06-12T22:03:06.456415Z"
    },
    {
        "name": "x86_64-lab-4.0.2",
        "tag_last_pushed": "2023-06-12T22:03:05.427164Z"
    },
    {
        "name": "x86_64-hub-4.0.1",
        "tag_last_pushed": "2023-06-12T22:03:04.844063Z"
    },
    {
        "name": "x86_64-e8b5a3cd1522",
        "tag_last_pushed": "2023-06-12T22:03:04.26851Z"
    },
    {
        "name": "x86_64-2023-06-12",
        "tag_last_pushed": "2023-06-12T22:03:03.647749Z"
    },
    {
        "name": "hub-4.0.1",
        "tag_last_pushed": "2023-06-12T04:58:14.053734Z"
    },
    {
        "name": "python-3.11.4",
        "tag_last_pushed": "2023-06-12T04:58:12.186115Z"
    },
    {
        "name": "lab-4.0.2",
        "tag_last_pushed": "2023-06-12T04:58:11.290121Z"
    },
    {
        "name": "2023-06-12",
        "tag_last_pushed": "2023-06-12T04:58:07.66479Z"
    },
    {
        "name": "hadoop-3",
        "tag_last_pushed": "2023-06-06T16:57:20.094934Z"
    },
    {
        "name": "latest",
        "tag_last_pushed": "2023-06-06T16:57:19.149751Z"
    },
    {
        "name": "python-3.11",
        "tag_last_pushed": "2023-06-06T16:57:18.218096Z"
    },
    {
        "name": "2023-06-06",
        "tag_last_pushed": "2023-06-06T16:57:17.309748Z"
    },
    {
        "name": "lab-4.0.1",
        "tag_last_pushed": "2023-06-06T16:57:16.210996Z"
    },
    {
        "name": "notebook-6.5.4",
        "tag_last_pushed": "2023-06-06T16:57:15.283479Z"
    },
    {
        "name": "ubuntu-22.04",
        "tag_last_pushed": "2023-06-06T16:57:14.364837Z"
    },
    {
        "name": "spark-3.4.0",
        "tag_last_pushed": "2023-06-06T16:57:13.403258Z"
    },
    {
        "name": "java-17.0.7",
        "tag_last_pushed": "2023-06-06T16:57:12.381829Z"
    },
    {
        "name": "hub-4.0.0",
        "tag_last_pushed": "2023-06-06T16:57:11.437418Z"
    },
    {
        "name": "python-3.11.3",
        "tag_last_pushed": "2023-06-06T16:57:10.47158Z"
    },
    {
        "name": "9e3ab9075a5e",
        "tag_last_pushed": "2023-06-06T16:57:09.614933Z"
    },
    {
        "name": "x86_64-ubuntu-22.04",
        "tag_last_pushed": "2023-06-06T16:52:06.939732Z"
    },
    {
        "name": "x86_64-spark-3.4.0",
        "tag_last_pushed": "2023-06-06T16:52:06.720136Z"
    },
    {
        "name": "x86_64-python-3.11.3",
        "tag_last_pushed": "2023-06-06T16:52:06.499849Z"
    },
    {
        "name": "x86_64-python-3.11",
        "tag_last_pushed": "2023-06-06T16:52:06.240247Z"
    },
    {
        "name": "x86_64-notebook-6.5.4",
        "tag_last_pushed": "2023-06-06T16:52:06.054505Z"
    },
    {
        "name": "x86_64-latest",
        "tag_last_pushed": "2023-06-06T16:52:05.840264Z"
    },
    {
        "name": "x86_64-lab-4.0.1",
        "tag_last_pushed": "2023-06-06T16:52:05.606174Z"
    },
    {
        "name": "x86_64-java-17.0.7",
        "tag_last_pushed": "2023-06-06T16:52:05.45117Z"
    },
    {
        "name": "x86_64-hub-4.0.0",
        "tag_last_pushed": "2023-06-06T16:52:05.210497Z"
    },
    {
        "name": "x86_64-hadoop-3",
        "tag_last_pushed": "2023-06-06T16:52:04.872054Z"
    },
    {
        "name": "x86_64-9e3ab9075a5e",
        "tag_last_pushed": "2023-06-06T16:52:04.763014Z"
    },
    {
        "name": "x86_64-2023-06-06",
        "tag_last_pushed": "2023-06-06T16:52:04.459606Z"
    },
    {
        "name": "2023-06-05",
        "tag_last_pushed": "2023-06-05T22:37:07.887951Z"
    },
    {
        "name": "63d4f3d1b713",
        "tag_last_pushed": "2023-06-05T22:37:05.623941Z"
    },
    {
        "name": "x86_64-63d4f3d1b713",
        "tag_last_pushed": "2023-06-05T22:31:29.302787Z"
    },
    {
        "name": "x86_64-2023-06-05",
        "tag_last_pushed": "2023-06-05T22:31:28.529647Z"
    },
    {
        "name": "5c660db02e58",
        "tag_last_pushed": "2023-06-05T05:12:34.858704Z"
    },
    {
        "name": "x86_64-5c660db02e58",
        "tag_last_pushed": "2023-06-05T04:43:03.422405Z"
    },
    {
        "name": "2023-06-04",
        "tag_last_pushed": "2023-06-04T21:20:54.823467Z"
    },
    {
        "name": "x86_64-2023-06-04",
        "tag_last_pushed": "2023-06-04T21:17:31.758319Z"
    },
    {
        "name": "88392974b86d",
        "tag_last_pushed": "2023-06-04T10:17:06.335739Z"
    },
    {
        "name": "x86_64-88392974b86d",
        "tag_last_pushed": "2023-06-04T10:13:03.565548Z"
    }
]