[
    {
        "name": "2.8.1",
        "tag_last_pushed": "2023-05-31T22:02:00.703249Z"
    },
    {
        "name": "latest",
        "tag_last_pushed": "2023-05-31T21:57:02.730955Z"
    },
    {
        "name": "2.8.0",
        "tag_last_pushed": "2020-12-06T08:08:08.022624Z"
    },
    {
        "name": "2.7.0",
        "tag_last_pushed": "2020-05-12T17:33:06.173386Z"
    },
    {
        "name": "2.6.11",
        "tag_last_pushed": "2019-12-15T13:42:09.071459Z"
    },
    {
        "name": "2.6.10",
        "tag_last_pushed": "2019-09-24T18:02:09.018908Z"
    },
    {
        "name": "2.6.9",
        "tag_last_pushed": "2018-11-13T22:52:45.07838Z"
    },
    {
        "name": "2.6.8",
        "tag_last_pushed": "2018-10-31T07:54:45.561703Z"
    },
    {
        "name": "2.6.7",
        "tag_last_pushed": "2017-12-13T20:05:26.699902Z"
    },
    {
        "name": "2.6.6",
        "tag_last_pushed": "2017-11-04T19:52:59.918361Z"
    },
    {
        "name": "2.6.5",
        "tag_last_pushed": "2017-08-09T10:45:09.115715Z"
    },
    {
        "name": "2.6.4",
        "tag_last_pushed": "2017-05-27T15:22:05.335031Z"
    },
    {
        "name": "2.6.3",
        "tag_last_pushed": "2017-04-07T09:07:05.558967Z"
    },
    {
        "name": "2.6.2",
        "tag_last_pushed": "2017-02-11T22:14:08.930438Z"
    },
    {
        "name": "2.6.1",
        "tag_last_pushed": "2017-02-11T12:35:05.367335Z"
    },
    {
        "name": "2.6.0",
        "tag_last_pushed": "2016-11-01T19:50:49.691821Z"
    },
    {
        "name": "2.5.0",
        "tag_last_pushed": "2016-09-29T18:37:56.707878Z"
    },
    {
        "name": "2.4.0",
        "tag_last_pushed": "2016-06-27T21:14:41.833269Z"
    },
    {
        "name": "2.3.9",
        "tag_last_pushed": "2016-06-18T14:23:35.685595Z"
    },
    {
        "name": "2.3.8",
        "tag_last_pushed": "2016-03-25T18:43:19.320545Z"
    },
    {
        "name": "2.3.7",
        "tag_last_pushed": "2016-03-07T08:31:56.11403Z"
    }
]