[
    {
        "name": "armhf",
        "tag_last_pushed": "2018-01-11T17:02:15.143088Z"
    },
    {
        "name": "1.3.2-armhf",
        "tag_last_pushed": "2018-01-11T17:02:13.948951Z"
    },
    {
        "name": "1.2.3-armhf",
        "tag_last_pushed": "2017-11-17T06:25:20.358851Z"
    },
    {
        "name": "1.1.4-armhf",
        "tag_last_pushed": "2017-09-16T17:45:30.103587Z"
    },
    {
        "name": "1.1.3-armhf",
        "tag_last_pushed": "2017-09-16T17:07:49.101481Z"
    },
    {
        "name": "1.1.2-armhf",
        "tag_last_pushed": "2017-07-19T16:28:04.369822Z"
    },
    {
        "name": "1.1.0-armhf",
        "tag_last_pushed": "2017-04-05T02:49:44.960334Z"
    }
]