[
    {
        "name": "latest",
        "tag_last_pushed": "2017-08-02T01:36:29.051559Z"
    },
    {
        "name": "alpine-2.5",
        "tag_last_pushed": "2017-08-02T01:30:26.332023Z"
    },
    {
        "name": "full-featured-2.5",
        "tag_last_pushed": "2017-08-02T01:29:05.108332Z"
    },
    {
        "name": "full-featured",
        "tag_last_pushed": "2017-08-02T01:20:58.283081Z"
    },
    {
        "name": "alpine",
        "tag_last_pushed": "2017-08-02T01:08:29.675061Z"
    },
    {
        "name": "2.5",
        "tag_last_pushed": "2017-08-02T01:01:14.540086Z"
    }
]