[
    {
        "name": "master-fdd1c263",
        "tag_last_pushed": "2019-01-02T16:07:41.451937Z"
    },
    {
        "name": "master-fdd1c263-amd64",
        "tag_last_pushed": "2019-01-02T15:58:25.47033Z"
    },
    {
        "name": "latest",
        "tag_last_pushed": "2018-12-29T15:54:25.455201Z"
    },
    {
        "name": "latest-amd64",
        "tag_last_pushed": "2018-12-29T15:48:20.775051Z"
    },
    {
        "name": "v1.10.1",
        "tag_last_pushed": "2018-12-29T02:52:21.334647Z"
    },
    {
        "name": "v1.10.1-amd64",
        "tag_last_pushed": "2018-12-29T02:47:58.134352Z"
    }
]