[
    {
        "name": "latest",
        "tag_last_pushed": "2023-06-08T20:04:43.914775Z"
    },
    {
        "name": "2.5.4",
        "tag_last_pushed": "2023-04-13T04:50:33.772874Z"
    },
    {
        "name": "2.5",
        "tag_last_pushed": "2023-04-13T04:50:32.397862Z"
    },
    {
        "name": "2",
        "tag_last_pushed": "2023-04-13T04:50:31.073858Z"
    },
    {
        "name": "2.5.3",
        "tag_last_pushed": "2023-03-10T07:38:35.33476Z"
    },
    {
        "name": "2.5.2",
        "tag_last_pushed": "2023-03-08T20:26:14.859382Z"
    },
    {
        "name": "2.5.1",
        "tag_last_pushed": "2022-11-26T06:35:58.367118Z"
    },
    {
        "name": "2.5.0",
        "tag_last_pushed": "2022-11-23T06:29:30.198802Z"
    },
    {
        "name": "2.4.5",
        "tag_last_pushed": "2022-11-23T06:27:56.846018Z"
    },
    {
        "name": "2.4",
        "tag_last_pushed": "2022-11-23T06:27:56.342001Z"
    },
    {
        "name": "2.4.4",
        "tag_last_pushed": "2022-11-09T20:18:23.937755Z"
    },
    {
        "name": "2.4.3",
        "tag_last_pushed": "2022-11-09T20:15:08.458411Z"
    },
    {
        "name": "2.4.2",
        "tag_last_pushed": "2022-09-27T06:17:06.161524Z"
    },
    {
        "name": "2.4.1",
        "tag_last_pushed": "2022-09-23T08:04:44.352033Z"
    },
    {
        "name": "2.4.0",
        "tag_last_pushed": "2022-09-17T06:22:19.628031Z"
    },
    {
        "name": "2.3.3",
        "tag_last_pushed": "2022-08-29T21:49:58.287747Z"
    },
    {
        "name": "2.3",
        "tag_last_pushed": "2022-08-29T21:49:56.683043Z"
    },
    {
        "name": "2.3.2",
        "tag_last_pushed": "2022-08-29T06:57:04.827389Z"
    },
    {
        "name": "2.3.1",
        "tag_last_pushed": "2022-08-10T21:59:58.611586Z"
    },
    {
        "name": "2.3.0",
        "tag_last_pushed": "2022-08-05T06:00:50.819552Z"
    },
    {
        "name": "2.2.1",
        "tag_last_pushed": "2022-08-03T19:33:27.102241Z"
    },
    {
        "name": "2.2",
        "tag_last_pushed": "2022-08-03T19:33:26.313335Z"
    },
    {
        "name": "2.2.0",
        "tag_last_pushed": "2022-07-25T07:22:04.855493Z"
    },
    {
        "name": "2.1.7",
        "tag_last_pushed": "2022-07-22T08:26:02.370439Z"
    },
    {
        "name": "2.1",
        "tag_last_pushed": "2022-07-22T08:25:59.956687Z"
    },
    {
        "name": "2.1.6",
        "tag_last_pushed": "2022-07-10T07:47:30.884607Z"
    },
    {
        "name": "2.1.5",
        "tag_last_pushed": "2022-07-10T07:41:03.242417Z"
    },
    {
        "name": "2.1.4",
        "tag_last_pushed": "2022-06-24T07:26:08.547131Z"
    },
    {
        "name": "2.1.3",
        "tag_last_pushed": "2022-06-10T05:26:18.392253Z"
    },
    {
        "name": "2.1.2",
        "tag_last_pushed": "2022-05-13T19:42:36.855172Z"
    },
    {
        "name": "2.1.1",
        "tag_last_pushed": "2022-02-05T08:04:15.908341Z"
    },
    {
        "name": "2.1.0",
        "tag_last_pushed": "2022-01-29T09:00:00.850851Z"
    },
    {
        "name": "2.0.2",
        "tag_last_pushed": "2021-12-26T08:20:37.375676Z"
    },
    {
        "name": "2.0",
        "tag_last_pushed": "2021-12-26T08:20:36.00323Z"
    },
    {
        "name": "2.0.1",
        "tag_last_pushed": "2021-12-15T07:31:21.458142Z"
    },
    {
        "name": "2.0.0",
        "tag_last_pushed": "2021-12-13T08:45:20.048308Z"
    },
    {
        "name": "2.0.0-beta.16",
        "tag_last_pushed": "2021-09-28T05:35:58.709315Z"
    },
    {
        "name": "2.0.0-beta.14",
        "tag_last_pushed": "2021-09-27T19:52:30.326616Z"
    },
    {
        "name": "2.0.0-beta.15",
        "tag_last_pushed": "2021-09-27T19:52:05.148459Z"
    },
    {
        "name": "2.0.0-beta.13",
        "tag_last_pushed": "2021-09-21T19:22:48.081569Z"
    },
    {
        "name": "2.0.0-beta.12",
        "tag_last_pushed": "2021-09-13T17:33:11.10866Z"
    },
    {
        "name": "2.0.0-beta.11",
        "tag_last_pushed": "2021-09-11T07:48:13.471718Z"
    },
    {
        "name": "2.0.0-beta.10",
        "tag_last_pushed": "2021-09-09T21:58:19.776855Z"
    },
    {
        "name": "2.0.0-beta.9",
        "tag_last_pushed": "2021-09-07T22:20:55.507011Z"
    },
    {
        "name": "2.0.0-beta.8",
        "tag_last_pushed": "2021-08-31T20:03:56.166853Z"
    },
    {
        "name": "2.0.0-beta.7",
        "tag_last_pushed": "2021-08-31T18:25:01.116836Z"
    },
    {
        "name": "2.0.0-beta.6",
        "tag_last_pushed": "2021-08-29T06:18:43.361941Z"
    },
    {
        "name": "2.0.0-beta.5",
        "tag_last_pushed": "2021-08-27T07:17:20.856002Z"
    },
    {
        "name": "2.0.0-beta.4",
        "tag_last_pushed": "2021-08-27T07:01:53.858904Z"
    },
    {
        "name": "1.1.1",
        "tag_last_pushed": "2021-08-05T17:42:02.562621Z"
    }
]