[
    {
        "name": "0.28.2",
        "tag_last_pushed": "2019-08-12T06:33:44.063164Z"
    },
    {
        "name": "0.22.0",
        "tag_last_pushed": "2018-12-27T13:57:14.363774Z"
    },
    {
        "name": "0.21.0",
        "tag_last_pushed": "2018-12-27T13:54:46.173386Z"
    },
    {
        "name": "0.20.0",
        "tag_last_pushed": "2018-06-13T15:01:44.628428Z"
    },
    {
        "name": "0.18.0",
        "tag_last_pushed": "2018-05-09T03:06:06.020301Z"
    },
    {
        "name": "0.17.0",
        "tag_last_pushed": "2018-05-09T02:47:36.328364Z"
    },
    {
        "name": "0.16.1",
        "tag_last_pushed": "2018-04-02T07:53:49.705651Z"
    }
]