[
    {
        "name": "x86_64-python-3.11.4",
        "tag_last_pushed": "2023-06-12T21:57:05.633435Z"
    },
    {
        "name": "x86_64-e8b5a3cd1522",
        "tag_last_pushed": "2023-06-12T21:57:03.651436Z"
    },
    {
        "name": "x86_64-2023-06-12",
        "tag_last_pushed": "2023-06-12T21:57:02.992602Z"
    },
    {
        "name": "python-3.11.4",
        "tag_last_pushed": "2023-06-12T04:56:02.187305Z"
    },
    {
        "name": "2023-06-12",
        "tag_last_pushed": "2023-06-12T04:55:57.993097Z"
    },
    {
        "name": "python-3.11.3",
        "tag_last_pushed": "2023-06-06T16:55:41.615617Z"
    },
    {
        "name": "9e3ab9075a5e",
        "tag_last_pushed": "2023-06-06T16:55:38.77564Z"
    },
    {
        "name": "2023-06-06",
        "tag_last_pushed": "2023-06-06T16:55:35.482172Z"
    },
    {
        "name": "latest",
        "tag_last_pushed": "2023-06-06T16:55:32.184173Z"
    },
    {
        "name": "python-3.11",
        "tag_last_pushed": "2023-06-06T16:55:29.152352Z"
    },
    {
        "name": "ubuntu-22.04",
        "tag_last_pushed": "2023-06-06T16:55:25.976683Z"
    },
    {
        "name": "x86_64-ubuntu-22.04",
        "tag_last_pushed": "2023-06-06T16:48:26.290785Z"
    },
    {
        "name": "x86_64-python-3.11.3",
        "tag_last_pushed": "2023-06-06T16:48:26.009465Z"
    },
    {
        "name": "x86_64-python-3.11",
        "tag_last_pushed": "2023-06-06T16:48:25.802794Z"
    },
    {
        "name": "x86_64-latest",
        "tag_last_pushed": "2023-06-06T16:48:25.5665Z"
    },
    {
        "name": "x86_64-9e3ab9075a5e",
        "tag_last_pushed": "2023-06-06T16:48:25.418214Z"
    },
    {
        "name": "x86_64-2023-06-06",
        "tag_last_pushed": "2023-06-06T16:48:25.053938Z"
    },
    {
        "name": "2023-06-05",
        "tag_last_pushed": "2023-06-05T22:34:52.252039Z"
    },
    {
        "name": "63d4f3d1b713",
        "tag_last_pushed": "2023-06-05T22:34:51.479194Z"
    },
    {
        "name": "x86_64-63d4f3d1b713",
        "tag_last_pushed": "2023-06-05T22:27:20.038307Z"
    },
    {
        "name": "x86_64-2023-06-05",
        "tag_last_pushed": "2023-06-05T22:27:19.452749Z"
    },
    {
        "name": "5c660db02e58",
        "tag_last_pushed": "2023-06-05T04:47:51.782389Z"
    },
    {
        "name": "x86_64-5c660db02e58",
        "tag_last_pushed": "2023-06-05T04:38:42.708369Z"
    },
    {
        "name": "2023-06-04",
        "tag_last_pushed": "2023-06-04T21:18:31.267169Z"
    },
    {
        "name": "x86_64-2023-06-04",
        "tag_last_pushed": "2023-06-04T21:12:46.443745Z"
    },
    {
        "name": "88392974b86d",
        "tag_last_pushed": "2023-06-04T10:16:21.897723Z"
    },
    {
        "name": "x86_64-88392974b86d",
        "tag_last_pushed": "2023-06-04T10:08:20.232623Z"
    },
    {
        "name": "43519f20f464",
        "tag_last_pushed": "2023-06-03T22:08:14.839325Z"
    },
    {
        "name": "2023-06-03",
        "tag_last_pushed": "2023-06-03T22:08:09.521285Z"
    },
    {
        "name": "x86_64-43519f20f464",
        "tag_last_pushed": "2023-06-03T22:00:23.311765Z"
    },
    {
        "name": "x86_64-2023-06-03",
        "tag_last_pushed": "2023-06-03T22:00:23.031823Z"
    },
    {
        "name": "2023-06-01",
        "tag_last_pushed": "2023-06-01T22:35:51.929416Z"
    },
    {
        "name": "a01a701292af",
        "tag_last_pushed": "2023-06-01T22:35:29.284684Z"
    },
    {
        "name": "x86_64-a01a701292af",
        "tag_last_pushed": "2023-06-01T22:28:24.641249Z"
    },
    {
        "name": "x86_64-2023-06-01",
        "tag_last_pushed": "2023-06-01T22:28:23.728877Z"
    },
    {
        "name": "347d4cd3be38",
        "tag_last_pushed": "2023-06-01T13:32:58.895177Z"
    },
    {
        "name": "x86_64-347d4cd3be38",
        "tag_last_pushed": "2023-06-01T13:15:55.880151Z"
    },
    {
        "name": "python-3.10.11",
        "tag_last_pushed": "2023-05-30T13:39:28.287222Z"
    },
    {
        "name": "2023-05-30",
        "tag_last_pushed": "2023-05-30T13:39:26.064693Z"
    }
]