[
    {
        "name": "IntroToMLwithPython_pg40",
        "tag_last_pushed": "2017-04-28T21:19:53.998515Z"
    },
    {
        "name": "IntroToMLwithPython_pg32",
        "tag_last_pushed": "2017-04-28T17:32:32.734602Z"
    },
    {
        "name": "IntroToMLwithPython_Ch1",
        "tag_last_pushed": "2017-04-27T20:24:22.671795Z"
    },
    {
        "name": "IntroToMLwithPython_VersionCheck",
        "tag_last_pushed": "2017-04-26T18:25:01.731415Z"
    },
    {
        "name": "partial_differential_equations",
        "tag_last_pushed": "2017-03-23T17:46:14.897778Z"
    },
    {
        "name": "mandelbrot_tensorflow1.0",
        "tag_last_pushed": "2017-03-23T17:21:05.248971Z"
    }
]