[
    {
        "name": "bdc576a",
        "tag_last_pushed": "2023-06-09T06:29:01.703514Z"
    },
    {
        "name": "latest",
        "tag_last_pushed": "2023-06-09T06:29:01.122018Z"
    },
    {
        "name": "5eadfac",
        "tag_last_pushed": "2023-06-07T08:18:43.529654Z"
    },
    {
        "name": "a2c0323",
        "tag_last_pushed": "2023-06-07T07:50:27.682087Z"
    },
    {
        "name": "b1766b4",
        "tag_last_pushed": "2023-06-05T21:56:21.078443Z"
    },
    {
        "name": "trial",
        "tag_last_pushed": "2023-06-01T00:38:16.06598Z"
    },
    {
        "name": "dbf0878",
        "tag_last_pushed": "2023-05-22T23:34:06.185803Z"
    },
    {
        "name": "c4e5da9",
        "tag_last_pushed": "2023-05-22T12:10:26.470028Z"
    },
    {
        "name": "2e05eb7",
        "tag_last_pushed": "2023-05-18T09:04:57.026752Z"
    },
    {
        "name": "0f355c1",
        "tag_last_pushed": "2023-05-11T15:28:05.508841Z"
    },
    {
        "name": "397fd8b",
        "tag_last_pushed": "2023-05-04T05:51:34.189086Z"
    },
    {
        "name": "edfc50c",
        "tag_last_pushed": "2023-04-28T14:47:21.773095Z"
    },
    {
        "name": "10b5438",
        "tag_last_pushed": "2023-04-28T07:36:31.903103Z"
    },
    {
        "name": "1f52ea9",
        "tag_last_pushed": "2023-04-27T23:13:42.424802Z"
    },
    {
        "name": "eb3f000",
        "tag_last_pushed": "2023-04-27T16:28:00.384355Z"
    },
    {
        "name": "3aead6d",
        "tag_last_pushed": "2023-04-27T16:23:24.426098Z"
    },
    {
        "name": "8758cb4",
        "tag_last_pushed": "2023-04-27T11:09:35.375236Z"
    },
    {
        "name": "0d1a62c",
        "tag_last_pushed": "2023-04-27T11:06:10.487233Z"
    },
    {
        "name": "e05c868",
        "tag_last_pushed": "2023-04-27T10:35:43.642159Z"
    },
    {
        "name": "653d07c",
        "tag_last_pushed": "2023-04-25T16:10:11.819375Z"
    },
    {
        "name": "72fc081",
        "tag_last_pushed": "2023-04-25T15:58:38.481283Z"
    },
    {
        "name": "e26151b",
        "tag_last_pushed": "2023-04-25T13:05:26.794958Z"
    },
    {
        "name": "650abf5",
        "tag_last_pushed": "2023-04-25T01:28:26.658267Z"
    },
    {
        "name": "1e562aa",
        "tag_last_pushed": "2023-04-25T01:12:13.88343Z"
    },
    {
        "name": "ef00fa7",
        "tag_last_pushed": "2023-04-24T15:29:51.151135Z"
    },
    {
        "name": "5bcda8d",
        "tag_last_pushed": "2023-04-24T14:12:54.122201Z"
    },
    {
        "name": "be48e1c",
        "tag_last_pushed": "2023-04-24T13:53:36.326357Z"
    },
    {
        "name": "67d42b4",
        "tag_last_pushed": "2023-04-24T11:16:50.768868Z"
    },
    {
        "name": "50f27b5",
        "tag_last_pushed": "2023-04-22T08:35:54.21242Z"
    },
    {
        "name": "44f9c35",
        "tag_last_pushed": "2023-04-22T08:25:47.663653Z"
    },
    {
        "name": "2fa1eb2",
        "tag_last_pushed": "2023-04-21T07:58:43.260879Z"
    },
    {
        "name": "b0f120b",
        "tag_last_pushed": "2023-04-20T23:34:13.64355Z"
    },
    {
        "name": "06d265d",
        "tag_last_pushed": "2023-04-20T13:26:59.021962Z"
    },
    {
        "name": "5b36e7f",
        "tag_last_pushed": "2023-04-19T16:02:51.055049Z"
    },
    {
        "name": "e2d36fd",
        "tag_last_pushed": "2023-04-19T04:46:01.79664Z"
    },
    {
        "name": "f3565a3",
        "tag_last_pushed": "2023-04-18T13:29:50.476711Z"
    },
    {
        "name": "391f7cf",
        "tag_last_pushed": "2023-04-18T13:20:41.519896Z"
    },
    {
        "name": "07e77e9",
        "tag_last_pushed": "2023-04-17T14:22:15.786333Z"
    },
    {
        "name": "bf507c3",
        "tag_last_pushed": "2023-04-16T13:19:59.493566Z"
    },
    {
        "name": "ab893d9",
        "tag_last_pushed": "2023-04-16T12:29:07.192967Z"
    },
    {
        "name": "21e26ae",
        "tag_last_pushed": "2023-04-16T11:26:32.522297Z"
    },
    {
        "name": "bb7840f",
        "tag_last_pushed": "2023-04-13T14:32:44.119475Z"
    },
    {
        "name": "23a05a1",
        "tag_last_pushed": "2023-04-13T13:31:30.588193Z"
    },
    {
        "name": "149fbd9",
        "tag_last_pushed": "2023-04-12T10:55:37.490611Z"
    },
    {
        "name": "eac2572",
        "tag_last_pushed": "2023-04-12T03:48:41.45762Z"
    },
    {
        "name": "9cfeea5",
        "tag_last_pushed": "2023-04-10T08:58:56.139058Z"
    },
    {
        "name": "8c4ca9d",
        "tag_last_pushed": "2023-04-10T01:18:03.290492Z"
    },
    {
        "name": "586e803",
        "tag_last_pushed": "2023-04-09T03:24:21.958427Z"
    },
    {
        "name": "36c0066",
        "tag_last_pushed": "2023-04-07T05:38:27.983734Z"
    },
    {
        "name": "96b4ca7",
        "tag_last_pushed": "2023-04-03T15:05:59.589191Z"
    }
]