[
    {
        "name": "latest",
        "tag_last_pushed": "2023-06-12T09:37:21.972637Z"
    },
    {
        "name": "v4.1.1-alpine",
        "tag_last_pushed": "2023-06-12T09:37:19.308187Z"
    },
    {
        "name": "v4.1.1",
        "tag_last_pushed": "2023-06-12T09:37:16.265613Z"
    },
    {
        "name": "v4.1.0-alpine",
        "tag_last_pushed": "2023-06-05T09:35:10.479645Z"
    },
    {
        "name": "v4.1.0",
        "tag_last_pushed": "2023-06-05T09:35:05.578905Z"
    },
    {
        "name": "v4.0.1-alpine",
        "tag_last_pushed": "2023-05-22T10:47:14.477452Z"
    },
    {
        "name": "v4.0.1",
        "tag_last_pushed": "2023-05-22T10:47:08.284039Z"
    },
    {
        "name": "v3.31.4-alpine",
        "tag_last_pushed": "2023-05-17T20:18:15.468051Z"
    },
    {
        "name": "v3.31.4",
        "tag_last_pushed": "2023-05-17T20:18:09.255077Z"
    },
    {
        "name": "v4.0.0-alpine",
        "tag_last_pushed": "2023-05-16T21:34:58.502932Z"
    },
    {
        "name": "v4.0.0",
        "tag_last_pushed": "2023-05-16T21:34:55.595498Z"
    },
    {
        "name": "v3.31.3-alpine",
        "tag_last_pushed": "2023-05-10T09:03:15.365093Z"
    },
    {
        "name": "v3.31.3",
        "tag_last_pushed": "2023-05-10T09:03:10.770601Z"
    },
    {
        "name": "v3.31.2-alpine",
        "tag_last_pushed": "2023-05-01T10:32:33.834921Z"
    },
    {
        "name": "v3.31.2",
        "tag_last_pushed": "2023-05-01T10:32:31.165253Z"
    },
    {
        "name": "v3.31.1-alpine",
        "tag_last_pushed": "2023-04-20T19:05:42.535183Z"
    },
    {
        "name": "v3.31.1",
        "tag_last_pushed": "2023-04-20T19:05:39.382177Z"
    },
    {
        "name": "v3.31.0-alpine",
        "tag_last_pushed": "2023-04-17T09:34:30.186099Z"
    },
    {
        "name": "v3.31.0",
        "tag_last_pushed": "2023-04-17T09:34:27.228797Z"
    },
    {
        "name": "v3.30.0-alpine",
        "tag_last_pushed": "2023-04-13T22:08:17.79556Z"
    },
    {
        "name": "v3.30.0",
        "tag_last_pushed": "2023-04-13T22:08:14.921665Z"
    },
    {
        "name": "v3.29.1-alpine",
        "tag_last_pushed": "2023-03-28T21:04:43.948538Z"
    },
    {
        "name": "v3.29.1",
        "tag_last_pushed": "2023-03-28T21:04:40.61072Z"
    },
    {
        "name": "v3.29.0-alpine",
        "tag_last_pushed": "2023-03-23T00:30:38.140695Z"
    },
    {
        "name": "v3.29.0",
        "tag_last_pushed": "2023-03-23T00:30:31.84442Z"
    },
    {
        "name": "v3.28.0-alpine",
        "tag_last_pushed": "2023-03-20T09:51:28.408438Z"
    },
    {
        "name": "v3.28.0",
        "tag_last_pushed": "2023-03-20T09:51:22.19783Z"
    },
    {
        "name": "v3.27.1-alpine",
        "tag_last_pushed": "2023-03-16T20:41:00.520306Z"
    },
    {
        "name": "v3.27.1",
        "tag_last_pushed": "2023-03-16T20:40:54.057124Z"
    },
    {
        "name": "v3.27.2-alpine",
        "tag_last_pushed": "2023-03-09T08:38:51.696167Z"
    },
    {
        "name": "v3.27.2",
        "tag_last_pushed": "2023-03-09T08:38:47.972379Z"
    },
    {
        "name": "v3.27.0-alpine",
        "tag_last_pushed": "2023-02-28T04:07:24.850346Z"
    },
    {
        "name": "v3.27.0",
        "tag_last_pushed": "2023-02-28T04:07:20.726535Z"
    },
    {
        "name": "v3.26.0-alpine",
        "tag_last_pushed": "2023-02-27T10:25:14.613638Z"
    },
    {
        "name": "v3.26.0",
        "tag_last_pushed": "2023-02-27T10:25:09.392179Z"
    },
    {
        "name": "v3.25.0-alpine",
        "tag_last_pushed": "2023-02-03T02:42:08.357418Z"
    },
    {
        "name": "v3.25.0",
        "tag_last_pushed": "2023-02-03T02:42:05.189466Z"
    },
    {
        "name": "v3.24.0-alpine",
        "tag_last_pushed": "2023-01-23T09:33:25.280489Z"
    },
    {
        "name": "v3.24.0",
        "tag_last_pushed": "2023-01-23T09:33:20.466728Z"
    },
    {
        "name": "v3.23.0-alpine",
        "tag_last_pushed": "2023-01-17T00:33:52.33196Z"
    },
    {
        "name": "v3.23.0",
        "tag_last_pushed": "2023-01-17T00:33:48.668616Z"
    },
    {
        "name": "v3.22.1-alpine",
        "tag_last_pushed": "2022-12-02T03:42:26.798373Z"
    },
    {
        "name": "v3.22.1",
        "tag_last_pushed": "2022-12-02T03:42:24.679159Z"
    },
    {
        "name": "v3.22.0-alpine",
        "tag_last_pushed": "2022-11-09T22:29:14.460645Z"
    },
    {
        "name": "v3.22.0",
        "tag_last_pushed": "2022-11-09T22:29:12.148315Z"
    },
    {
        "name": "v3.21.0-alpine",
        "tag_last_pushed": "2022-11-07T09:46:50.989062Z"
    },
    {
        "name": "v3.21.0",
        "tag_last_pushed": "2022-11-07T09:46:49.376676Z"
    },
    {
        "name": "v3.20.0-alpine",
        "tag_last_pushed": "2022-11-02T02:41:51.409846Z"
    },
    {
        "name": "v3.20.0",
        "tag_last_pushed": "2022-11-02T02:41:47.771085Z"
    },
    {
        "name": "v3.19.0-alpine",
        "tag_last_pushed": "2022-08-22T09:49:27.375606Z"
    }
]