[
    {
        "name": "12.1.0_2023-06-12",
        "tag_last_pushed": "2023-06-12T00:09:43.673826Z"
    },
    {
        "name": "latest",
        "tag_last_pushed": "2023-06-02T21:24:51.455055Z"
    },
    {
        "name": "12.1.0_2023-06-02",
        "tag_last_pushed": "2023-06-02T21:24:49.531337Z"
    },
    {
        "name": "12.1.0_2023-05-31",
        "tag_last_pushed": "2023-05-31T16:18:04.960431Z"
    },
    {
        "name": "12.1.0_2023-05-27",
        "tag_last_pushed": "2023-05-27T21:13:45.065041Z"
    },
    {
        "name": "12.1.0_2023-05-13",
        "tag_last_pushed": "2023-05-13T19:45:28.406718Z"
    },
    {
        "name": "12.0.0_2023-05-03",
        "tag_last_pushed": "2023-05-02T23:11:37.987599Z"
    },
    {
        "name": "12.0.0_2023-04-30",
        "tag_last_pushed": "2023-04-30T00:51:11.560861Z"
    },
    {
        "name": "12.0.0_2023-04-21",
        "tag_last_pushed": "2023-04-21T21:38:23.549186Z"
    },
    {
        "name": "12.0.0_2023-04-19",
        "tag_last_pushed": "2023-04-18T22:39:23.941328Z"
    },
    {
        "name": "12.0.0_2023-04-16",
        "tag_last_pushed": "2023-04-16T12:53:26.513698Z"
    },
    {
        "name": "11.3.1_2023-04-09",
        "tag_last_pushed": "2023-04-09T00:13:04.699247Z"
    },
    {
        "name": "11.3.1_fix-chmod-dovecot_2023-03-26",
        "tag_last_pushed": "2023-03-25T23:56:41.136774Z"
    },
    {
        "name": "11.3.1_2023-03-26",
        "tag_last_pushed": "2023-03-25T23:24:22.299807Z"
    },
    {
        "name": "11.3.1_2023-03-25",
        "tag_last_pushed": "2023-03-25T13:26:07.888423Z"
    },
    {
        "name": "11.3.1_2023-03-11",
        "tag_last_pushed": "2023-03-10T23:02:02.090327Z"
    },
    {
        "name": "11.3.1_2023-03-04",
        "tag_last_pushed": "2023-03-04T22:06:39.354319Z"
    },
    {
        "name": "11.3.1_pf_2023-02-26",
        "tag_last_pushed": "2023-02-26T00:05:27.070167Z"
    },
    {
        "name": "11.3.1_2023-02-25",
        "tag_last_pushed": "2023-02-25T21:43:15.531184Z"
    },
    {
        "name": "11.3.1_2023-02-18",
        "tag_last_pushed": "2023-02-18T11:57:14.454637Z"
    },
    {
        "name": "11.3.1_fix-3078_2023-02-11",
        "tag_last_pushed": "2023-02-10T23:53:41.519385Z"
    },
    {
        "name": "11.3.1_fix-3078_2023-02-10",
        "tag_last_pushed": "2023-02-10T00:17:20.180855Z"
    },
    {
        "name": "11.3.1_2023-02-05",
        "tag_last_pushed": "2023-02-05T12:34:50.766002Z"
    },
    {
        "name": "11.3.1_2023-02-04",
        "tag_last_pushed": "2023-02-04T17:22:22.988943Z"
    },
    {
        "name": "11.3.1_2023-01-29",
        "tag_last_pushed": "2023-01-29T15:30:10.710978Z"
    },
    {
        "name": "11.3.1_2023-01-26",
        "tag_last_pushed": "2023-01-26T21:51:59.718787Z"
    },
    {
        "name": "11.3.1_2023-01-25",
        "tag_last_pushed": "2023-01-25T11:43:02.508209Z"
    },
    {
        "name": "11.3.1_2023-01-23",
        "tag_last_pushed": "2023-01-23T01:33:43.830572Z"
    },
    {
        "name": "11.3.1_2023-01-13",
        "tag_last_pushed": "2023-01-13T00:56:07.766068Z"
    },
    {
        "name": "11.3.1_2023-01-07",
        "tag_last_pushed": "2023-01-06T23:50:53.581731Z"
    },
    {
        "name": "11.3.1_update_fail2ban_2023-01-01",
        "tag_last_pushed": "2023-01-01T21:11:02.785255Z"
    },
    {
        "name": "11.3.1_2022-12-25",
        "tag_last_pushed": "2022-12-25T02:35:20.823948Z"
    },
    {
        "name": "11.3.1_2022-12-22",
        "tag_last_pushed": "2022-12-22T22:36:09.419892Z"
    },
    {
        "name": "11.2.0_2022-12-18",
        "tag_last_pushed": "2022-12-18T00:01:49.229547Z"
    },
    {
        "name": "11.2.0_2022-12-06",
        "tag_last_pushed": "2022-12-06T22:52:01.181787Z"
    },
    {
        "name": "11.2.0_2022-11-23",
        "tag_last_pushed": "2022-11-23T22:09:31.564886Z"
    },
    {
        "name": "11.2.0_2022-11-13",
        "tag_last_pushed": "2022-11-13T16:38:53.498617Z"
    },
    {
        "name": "11.2.0_2022-11-05",
        "tag_last_pushed": "2022-11-05T11:24:35.459119Z"
    },
    {
        "name": "11.2.0_listmailuser-fix-2877_2022-11-05",
        "tag_last_pushed": "2022-11-05T11:11:59.551081Z"
    },
    {
        "name": "11.2.0_2022-10-31",
        "tag_last_pushed": "2022-10-30T23:26:03.917838Z"
    },
    {
        "name": "11.2.0_2022-10-29",
        "tag_last_pushed": "2022-10-29T19:47:40.522562Z"
    },
    {
        "name": "11.2.0_fetchmail-not-verbose_2022-10-23",
        "tag_last_pushed": "2022-10-23T21:53:58.990665Z"
    },
    {
        "name": "11.2.0_fetchmail_2022-10-23",
        "tag_last_pushed": "2022-10-23T11:39:19.996984Z"
    },
    {
        "name": "11.2.0_2022-10-22",
        "tag_last_pushed": "2022-10-22T21:08:32.313285Z"
    },
    {
        "name": "11.2.0_follow-up-2849_2022-10-22",
        "tag_last_pushed": "2022-10-22T20:43:39.860629Z"
    },
    {
        "name": "11.2.0_setup-fix_2022-10-22",
        "tag_last_pushed": "2022-10-21T23:15:34.337886Z"
    },
    {
        "name": "11.2.0_2022-10-20",
        "tag_last_pushed": "2022-10-19T22:10:04.436231Z"
    },
    {
        "name": "11.2.0_2022-10-16",
        "tag_last_pushed": "2022-10-16T20:02:21.881374Z"
    },
    {
        "name": "11.2.0_2022-10-15",
        "tag_last_pushed": "2022-10-15T11:23:09.534451Z"
    },
    {
        "name": "11.1.0_fix-user-patches_2022-10-09",
        "tag_last_pushed": "2022-10-09T00:10:26.576902Z"
    },
    {
        "name": "11.1.0_2022-10-09",
        "tag_last_pushed": "2022-10-09T00:01:26.351241Z"
    }
]