[
    {
        "name": "latest",
        "tag_last_pushed": "2023-05-09T19:15:36.057028Z"
    },
    {
        "name": "0.50.2",
        "tag_last_pushed": "2023-05-09T19:15:31.81733Z"
    },
    {
        "name": "0.50",
        "tag_last_pushed": "2023-05-09T19:15:27.684134Z"
    },
    {
        "name": "0",
        "tag_last_pushed": "2023-05-09T19:15:23.156892Z"
    },
    {
        "name": "unstable",
        "tag_last_pushed": "2023-05-09T19:14:29.560996Z"
    },
    {
        "name": "0.52.0",
        "tag_last_pushed": "2023-05-09T18:42:57.826246Z"
    },
    {
        "name": "0.52",
        "tag_last_pushed": "2023-05-09T18:42:53.72548Z"
    },
    {
        "name": "0.50.1",
        "tag_last_pushed": "2023-05-06T19:08:42.183249Z"
    },
    {
        "name": "v0.37.2",
        "tag_last_pushed": "2022-03-08T18:58:07.43534Z"
    }
]