[
    {
        "name": "latest",
        "tag_last_pushed": "2021-08-14T19:25:32.552621Z"
    },
    {
        "name": "0.10.1",
        "tag_last_pushed": "2021-08-14T19:25:29.44528Z"
    },
    {
        "name": "0.9.1",
        "tag_last_pushed": "2021-03-20T18:44:53.47559Z"
    },
    {
        "name": "0.9.0",
        "tag_last_pushed": "2021-02-21T15:59:33.873086Z"
    },
    {
        "name": "0.8.1",
        "tag_last_pushed": "2021-02-18T21:42:37.408138Z"
    },
    {
        "name": "0.8.0",
        "tag_last_pushed": "2021-02-18T00:14:51.260981Z"
    },
    {
        "name": "0.7.0",
        "tag_last_pushed": "2020-08-22T19:07:58.717059Z"
    },
    {
        "name": "0.6.0",
        "tag_last_pushed": "2020-06-29T21:15:09.251489Z"
    },
    {
        "name": "0.5.4",
        "tag_last_pushed": "2020-05-02T16:27:23.45987Z"
    },
    {
        "name": "0.5.3",
        "tag_last_pushed": "2020-04-27T02:14:01.016241Z"
    },
    {
        "name": "0.5.2",
        "tag_last_pushed": "2020-04-21T11:42:23.658182Z"
    },
    {
        "name": "0.5.1",
        "tag_last_pushed": "2020-03-09T22:22:13.303751Z"
    },
    {
        "name": "0.5.0",
        "tag_last_pushed": "2019-11-21T22:24:57.414289Z"
    },
    {
        "name": "0.4.2",
        "tag_last_pushed": "2019-10-30T22:13:23.398863Z"
    },
    {
        "name": "0.4.1",
        "tag_last_pushed": "2019-10-30T02:13:09.414535Z"
    },
    {
        "name": "0.4.0",
        "tag_last_pushed": "2019-10-29T20:25:25.027607Z"
    },
    {
        "name": "0.3.3",
        "tag_last_pushed": "2019-10-28T02:10:12.199653Z"
    },
    {
        "name": "0.3.2",
        "tag_last_pushed": "2019-10-27T23:31:17.538701Z"
    },
    {
        "name": "0.3.1",
        "tag_last_pushed": "2019-10-26T23:15:46.022948Z"
    },
    {
        "name": "0.3.0",
        "tag_last_pushed": "2019-10-26T14:04:28.346121Z"
    },
    {
        "name": "0.2.6",
        "tag_last_pushed": "2019-09-30T23:29:25.653797Z"
    },
    {
        "name": "0.2.5",
        "tag_last_pushed": "2019-09-29T02:37:23.115848Z"
    },
    {
        "name": "0.2.4",
        "tag_last_pushed": "2019-08-06T00:10:45.645428Z"
    },
    {
        "name": "0.2.3",
        "tag_last_pushed": "2019-05-13T02:27:57.986782Z"
    },
    {
        "name": "0.2.2",
        "tag_last_pushed": "2018-12-15T21:54:28.026775Z"
    },
    {
        "name": "0.2.1",
        "tag_last_pushed": "2018-12-12T03:15:37.923068Z"
    },
    {
        "name": "0.2.0",
        "tag_last_pushed": "2018-12-12T01:48:46.302571Z"
    },
    {
        "name": "0.1.1",
        "tag_last_pushed": "2018-12-07T03:00:59.108494Z"
    },
    {
        "name": "0.1.0",
        "tag_last_pushed": "2018-12-06T01:37:12.451787Z"
    },
    {
        "name": "181124",
        "tag_last_pushed": "2018-12-03T22:29:54.475346Z"
    },
    {
        "name": "0.0.11",
        "tag_last_pushed": "2018-12-03T22:18:26.553936Z"
    },
    {
        "name": "0.0.10",
        "tag_last_pushed": "2018-11-28T11:40:53.87157Z"
    },
    {
        "name": "0.0.9",
        "tag_last_pushed": "2018-10-01T00:04:11.60205Z"
    },
    {
        "name": "0.0.8",
        "tag_last_pushed": "2018-05-27T22:26:35.81936Z"
    },
    {
        "name": "0.0.7",
        "tag_last_pushed": "2018-05-15T10:28:34.706764Z"
    },
    {
        "name": "0.0.6",
        "tag_last_pushed": "2018-05-07T01:30:36.595511Z"
    },
    {
        "name": "170926.1-0.0.4",
        "tag_last_pushed": "2017-10-05T22:32:09.504318Z"
    },
    {
        "name": "170926.1-0.0.1",
        "tag_last_pushed": "2017-10-05T22:31:12.33782Z"
    },
    {
        "name": "170710.1-0.0.3",
        "tag_last_pushed": "2017-10-05T22:28:02.678174Z"
    },
    {
        "name": "170710.1-0.0.2",
        "tag_last_pushed": "2017-08-16T02:01:47.512285Z"
    },
    {
        "name": "170710.1",
        "tag_last_pushed": "2017-08-16T00:36:42.855104Z"
    }
]