[
    {
        "name": "v1.0.7",
        "tag_last_pushed": "2018-06-28T14:00:47.152495Z"
    },
    {
        "name": "v1.0.6",
        "tag_last_pushed": "2018-06-26T03:02:25.70729Z"
    },
    {
        "name": "v1.0.5",
        "tag_last_pushed": "2018-06-16T14:06:16.26203Z"
    },
    {
        "name": "v1.0.4",
        "tag_last_pushed": "2018-06-16T03:31:28.632375Z"
    },
    {
        "name": "v1.0.3",
        "tag_last_pushed": "2018-06-13T14:22:28.574703Z"
    },
    {
        "name": "v1.0.2",
        "tag_last_pushed": "2018-06-09T13:47:18.833136Z"
    },
    {
        "name": "old",
        "tag_last_pushed": "2018-06-04T18:32:36.088794Z"
    },
    {
        "name": "v1.0.1",
        "tag_last_pushed": "2018-06-02T20:59:02.697444Z"
    },
    {
        "name": "v1.0.0",
        "tag_last_pushed": "2018-06-02T01:28:37.390036Z"
    },
    {
        "name": "DAWN-2018-06-01-ALPHA",
        "tag_last_pushed": "2018-06-01T19:38:26.00789Z"
    }
]