[
    {
        "name": "latest",
        "tag_last_pushed": "2022-11-25T02:15:02.778145Z"
    },
    {
        "name": "v3.10.2",
        "tag_last_pushed": "2022-11-25T02:12:31.170026Z"
    },
    {
        "name": "v3.10.1",
        "tag_last_pushed": "2022-11-25T02:11:16.022762Z"
    },
    {
        "name": "v3.10.0",
        "tag_last_pushed": "2022-11-25T02:11:09.651158Z"
    },
    {
        "name": "v3.9.4",
        "tag_last_pushed": "2022-08-25T17:16:17.66207Z"
    },
    {
        "name": "v3.9.3",
        "tag_last_pushed": "2022-08-25T17:14:46.862472Z"
    },
    {
        "name": "v3.9.1",
        "tag_last_pushed": "2022-08-01T18:31:44.691884Z"
    },
    {
        "name": "v3.9.2",
        "tag_last_pushed": "2022-08-01T18:26:44.008635Z"
    },
    {
        "name": "v3.8.2",
        "tag_last_pushed": "2022-04-22T23:33:56.197795Z"
    },
    {
        "name": "v3.8.1",
        "tag_last_pushed": "2022-03-16T20:39:55.636066Z"
    },
    {
        "name": "v3.8.0",
        "tag_last_pushed": "2022-01-24T17:24:14.706676Z"
    },
    {
        "name": "v3.7.2",
        "tag_last_pushed": "2021-12-16T19:33:10.833972Z"
    },
    {
        "name": "v3.7.1",
        "tag_last_pushed": "2021-10-21T16:27:53.674732Z"
    },
    {
        "name": "v3.7.0",
        "tag_last_pushed": "2021-09-16T20:29:47.976792Z"
    },
    {
        "name": "v3.6.3",
        "tag_last_pushed": "2021-08-02T17:22:38.004567Z"
    },
    {
        "name": "v3.6.2",
        "tag_last_pushed": "2021-06-29T17:14:49.519193Z"
    },
    {
        "name": "v3.6.1",
        "tag_last_pushed": "2021-06-17T16:55:30.396736Z"
    },
    {
        "name": "v3.6.0",
        "tag_last_pushed": "2021-06-01T16:07:28.168373Z"
    },
    {
        "name": "v3.5.3",
        "tag_last_pushed": "2021-04-02T05:12:21.410836Z"
    },
    {
        "name": "v3.5.2",
        "tag_last_pushed": "2021-02-18T21:42:36.687148Z"
    },
    {
        "name": "v3.5.1",
        "tag_last_pushed": "2021-02-18T21:41:33.14969Z"
    },
    {
        "name": "v3.5.0",
        "tag_last_pushed": "2021-01-14T00:17:14.34807Z"
    },
    {
        "name": "v2.17.0",
        "tag_last_pushed": "2021-01-14T00:15:42.943662Z"
    },
    {
        "name": "v3.4.2",
        "tag_last_pushed": "2020-12-09T21:25:49.198144Z"
    },
    {
        "name": "v3.4.1",
        "tag_last_pushed": "2020-11-13T23:12:14.404808Z"
    },
    {
        "name": "v3.4.0",
        "tag_last_pushed": "2020-10-29T15:40:10.595701Z"
    },
    {
        "name": "v2.16.11",
        "tag_last_pushed": "2020-09-23T17:31:07.751761Z"
    },
    {
        "name": "v3.3.4",
        "tag_last_pushed": "2020-09-23T17:30:41.516564Z"
    },
    {
        "name": "v3.3.3",
        "tag_last_pushed": "2020-09-23T17:28:55.40247Z"
    },
    {
        "name": "v3.3.2",
        "tag_last_pushed": "2020-09-23T17:28:33.370114Z"
    },
    {
        "name": "v3.3.1",
        "tag_last_pushed": "2020-09-02T16:51:30.03563Z"
    },
    {
        "name": "v2.16.10",
        "tag_last_pushed": "2020-08-14T04:11:40.708291Z"
    },
    {
        "name": "v3.3.0",
        "tag_last_pushed": "2020-08-14T04:09:36.578189Z"
    },
    {
        "name": "v2.16.9",
        "tag_last_pushed": "2020-06-17T17:18:40.523056Z"
    },
    {
        "name": "v3.2.4",
        "tag_last_pushed": "2020-06-16T00:06:17.166619Z"
    },
    {
        "name": "v2.16.8",
        "tag_last_pushed": "2020-06-12T17:20:34.218629Z"
    },
    {
        "name": "v3.2.3",
        "tag_last_pushed": "2020-06-10T18:18:39.697494Z"
    },
    {
        "name": "v3.2.2",
        "tag_last_pushed": "2020-06-05T23:23:39.877151Z"
    },
    {
        "name": "v3.2.1",
        "tag_last_pushed": "2020-05-16T03:11:34.302219Z"
    },
    {
        "name": "v2.16.7",
        "tag_last_pushed": "2020-05-06T18:16:45.199075Z"
    },
    {
        "name": "v3.1.3",
        "tag_last_pushed": "2020-04-24T16:36:01.864518Z"
    },
    {
        "name": "v3.2.0",
        "tag_last_pushed": "2020-04-22T17:24:00.05314Z"
    },
    {
        "name": "v2.16.6",
        "tag_last_pushed": "2020-04-15T16:32:41.448041Z"
    },
    {
        "name": "v2.16.5",
        "tag_last_pushed": "2020-03-27T21:18:30.949262Z"
    },
    {
        "name": "v2.16.4",
        "tag_last_pushed": "2020-03-23T20:29:52.213258Z"
    },
    {
        "name": "v3.1.2",
        "tag_last_pushed": "2020-03-12T23:29:05.794696Z"
    },
    {
        "name": "v3.1.1",
        "tag_last_pushed": "2020-02-26T18:40:13.95265Z"
    },
    {
        "name": "v3.1.0",
        "tag_last_pushed": "2020-02-14T00:52:32.205884Z"
    },
    {
        "name": "v2.16.3",
        "tag_last_pushed": "2020-02-14T00:50:03.009515Z"
    }
]