[
    {
        "name": "1.4-1.0",
        "tag_last_pushed": "2019-10-23T08:34:04.728344Z"
    },
    {
        "name": "latest",
        "tag_last_pushed": "2019-10-21T09:49:28.267703Z"
    },
    {
        "name": "1.2-1.0",
        "tag_last_pushed": "2019-09-02T15:44:06.323843Z"
    },
    {
        "name": "v1",
        "tag_last_pushed": "2019-08-07T09:08:12.449364Z"
    },
    {
        "name": "test",
        "tag_last_pushed": "2019-08-07T09:08:11.33659Z"
    },
    {
        "name": "v0.34-1.0",
        "tag_last_pushed": "2019-03-05T11:20:38.857346Z"
    },
    {
        "name": "v0.33.8",
        "tag_last_pushed": "2018-11-23T12:54:36.903212Z"
    },
    {
        "name": "v0.33.0",
        "tag_last_pushed": "2018-07-23T15:05:01.911707Z"
    },
    {
        "name": "v0.31.2",
        "tag_last_pushed": "2018-06-28T12:21:26.819346Z"
    },
    {
        "name": "v0.29.0",
        "tag_last_pushed": "2018-05-17T09:50:54.846477Z"
    },
    {
        "name": "v0.26.0",
        "tag_last_pushed": "2018-02-22T13:47:36.203708Z"
    }
]