[
    {
        "name": "v1.1.19",
        "tag_last_pushed": "2023-06-12T06:31:32.353238Z"
    },
    {
        "name": "v1.1.18",
        "tag_last_pushed": "2023-06-09T06:31:24.172687Z"
    },
    {
        "name": "latest",
        "tag_last_pushed": "2023-06-09T06:31:22.822708Z"
    },
    {
        "name": "v1.1.17",
        "tag_last_pushed": "2023-06-08T06:31:16.253111Z"
    },
    {
        "name": "v1.1.15",
        "tag_last_pushed": "2023-06-02T06:30:37.697838Z"
    },
    {
        "name": "v1.1.14",
        "tag_last_pushed": "2023-05-31T06:31:47.455874Z"
    },
    {
        "name": "v1.1.10",
        "tag_last_pushed": "2023-05-30T06:30:07.006171Z"
    },
    {
        "name": "v1.1.9",
        "tag_last_pushed": "2023-05-26T06:31:53.324059Z"
    },
    {
        "name": "v1.1.6",
        "tag_last_pushed": "2023-05-21T06:28:36.191817Z"
    },
    {
        "name": "v1.1.4",
        "tag_last_pushed": "2023-05-20T06:29:39.053926Z"
    },
    {
        "name": "v1.1.3",
        "tag_last_pushed": "2023-05-19T06:29:45.782054Z"
    },
    {
        "name": "v1.1.2",
        "tag_last_pushed": "2023-05-17T06:30:11.704743Z"
    },
    {
        "name": "v1.1.1",
        "tag_last_pushed": "2023-05-16T06:31:13.997108Z"
    },
    {
        "name": "v1.1.0",
        "tag_last_pushed": "2023-05-10T06:30:59.530041Z"
    },
    {
        "name": "v1.0.11",
        "tag_last_pushed": "2023-05-06T06:30:39.263308Z"
    },
    {
        "name": "v1.0.10",
        "tag_last_pushed": "2023-05-04T06:30:38.176156Z"
    },
    {
        "name": "v1.0.7",
        "tag_last_pushed": "2023-04-26T06:31:16.04468Z"
    },
    {
        "name": "v1.0.6",
        "tag_last_pushed": "2023-04-24T13:58:15.225995Z"
    },
    {
        "name": "v1.0.4",
        "tag_last_pushed": "2023-04-24T06:32:25.826271Z"
    },
    {
        "name": "v1.0.1",
        "tag_last_pushed": "2023-04-16T20:10:56.819766Z"
    }
]