[
    {
        "name": "1.0.7",
        "tag_last_pushed": "2017-09-11T10:16:03.434356Z"
    },
    {
        "name": "1.0.6",
        "tag_last_pushed": "2017-09-11T09:38:19.246354Z"
    },
    {
        "name": "1.0.5",
        "tag_last_pushed": "2017-08-20T14:30:55.990229Z"
    },
    {
        "name": "1.0.4",
        "tag_last_pushed": "2017-08-20T12:39:43.187164Z"
    },
    {
        "name": "1.0.3",
        "tag_last_pushed": "2017-08-20T10:40:40.777814Z"
    },
    {
        "name": "latest",
        "tag_last_pushed": "2017-08-20T09:22:33.454069Z"
    }
]