[
    {
        "name": "1.5-1.0",
        "tag_last_pushed": "2019-10-23T08:34:33.58638Z"
    },
    {
        "name": "master",
        "tag_last_pushed": "2019-10-21T12:01:05.724254Z"
    },
    {
        "name": "latest",
        "tag_last_pushed": "2019-10-21T12:00:36.447289Z"
    },
    {
        "name": "1.3-1.0",
        "tag_last_pushed": "2019-09-02T15:42:28.703915Z"
    },
    {
        "name": "1.3.2",
        "tag_last_pushed": "2019-08-06T10:06:51.194736Z"
    },
    {
        "name": "1.0-1.2",
        "tag_last_pushed": "2019-04-04T13:08:50.298336Z"
    },
    {
        "name": "1.0-1.1",
        "tag_last_pushed": "2019-03-06T17:39:01.886589Z"
    },
    {
        "name": "1.0-1.0",
        "tag_last_pushed": "2019-03-05T11:39:19.084562Z"
    },
    {
        "name": "v0.17.6-1.0",
        "tag_last_pushed": "2018-11-23T13:04:56.378881Z"
    },
    {
        "name": "v0.15.7-eea.1",
        "tag_last_pushed": "2018-07-23T15:19:16.485322Z"
    },
    {
        "name": "v0.15.6-rc.2.eea.1",
        "tag_last_pushed": "2018-06-28T11:08:07.870978Z"
    },
    {
        "name": "v0.15.1",
        "tag_last_pushed": "2018-05-17T09:41:44.825743Z"
    },
    {
        "name": "v0.13.5",
        "tag_last_pushed": "2018-02-13T12:05:37.456004Z"
    },
    {
        "name": "v0.13.4",
        "tag_last_pushed": "2018-02-07T15:38:40.500207Z"
    }
]