[
    {
        "name": "2018-10-09-450deb0",
        "tag_last_pushed": "2020-11-04T03:54:45.430524Z"
    },
    {
        "name": "latest",
        "tag_last_pushed": "2018-05-25T09:07:02.337187Z"
    },
    {
        "name": "full-featured-2.6.1",
        "tag_last_pushed": "2018-05-25T08:53:40.982018Z"
    },
    {
        "name": "alpine-2.6.1",
        "tag_last_pushed": "2018-05-25T08:40:31.877077Z"
    },
    {
        "name": "alpine",
        "tag_last_pushed": "2018-05-25T08:33:56.061134Z"
    },
    {
        "name": "full-featured",
        "tag_last_pushed": "2018-05-25T08:27:36.280628Z"
    },
    {
        "name": "full-featured-2.6",
        "tag_last_pushed": "2018-01-14T04:58:38.559141Z"
    },
    {
        "name": "alpine-2.6",
        "tag_last_pushed": "2018-01-14T04:46:50.006213Z"
    },
    {
        "name": "full-featured-2.5",
        "tag_last_pushed": "2017-08-02T03:44:03.657379Z"
    },
    {
        "name": "alpine-2.4",
        "tag_last_pushed": "2017-04-30T14:53:23.075666Z"
    },
    {
        "name": "full-featured-2.4",
        "tag_last_pushed": "2017-04-30T14:51:47.298147Z"
    },
    {
        "name": "full-featured-2.2.1",
        "tag_last_pushed": "2016-12-31T09:24:55.353372Z"
    },
    {
        "name": "alpine-2.2.1",
        "tag_last_pushed": "2016-12-31T09:18:19.166901Z"
    }
]