[
    {
        "name": "4.0.0-beta.9",
        "tag_last_pushed": "2016-11-29T22:48:16.047014Z"
    },
    {
        "name": "4.0.0",
        "tag_last_pushed": "2016-11-29T22:44:47.142541Z"
    },
    {
        "name": "4.0",
        "tag_last_pushed": "2016-11-29T22:41:21.334875Z"
    },
    {
        "name": "3.6.5",
        "tag_last_pushed": "2016-11-29T19:59:55.494209Z"
    },
    {
        "name": "3.6",
        "tag_last_pushed": "2016-11-29T19:56:20.506006Z"
    },
    {
        "name": "stable",
        "tag_last_pushed": "2016-11-29T19:51:55.5312Z"
    },
    {
        "name": "latest",
        "tag_last_pushed": "2016-11-29T19:48:19.185064Z"
    },
    {
        "name": "4.0.0-beta.7",
        "tag_last_pushed": "2016-09-09T05:15:35.164189Z"
    },
    {
        "name": "3.6.4",
        "tag_last_pushed": "2016-09-09T05:05:37.135982Z"
    }
]