[
    {
        "name": "latest",
        "tag_last_pushed": "2020-03-09T06:49:40.886099Z"
    },
    {
        "name": "master",
        "tag_last_pushed": "2020-03-09T06:49:39.220163Z"
    },
    {
        "name": "24df157",
        "tag_last_pushed": "2019-01-07T15:03:14.130524Z"
    },
    {
        "name": "456716b",
        "tag_last_pushed": "2019-01-07T14:43:19.545864Z"
    },
    {
        "name": "636b05f",
        "tag_last_pushed": "2019-01-07T06:21:07.609097Z"
    },
    {
        "name": "ba372f3",
        "tag_last_pushed": "2019-01-07T06:19:18.679968Z"
    },
    {
        "name": "72b5365",
        "tag_last_pushed": "2019-01-07T06:03:17.250718Z"
    },
    {
        "name": "c722ed5",
        "tag_last_pushed": "2019-01-07T02:07:20.001822Z"
    },
    {
        "name": "e3e4a58",
        "tag_last_pushed": "2019-01-07T02:07:04.895775Z"
    },
    {
        "name": "aa8595e",
        "tag_last_pushed": "2019-01-06T02:07:44.573025Z"
    }
]