[
    {
        "name": "25",
        "tag_last_pushed": "2021-06-01T23:11:49.740055Z"
    },
    {
        "name": "24",
        "tag_last_pushed": "2021-06-01T23:07:31.278361Z"
    },
    {
        "name": "23",
        "tag_last_pushed": "2021-06-01T22:58:15.617701Z"
    },
    {
        "name": "22",
        "tag_last_pushed": "2021-06-01T22:20:42.551074Z"
    },
    {
        "name": "21",
        "tag_last_pushed": "2021-06-01T22:01:53.240355Z"
    },
    {
        "name": "20",
        "tag_last_pushed": "2021-06-01T21:58:46.084242Z"
    },
    {
        "name": "19",
        "tag_last_pushed": "2021-06-01T21:51:52.467828Z"
    },
    {
        "name": "18",
        "tag_last_pushed": "2021-06-01T21:28:36.852491Z"
    },
    {
        "name": "15",
        "tag_last_pushed": "2021-06-01T21:21:23.927742Z"
    },
    {
        "name": "14",
        "tag_last_pushed": "2021-06-01T21:19:34.041518Z"
    },
    {
        "name": "13",
        "tag_last_pushed": "2021-06-01T21:17:33.101278Z"
    },
    {
        "name": "11",
        "tag_last_pushed": "2021-06-01T01:30:33.804506Z"
    },
    {
        "name": "10",
        "tag_last_pushed": "2021-06-01T01:23:25.41442Z"
    },
    {
        "name": "9",
        "tag_last_pushed": "2021-06-01T00:23:57.099358Z"
    },
    {
        "name": "latest",
        "tag_last_pushed": "2021-05-01T00:10:19.332979Z"
    }
]