[
    {
        "name": "nightly-distroless",
        "tag_last_pushed": "2023-06-12T01:59:57.7202Z"
    },
    {
        "name": "nightly",
        "tag_last_pushed": "2023-06-12T01:52:42.668128Z"
    },
    {
        "name": "latest-distroless",
        "tag_last_pushed": "2023-05-31T12:03:04.042267Z"
    },
    {
        "name": "2.0.44-alex2-distroless",
        "tag_last_pushed": "2023-05-31T12:03:00.225357Z"
    },
    {
        "name": "latest",
        "tag_last_pushed": "2023-05-31T11:55:42.510764Z"
    },
    {
        "name": "2.0.44-alex2",
        "tag_last_pushed": "2023-05-31T11:55:35.834475Z"
    },
    {
        "name": "2.0.44-alex1",
        "tag_last_pushed": "2023-05-22T17:51:45.703635Z"
    },
    {
        "name": "2.0.43-alex2-distroless",
        "tag_last_pushed": "2023-03-24T14:41:57.102332Z"
    },
    {
        "name": "2.0.43-alex2",
        "tag_last_pushed": "2023-03-24T14:34:32.745425Z"
    },
    {
        "name": "2.0.43-distroless",
        "tag_last_pushed": "2023-03-24T14:27:03.741485Z"
    },
    {
        "name": "2.0.37-alex2-distroless",
        "tag_last_pushed": "2023-03-24T14:26:27.030757Z"
    },
    {
        "name": "2.0.43",
        "tag_last_pushed": "2023-03-24T14:19:27.903762Z"
    },
    {
        "name": "2.0.37-alex2",
        "tag_last_pushed": "2023-03-24T14:18:43.716507Z"
    },
    {
        "name": "2.0.42-alex1-distroless",
        "tag_last_pushed": "2023-01-30T14:53:57.298974Z"
    },
    {
        "name": "2.0.42-distroless",
        "tag_last_pushed": "2023-01-30T14:53:47.606406Z"
    },
    {
        "name": "2.0.41-distroless",
        "tag_last_pushed": "2023-01-30T14:53:27.846228Z"
    },
    {
        "name": "2.0.42-alex1",
        "tag_last_pushed": "2023-01-30T14:49:20.945035Z"
    },
    {
        "name": "2.0.42",
        "tag_last_pushed": "2023-01-30T14:49:16.802693Z"
    },
    {
        "name": "2.0.41",
        "tag_last_pushed": "2023-01-30T14:49:00.847579Z"
    },
    {
        "name": "2.0.40-distroless",
        "tag_last_pushed": "2022-11-24T09:23:59.98786Z"
    },
    {
        "name": "2.0.40-alex1-distroless",
        "tag_last_pushed": "2022-11-24T09:23:55.787388Z"
    },
    {
        "name": "2.0.40-alex1",
        "tag_last_pushed": "2022-11-24T09:19:28.119781Z"
    },
    {
        "name": "2.0.40",
        "tag_last_pushed": "2022-11-24T09:19:26.555768Z"
    },
    {
        "name": "2.0.39-distroless",
        "tag_last_pushed": "2022-10-17T10:06:34.085516Z"
    },
    {
        "name": "2.0.39-alex1-distroless",
        "tag_last_pushed": "2022-10-17T10:05:53.052469Z"
    },
    {
        "name": "2.0.39",
        "tag_last_pushed": "2022-10-17T10:00:08.677114Z"
    },
    {
        "name": "2.0.39-alex1",
        "tag_last_pushed": "2022-10-17T09:59:38.817667Z"
    },
    {
        "name": "2.0.38-distroless",
        "tag_last_pushed": "2022-10-17T09:59:20.404835Z"
    },
    {
        "name": "2.0.38",
        "tag_last_pushed": "2022-10-17T09:54:49.072497Z"
    },
    {
        "name": "2.0.36-alex2-distroless",
        "tag_last_pushed": "2022-06-20T15:26:58.571939Z"
    },
    {
        "name": "2.0.36-alex2",
        "tag_last_pushed": "2022-06-20T15:22:50.970978Z"
    },
    {
        "name": "2.0.37-alex1-distroless",
        "tag_last_pushed": "2022-06-20T14:54:21.291792Z"
    },
    {
        "name": "2.0.37-alex1",
        "tag_last_pushed": "2022-06-20T14:53:43.567156Z"
    },
    {
        "name": "2.0.36-alex1-distroless",
        "tag_last_pushed": "2022-03-17T09:46:11.721599Z"
    },
    {
        "name": "2.0.36-alex1",
        "tag_last_pushed": "2022-03-17T09:45:30.692313Z"
    },
    {
        "name": "2.0.34-alex5",
        "tag_last_pushed": "2022-01-07T13:37:51.98137Z"
    },
    {
        "name": "2.0.34-alex3",
        "tag_last_pushed": "2022-01-03T15:34:39.905874Z"
    },
    {
        "name": "2.0.34-alex2",
        "tag_last_pushed": "2022-01-03T11:10:55.431753Z"
    },
    {
        "name": "2.0.34-alex1",
        "tag_last_pushed": "2021-12-19T11:05:00.148437Z"
    },
    {
        "name": "2.0.33-alex1",
        "tag_last_pushed": "2021-09-27T09:57:02.629986Z"
    },
    {
        "name": "2.0.32-alex1",
        "tag_last_pushed": "2021-08-20T11:22:16.217592Z"
    },
    {
        "name": "2.0.31-alex4",
        "tag_last_pushed": "2021-07-07T15:47:22.550236Z"
    },
    {
        "name": "2.0.31-alex3",
        "tag_last_pushed": "2021-07-01T17:38:39.036086Z"
    },
    {
        "name": "2.0.31-alex2",
        "tag_last_pushed": "2021-06-24T10:56:03.436905Z"
    }
]