[
    {
        "name": "2023-06-12",
        "tag_last_pushed": "2023-06-12T09:22:40.79085Z"
    },
    {
        "name": "latest",
        "tag_last_pushed": "2023-06-12T09:22:36.630259Z"
    },
    {
        "name": "2023-05-28",
        "tag_last_pushed": "2023-05-28T09:24:34.764639Z"
    },
    {
        "name": "2023-05-20",
        "tag_last_pushed": "2023-05-20T09:01:08.580182Z"
    },
    {
        "name": "2023-05-19",
        "tag_last_pushed": "2023-05-19T09:01:10.451621Z"
    },
    {
        "name": "2023-05-18",
        "tag_last_pushed": "2023-05-18T09:01:08.549109Z"
    },
    {
        "name": "2023-05-17",
        "tag_last_pushed": "2023-05-17T09:06:08.747094Z"
    },
    {
        "name": "2023-05-14",
        "tag_last_pushed": "2023-05-14T09:31:47.011451Z"
    },
    {
        "name": "2023-05-11",
        "tag_last_pushed": "2023-05-11T09:24:01.927072Z"
    },
    {
        "name": "2023-05-07",
        "tag_last_pushed": "2023-05-07T09:49:40.120568Z"
    },
    {
        "name": "2023-05-06",
        "tag_last_pushed": "2023-05-06T09:44:42.061982Z"
    },
    {
        "name": "2023-04-30",
        "tag_last_pushed": "2023-04-30T09:23:36.397173Z"
    },
    {
        "name": "2023-04-19",
        "tag_last_pushed": "2023-04-19T09:48:30.860669Z"
    },
    {
        "name": "2023-04-04",
        "tag_last_pushed": "2023-04-04T09:01:55.76517Z"
    },
    {
        "name": "2023-04-03",
        "tag_last_pushed": "2023-04-03T09:01:51.736868Z"
    },
    {
        "name": "2023-04-02",
        "tag_last_pushed": "2023-04-02T09:01:49.934915Z"
    },
    {
        "name": "2023-04-01",
        "tag_last_pushed": "2023-04-01T09:01:55.352981Z"
    },
    {
        "name": "2023-03-31",
        "tag_last_pushed": "2023-03-31T09:01:51.732203Z"
    },
    {
        "name": "2023-03-30",
        "tag_last_pushed": "2023-03-30T09:05:38.923271Z"
    },
    {
        "name": "2023-03-29",
        "tag_last_pushed": "2023-03-29T09:02:31.145182Z"
    },
    {
        "name": "2023-03-28",
        "tag_last_pushed": "2023-03-28T09:01:54.121702Z"
    },
    {
        "name": "2023-03-27",
        "tag_last_pushed": "2023-03-27T09:01:52.212588Z"
    },
    {
        "name": "2023-03-26",
        "tag_last_pushed": "2023-03-26T09:01:51.252898Z"
    },
    {
        "name": "2023-03-25",
        "tag_last_pushed": "2023-03-25T09:01:51.19651Z"
    },
    {
        "name": "2023-03-24",
        "tag_last_pushed": "2023-03-24T09:01:53.829721Z"
    },
    {
        "name": "2023-03-23",
        "tag_last_pushed": "2023-03-23T09:19:51.822461Z"
    },
    {
        "name": "2023-03-22",
        "tag_last_pushed": "2023-03-22T09:01:52.339816Z"
    },
    {
        "name": "2023-03-21",
        "tag_last_pushed": "2023-03-21T09:01:59.06037Z"
    },
    {
        "name": "2023-03-20",
        "tag_last_pushed": "2023-03-20T09:34:30.060061Z"
    },
    {
        "name": "2023-03-19",
        "tag_last_pushed": "2023-03-19T09:16:22.622452Z"
    },
    {
        "name": "2023-03-18",
        "tag_last_pushed": "2023-03-18T09:20:09.122709Z"
    },
    {
        "name": "2023-03-17",
        "tag_last_pushed": "2023-03-17T09:19:51.433957Z"
    },
    {
        "name": "2023-03-16",
        "tag_last_pushed": "2023-03-16T10:09:55.217813Z"
    },
    {
        "name": "2023-03-15",
        "tag_last_pushed": "2023-03-15T09:36:34.679423Z"
    },
    {
        "name": "2023-03-13",
        "tag_last_pushed": "2023-03-13T09:34:52.330015Z"
    },
    {
        "name": "2023-03-12",
        "tag_last_pushed": "2023-03-12T10:34:03.369969Z"
    },
    {
        "name": "2023-03-11",
        "tag_last_pushed": "2023-03-11T10:37:22.593533Z"
    },
    {
        "name": "2023-03-10",
        "tag_last_pushed": "2023-03-10T10:48:30.093714Z"
    },
    {
        "name": "2023-03-09",
        "tag_last_pushed": "2023-03-09T10:36:41.444712Z"
    },
    {
        "name": "2023-03-08",
        "tag_last_pushed": "2023-03-08T10:34:38.310474Z"
    },
    {
        "name": "2023-03-07",
        "tag_last_pushed": "2023-03-07T10:16:36.450876Z"
    },
    {
        "name": "2023-03-05",
        "tag_last_pushed": "2023-03-05T10:35:52.234827Z"
    },
    {
        "name": "2023-03-04",
        "tag_last_pushed": "2023-03-04T10:34:49.343635Z"
    },
    {
        "name": "2023-03-03",
        "tag_last_pushed": "2023-03-03T10:33:57.170587Z"
    },
    {
        "name": "2023-03-02",
        "tag_last_pushed": "2023-03-02T11:09:00.325485Z"
    },
    {
        "name": "2023-02-27",
        "tag_last_pushed": "2023-02-27T10:59:35.435934Z"
    },
    {
        "name": "2023-02-26",
        "tag_last_pushed": "2023-02-26T10:35:16.030883Z"
    },
    {
        "name": "2023-02-25",
        "tag_last_pushed": "2023-02-25T10:35:41.602692Z"
    },
    {
        "name": "2023-02-24",
        "tag_last_pushed": "2023-02-24T10:33:57.960837Z"
    },
    {
        "name": "2023-02-23",
        "tag_last_pushed": "2023-02-23T10:47:10.260824Z"
    }
]