[
    {
        "name": "9.0.0",
        "tag_last_pushed": "2017-11-02T02:59:21.752946Z"
    },
    {
        "name": "latest",
        "tag_last_pushed": "2017-11-02T01:06:39.244488Z"
    },
    {
        "name": "8.9.0",
        "tag_last_pushed": "2017-11-01T23:13:45.320433Z"
    },
    {
        "name": "6.11.5",
        "tag_last_pushed": "2017-10-25T20:15:17.717438Z"
    },
    {
        "name": "8.8.0",
        "tag_last_pushed": "2017-10-25T18:53:39.160989Z"
    },
    {
        "name": "8.7.0",
        "tag_last_pushed": "2017-10-21T14:52:21.595551Z"
    },
    {
        "name": "8.6.0",
        "tag_last_pushed": "2017-10-07T23:47:15.034568Z"
    },
    {
        "name": "6.11.4",
        "tag_last_pushed": "2017-10-07T20:08:07.96033Z"
    },
    {
        "name": "6.11.3",
        "tag_last_pushed": "2017-09-14T23:45:40.274384Z"
    },
    {
        "name": "8.5.0",
        "tag_last_pushed": "2017-09-14T22:36:55.097833Z"
    },
    {
        "name": "6.11.2",
        "tag_last_pushed": "2017-09-05T11:42:17.512859Z"
    },
    {
        "name": "8.4.0",
        "tag_last_pushed": "2017-09-01T13:54:12.798136Z"
    },
    {
        "name": "8.2.1",
        "tag_last_pushed": "2017-07-25T15:35:20.323323Z"
    },
    {
        "name": "8.1.4",
        "tag_last_pushed": "2017-07-18T16:56:25.902635Z"
    },
    {
        "name": "6.11.1",
        "tag_last_pushed": "2017-07-18T15:20:10.897814Z"
    },
    {
        "name": "8.1.0",
        "tag_last_pushed": "2017-06-12T14:37:03.173321Z"
    },
    {
        "name": "6.11.0",
        "tag_last_pushed": "2017-06-12T12:59:45.858949Z"
    },
    {
        "name": "7.10.0",
        "tag_last_pushed": "2017-05-10T02:18:37.821708Z"
    },
    {
        "name": "6.10.3",
        "tag_last_pushed": "2017-05-10T00:52:06.082375Z"
    },
    {
        "name": "7.8.0",
        "tag_last_pushed": "2017-04-07T20:32:47.039139Z"
    },
    {
        "name": "6.10.2",
        "tag_last_pushed": "2017-04-07T19:07:18.047355Z"
    }
]