[
    {
        "name": "3a8fc61",
        "tag_last_pushed": "2023-06-13T01:56:02.720607Z"
    },
    {
        "name": "0ddafcf",
        "tag_last_pushed": "2023-06-13T00:32:31.826084Z"
    },
    {
        "name": "28d81ec",
        "tag_last_pushed": "2023-06-12T22:55:41.233908Z"
    },
    {
        "name": "37a13dc",
        "tag_last_pushed": "2023-06-12T22:48:38.165524Z"
    },
    {
        "name": "b678742",
        "tag_last_pushed": "2023-06-12T22:12:19.94102Z"
    },
    {
        "name": "27206d9",
        "tag_last_pushed": "2023-06-12T20:43:10.17018Z"
    },
    {
        "name": "c384f24",
        "tag_last_pushed": "2023-06-12T20:39:01.711398Z"
    },
    {
        "name": "ef77f9a",
        "tag_last_pushed": "2023-06-12T20:09:17.291266Z"
    },
    {
        "name": "290ba0e",
        "tag_last_pushed": "2023-06-12T19:21:17.254052Z"
    },
    {
        "name": "446a640",
        "tag_last_pushed": "2023-06-12T18:31:44.451005Z"
    },
    {
        "name": "c04c122",
        "tag_last_pushed": "2023-06-12T17:50:17.044805Z"
    },
    {
        "name": "862e78f",
        "tag_last_pushed": "2023-06-12T17:32:35.460789Z"
    },
    {
        "name": "f8d3721",
        "tag_last_pushed": "2023-06-12T16:10:21.278059Z"
    },
    {
        "name": "1074252",
        "tag_last_pushed": "2023-06-12T16:09:19.996667Z"
    },
    {
        "name": "baaf6d8",
        "tag_last_pushed": "2023-06-12T15:35:10.912866Z"
    },
    {
        "name": "809c188",
        "tag_last_pushed": "2023-06-12T15:13:43.71794Z"
    },
    {
        "name": "b1d3ec0",
        "tag_last_pushed": "2023-06-12T14:23:17.339752Z"
    },
    {
        "name": "latest",
        "tag_last_pushed": "2023-06-10T15:39:55.715597Z"
    },
    {
        "name": "5e84674",
        "tag_last_pushed": "2023-06-10T15:39:55.44646Z"
    },
    {
        "name": "ec347ef",
        "tag_last_pushed": "2023-06-09T16:33:18.734605Z"
    },
    {
        "name": "3cb7056",
        "tag_last_pushed": "2023-06-09T12:24:35.259178Z"
    },
    {
        "name": "30e0c23",
        "tag_last_pushed": "2023-06-09T02:42:00.574496Z"
    },
    {
        "name": "7ae457c",
        "tag_last_pushed": "2023-06-08T23:53:32.720112Z"
    },
    {
        "name": "8598288",
        "tag_last_pushed": "2023-06-08T20:32:47.389276Z"
    },
    {
        "name": "17f4689",
        "tag_last_pushed": "2023-06-08T16:36:32.673582Z"
    },
    {
        "name": "9a4f503",
        "tag_last_pushed": "2023-06-08T16:22:16.015871Z"
    },
    {
        "name": "779647b",
        "tag_last_pushed": "2023-06-08T14:28:21.065446Z"
    },
    {
        "name": "8118aae",
        "tag_last_pushed": "2023-06-07T22:39:52.100972Z"
    },
    {
        "name": "1e920a7",
        "tag_last_pushed": "2023-06-07T21:49:17.452064Z"
    },
    {
        "name": "1db02a0",
        "tag_last_pushed": "2023-06-07T19:42:01.97321Z"
    },
    {
        "name": "820cdf5",
        "tag_last_pushed": "2023-06-07T18:56:01.445293Z"
    },
    {
        "name": "39d4aaf",
        "tag_last_pushed": "2023-06-07T18:53:03.136323Z"
    },
    {
        "name": "a35cafa",
        "tag_last_pushed": "2023-06-07T16:00:32.811928Z"
    },
    {
        "name": "a5ba889",
        "tag_last_pushed": "2023-06-06T21:11:40.293674Z"
    },
    {
        "name": "2dd5551",
        "tag_last_pushed": "2023-06-06T19:43:17.034917Z"
    },
    {
        "name": "7a2ee14",
        "tag_last_pushed": "2023-06-06T18:44:50.009344Z"
    },
    {
        "name": "8e52d48",
        "tag_last_pushed": "2023-06-06T14:07:17.426671Z"
    },
    {
        "name": "f9d9d4d",
        "tag_last_pushed": "2023-06-06T13:13:43.486846Z"
    },
    {
        "name": "dd71bb8",
        "tag_last_pushed": "2023-06-05T23:49:59.220842Z"
    },
    {
        "name": "77f44fa",
        "tag_last_pushed": "2023-06-05T20:11:21.69132Z"
    },
    {
        "name": "caa044f",
        "tag_last_pushed": "2023-06-05T20:07:00.108404Z"
    },
    {
        "name": "8617f8a",
        "tag_last_pushed": "2023-06-05T19:20:37.689397Z"
    },
    {
        "name": "4ddb88e",
        "tag_last_pushed": "2023-06-05T17:12:53.73811Z"
    },
    {
        "name": "88951bf",
        "tag_last_pushed": "2023-06-02T19:37:55.460396Z"
    },
    {
        "name": "a55d368",
        "tag_last_pushed": "2023-06-02T17:09:06.645095Z"
    },
    {
        "name": "cf4059f",
        "tag_last_pushed": "2023-06-02T13:42:26.13404Z"
    },
    {
        "name": "d9e18b4",
        "tag_last_pushed": "2023-06-02T13:02:06.733927Z"
    },
    {
        "name": "7293e1a",
        "tag_last_pushed": "2023-06-01T22:11:24.700702Z"
    },
    {
        "name": "a043981",
        "tag_last_pushed": "2023-06-01T17:15:20.016326Z"
    },
    {
        "name": "ad03a5d",
        "tag_last_pushed": "2023-06-01T17:07:42.63016Z"
    },
    {
        "name": "ca12ce9",
        "tag_last_pushed": "2023-05-31T21:01:21.331805Z"
    },
    {
        "name": "ba26e18",
        "tag_last_pushed": "2023-05-31T20:44:56.390463Z"
    },
    {
        "name": "b438a07",
        "tag_last_pushed": "2023-05-31T18:30:04.984791Z"
    },
    {
        "name": "da94cbd",
        "tag_last_pushed": "2023-05-31T17:32:21.548058Z"
    },
    {
        "name": "217248b",
        "tag_last_pushed": "2023-05-31T17:20:54.479984Z"
    },
    {
        "name": "a065eef",
        "tag_last_pushed": "2023-05-31T15:56:04.184081Z"
    },
    {
        "name": "b9c9d79",
        "tag_last_pushed": "2023-05-31T15:53:02.690638Z"
    },
    {
        "name": "fdda7ad",
        "tag_last_pushed": "2023-05-31T14:05:56.72819Z"
    },
    {
        "name": "a46ac4b",
        "tag_last_pushed": "2023-05-30T22:45:16.197647Z"
    },
    {
        "name": "e559c59",
        "tag_last_pushed": "2023-05-30T22:29:56.129423Z"
    },
    {
        "name": "04a0d01",
        "tag_last_pushed": "2023-05-30T19:33:41.217248Z"
    },
    {
        "name": "d99312b",
        "tag_last_pushed": "2023-05-30T18:56:20.727187Z"
    },
    {
        "name": "44f9013",
        "tag_last_pushed": "2023-05-30T18:45:51.293664Z"
    },
    {
        "name": "85cfec6",
        "tag_last_pushed": "2023-05-30T18:28:35.808654Z"
    },
    {
        "name": "55e283d",
        "tag_last_pushed": "2023-05-30T17:42:55.240364Z"
    },
    {
        "name": "bc9bb99",
        "tag_last_pushed": "2023-05-30T16:52:04.640381Z"
    },
    {
        "name": "b74e87b",
        "tag_last_pushed": "2023-05-30T15:20:27.064478Z"
    }
]