[
    {
        "name": "gstreamer",
        "tag_last_pushed": "2023-03-30T09:32:04.779282Z"
    },
    {
        "name": "gstreamer-ubuntu-20.04",
        "tag_last_pushed": "2022-11-10T14:52:41.995Z"
    },
    {
        "name": "aarch64-unknown-linux-gnu-ubuntu-20.04",
        "tag_last_pushed": "2022-11-10T14:24:35.292355Z"
    },
    {
        "name": "gstreamer-ubuntu-18.04",
        "tag_last_pushed": "2022-11-10T14:07:31.429954Z"
    },
    {
        "name": "aarch64-unknown-linux-gnu-ubuntu-18.04",
        "tag_last_pushed": "2020-10-14T13:24:40.102661Z"
    }
]