[
    {
        "name": "latest",
        "tag_last_pushed": "2023-03-07T15:56:53.195347Z"
    },
    {
        "name": "2.11.5",
        "tag_last_pushed": "2023-01-20T06:48:57.983383Z"
    },
    {
        "name": "2.11.4",
        "tag_last_pushed": "2022-09-03T12:55:32.710742Z"
    },
    {
        "name": "2.11.3",
        "tag_last_pushed": "2022-08-18T12:16:45.916786Z"
    },
    {
        "name": "2.11.2",
        "tag_last_pushed": "2022-04-07T14:55:57.382641Z"
    },
    {
        "name": "2.11.1",
        "tag_last_pushed": "2020-05-23T13:36:53.131053Z"
    },
    {
        "name": "2",
        "tag_last_pushed": "2020-05-23T13:31:32.187814Z"
    },
    {
        "name": "2.11",
        "tag_last_pushed": "2020-05-23T13:29:39.59905Z"
    },
    {
        "name": "2.11-dev",
        "tag_last_pushed": "2020-04-05T13:13:17.759961Z"
    },
    {
        "name": "2.11.0",
        "tag_last_pushed": "2020-03-03T12:29:23.396286Z"
    },
    {
        "name": "dev",
        "tag_last_pushed": "2020-03-03T12:17:49.190519Z"
    },
    {
        "name": "2.10.1",
        "tag_last_pushed": "2020-02-09T12:15:17.0061Z"
    },
    {
        "name": "2.10",
        "tag_last_pushed": "2020-02-09T11:57:51.97105Z"
    },
    {
        "name": "2.10.0",
        "tag_last_pushed": "2020-02-02T09:59:46.415084Z"
    },
    {
        "name": "2.9.2",
        "tag_last_pushed": "2020-01-22T06:17:36.575401Z"
    },
    {
        "name": "2.9",
        "tag_last_pushed": "2020-01-22T06:11:28.014946Z"
    },
    {
        "name": "2.9.1",
        "tag_last_pushed": "2020-01-15T07:28:39.309561Z"
    },
    {
        "name": "2.9.0",
        "tag_last_pushed": "2020-01-10T02:07:18.38016Z"
    },
    {
        "name": "2.8",
        "tag_last_pushed": "2019-12-19T02:55:06.266333Z"
    },
    {
        "name": "2.8.2",
        "tag_last_pushed": "2019-12-18T23:39:28.41328Z"
    },
    {
        "name": "2.8.1",
        "tag_last_pushed": "2019-12-18T23:34:47.811887Z"
    },
    {
        "name": "2.7",
        "tag_last_pushed": "2019-01-16T14:39:39.928292Z"
    },
    {
        "name": "2.6.1",
        "tag_last_pushed": "2018-11-23T04:56:03.755912Z"
    },
    {
        "name": "2.2",
        "tag_last_pushed": "2018-11-18T11:51:38.460983Z"
    },
    {
        "name": "2.1",
        "tag_last_pushed": "2018-11-18T11:51:17.190646Z"
    },
    {
        "name": "1.0",
        "tag_last_pushed": "2018-11-18T11:48:22.78553Z"
    },
    {
        "name": "2.0",
        "tag_last_pushed": "2018-11-18T11:47:03.834819Z"
    },
    {
        "name": "2.6",
        "tag_last_pushed": "2018-11-03T07:03:45.95329Z"
    },
    {
        "name": "2.3",
        "tag_last_pushed": "2018-05-18T14:33:56.813037Z"
    },
    {
        "name": "2.4",
        "tag_last_pushed": "2018-05-18T14:30:25.578676Z"
    },
    {
        "name": "2.5",
        "tag_last_pushed": "2018-05-18T14:22:46.284065Z"
    }
]