[
    {
        "name": "latest",
        "tag_last_pushed": "2023-06-09T21:19:39.159429Z"
    },
    {
        "name": "2021.12.17",
        "tag_last_pushed": "2023-06-09T21:19:35.216965Z"
    },
    {
        "name": "2021.06.06",
        "tag_last_pushed": "2022-10-08T12:43:58.038009Z"
    },
    {
        "name": "2021.05.16",
        "tag_last_pushed": "2022-05-09T10:27:13.459367Z"
    },
    {
        "name": "2021.04.26",
        "tag_last_pushed": "2021-05-13T08:10:05.090776Z"
    },
    {
        "name": "2021.04.17",
        "tag_last_pushed": "2021-04-19T08:24:45.356176Z"
    },
    {
        "name": "2021.04.07",
        "tag_last_pushed": "2021-04-13T07:56:18.591858Z"
    },
    {
        "name": "2021.04.01",
        "tag_last_pushed": "2021-04-05T19:49:10.343461Z"
    },
    {
        "name": "2021.03.31",
        "tag_last_pushed": "2021-03-31T00:01:04.44157Z"
    },
    {
        "name": "2021.03.25",
        "tag_last_pushed": "2021-03-29T09:03:22.254686Z"
    },
    {
        "name": "2021.03.14",
        "tag_last_pushed": "2021-03-22T08:28:19.348142Z"
    },
    {
        "name": "2021.03.03",
        "tag_last_pushed": "2021-03-08T08:23:37.678294Z"
    },
    {
        "name": "2021.03.02",
        "tag_last_pushed": "2021-03-02T00:01:08.704027Z"
    },
    {
        "name": "2021.02.22",
        "tag_last_pushed": "2021-03-01T08:22:09.094371Z"
    },
    {
        "name": "2021.02.10",
        "tag_last_pushed": "2021-02-15T08:21:37.847518Z"
    },
    {
        "name": "2021.02.04.1",
        "tag_last_pushed": "2021-02-08T08:21:41.317469Z"
    },
    {
        "name": "2021.01.24.1",
        "tag_last_pushed": "2021-02-05T01:13:30.939926Z"
    },
    {
        "name": "2021.01.16",
        "tag_last_pushed": "2021-02-01T08:29:06.178049Z"
    }
]