[
    {
        "name": "latest",
        "tag_last_pushed": "2023-03-01T23:01:42.226868Z"
    },
    {
        "name": "0.3.9",
        "tag_last_pushed": "2023-03-01T23:01:30.134035Z"
    },
    {
        "name": "0.3.8",
        "tag_last_pushed": "2022-04-07T19:39:23.853127Z"
    },
    {
        "name": "0.3.7",
        "tag_last_pushed": "2022-04-06T10:05:38.339554Z"
    },
    {
        "name": "0.3.6",
        "tag_last_pushed": "2021-10-04T18:34:12.495532Z"
    },
    {
        "name": "0.3.5",
        "tag_last_pushed": "2021-09-01T18:51:40.815497Z"
    },
    {
        "name": "0.3.4",
        "tag_last_pushed": "2021-04-03T18:57:10.561421Z"
    },
    {
        "name": "0.3.3_1",
        "tag_last_pushed": "2021-02-10T14:44:59.96846Z"
    },
    {
        "name": "0.3.3",
        "tag_last_pushed": "2021-02-09T11:12:47.440706Z"
    },
    {
        "name": "0.3.2",
        "tag_last_pushed": "2020-11-05T12:52:19.494538Z"
    },
    {
        "name": "0.3.1",
        "tag_last_pushed": "2020-10-28T09:52:57.69012Z"
    },
    {
        "name": "0.2.10_1",
        "tag_last_pushed": "2020-09-08T17:29:47.737263Z"
    },
    {
        "name": "0.2.10",
        "tag_last_pushed": "2020-07-06T16:24:14.787913Z"
    },
    {
        "name": "0.2.9",
        "tag_last_pushed": "2020-06-20T10:28:36.925103Z"
    },
    {
        "name": "0.2.8",
        "tag_last_pushed": "2020-04-12T15:11:41.707432Z"
    },
    {
        "name": "0.2.7",
        "tag_last_pushed": "2020-02-24T19:11:23.673236Z"
    },
    {
        "name": "0.2.6",
        "tag_last_pushed": "2019-11-10T22:15:07.969514Z"
    },
    {
        "name": "0.2.5",
        "tag_last_pushed": "2019-09-17T15:07:11.714619Z"
    },
    {
        "name": "0.2.4",
        "tag_last_pushed": "2019-08-01T22:45:29.320885Z"
    },
    {
        "name": "0.2.3",
        "tag_last_pushed": "2019-06-11T21:14:26.543278Z"
    },
    {
        "name": "0.2.2_1",
        "tag_last_pushed": "2019-05-12T16:46:03.538069Z"
    },
    {
        "name": "0.2.2",
        "tag_last_pushed": "2019-05-10T10:32:22.613089Z"
    }
]