[
    {
        "name": "x86_64-python-3.11.4",
        "tag_last_pushed": "2023-06-12T22:03:08.081443Z"
    },
    {
        "name": "x86_64-lab-4.0.2",
        "tag_last_pushed": "2023-06-12T22:03:06.086809Z"
    },
    {
        "name": "x86_64-hub-4.0.1",
        "tag_last_pushed": "2023-06-12T22:03:05.601622Z"
    },
    {
        "name": "x86_64-e8b5a3cd1522",
        "tag_last_pushed": "2023-06-12T22:03:05.185239Z"
    },
    {
        "name": "x86_64-2023-06-12",
        "tag_last_pushed": "2023-06-12T22:03:04.474246Z"
    },
    {
        "name": "python-3.11.4",
        "tag_last_pushed": "2023-06-12T04:58:28.04727Z"
    },
    {
        "name": "lab-4.0.2",
        "tag_last_pushed": "2023-06-12T04:58:15.832888Z"
    },
    {
        "name": "2023-06-12",
        "tag_last_pushed": "2023-06-12T04:58:11.474075Z"
    },
    {
        "name": "hub-4.0.1",
        "tag_last_pushed": "2023-06-12T04:58:07.502525Z"
    },
    {
        "name": "python-3.11",
        "tag_last_pushed": "2023-06-06T16:57:41.776482Z"
    },
    {
        "name": "2023-06-06",
        "tag_last_pushed": "2023-06-06T16:57:37.773793Z"
    },
    {
        "name": "hub-4.0.0",
        "tag_last_pushed": "2023-06-06T16:57:33.406336Z"
    },
    {
        "name": "notebook-6.5.4",
        "tag_last_pushed": "2023-06-06T16:57:29.442704Z"
    },
    {
        "name": "9e3ab9075a5e",
        "tag_last_pushed": "2023-06-06T16:57:25.418775Z"
    },
    {
        "name": "ubuntu-22.04",
        "tag_last_pushed": "2023-06-06T16:57:21.296368Z"
    },
    {
        "name": "latest",
        "tag_last_pushed": "2023-06-06T16:57:17.047479Z"
    },
    {
        "name": "lab-4.0.1",
        "tag_last_pushed": "2023-06-06T16:57:13.037612Z"
    },
    {
        "name": "python-3.11.3",
        "tag_last_pushed": "2023-06-06T16:57:08.878122Z"
    },
    {
        "name": "x86_64-ubuntu-22.04",
        "tag_last_pushed": "2023-06-06T16:51:34.806951Z"
    },
    {
        "name": "x86_64-python-3.11.3",
        "tag_last_pushed": "2023-06-06T16:51:34.587847Z"
    },
    {
        "name": "x86_64-python-3.11",
        "tag_last_pushed": "2023-06-06T16:51:34.33993Z"
    },
    {
        "name": "x86_64-notebook-6.5.4",
        "tag_last_pushed": "2023-06-06T16:51:34.125988Z"
    },
    {
        "name": "x86_64-latest",
        "tag_last_pushed": "2023-06-06T16:51:33.922979Z"
    },
    {
        "name": "x86_64-lab-4.0.1",
        "tag_last_pushed": "2023-06-06T16:51:33.694006Z"
    },
    {
        "name": "x86_64-hub-4.0.0",
        "tag_last_pushed": "2023-06-06T16:51:33.504686Z"
    },
    {
        "name": "x86_64-9e3ab9075a5e",
        "tag_last_pushed": "2023-06-06T16:51:33.356207Z"
    },
    {
        "name": "x86_64-2023-06-06",
        "tag_last_pushed": "2023-06-06T16:51:32.728707Z"
    },
    {
        "name": "2023-06-05",
        "tag_last_pushed": "2023-06-05T22:36:45.821958Z"
    },
    {
        "name": "63d4f3d1b713",
        "tag_last_pushed": "2023-06-05T22:36:43.53347Z"
    },
    {
        "name": "x86_64-63d4f3d1b713",
        "tag_last_pushed": "2023-06-05T22:31:37.493004Z"
    },
    {
        "name": "x86_64-2023-06-05",
        "tag_last_pushed": "2023-06-05T22:31:36.87006Z"
    },
    {
        "name": "5c660db02e58",
        "tag_last_pushed": "2023-06-05T05:11:28.354917Z"
    },
    {
        "name": "x86_64-5c660db02e58",
        "tag_last_pushed": "2023-06-05T04:41:59.059685Z"
    },
    {
        "name": "2023-06-04",
        "tag_last_pushed": "2023-06-04T21:21:20.838108Z"
    },
    {
        "name": "x86_64-2023-06-04",
        "tag_last_pushed": "2023-06-04T21:16:03.188027Z"
    },
    {
        "name": "88392974b86d",
        "tag_last_pushed": "2023-06-04T10:17:39.036443Z"
    },
    {
        "name": "x86_64-88392974b86d",
        "tag_last_pushed": "2023-06-04T10:11:07.934752Z"
    },
    {
        "name": "43519f20f464",
        "tag_last_pushed": "2023-06-03T22:10:12.162427Z"
    },
    {
        "name": "2023-06-03",
        "tag_last_pushed": "2023-06-03T22:10:08.38682Z"
    },
    {
        "name": "x86_64-43519f20f464",
        "tag_last_pushed": "2023-06-03T22:04:00.579417Z"
    },
    {
        "name": "x86_64-2023-06-03",
        "tag_last_pushed": "2023-06-03T22:03:59.82883Z"
    },
    {
        "name": "a01a701292af",
        "tag_last_pushed": "2023-06-01T22:37:32.235716Z"
    },
    {
        "name": "2023-06-01",
        "tag_last_pushed": "2023-06-01T22:37:21.199476Z"
    }
]