[
    {
        "name": "python-3.11.4",
        "tag_last_pushed": "2023-06-12T04:56:48.782957Z"
    },
    {
        "name": "2023-06-12",
        "tag_last_pushed": "2023-06-12T04:56:45.932398Z"
    },
    {
        "name": "lab-4.0.2",
        "tag_last_pushed": "2023-06-12T04:56:44.019547Z"
    },
    {
        "name": "hub-4.0.1",
        "tag_last_pushed": "2023-06-12T04:56:40.995104Z"
    },
    {
        "name": "x86_64-python-3.11.4",
        "tag_last_pushed": "2023-06-12T04:48:01.964405Z"
    },
    {
        "name": "x86_64-lab-4.0.2",
        "tag_last_pushed": "2023-06-12T04:47:59.332304Z"
    },
    {
        "name": "x86_64-hub-4.0.1",
        "tag_last_pushed": "2023-06-12T04:47:58.447077Z"
    },
    {
        "name": "x86_64-2023-06-12",
        "tag_last_pushed": "2023-06-12T04:47:57.100168Z"
    },
    {
        "name": "2023-06-06",
        "tag_last_pushed": "2023-06-06T16:56:55.439492Z"
    },
    {
        "name": "python-3.11.3",
        "tag_last_pushed": "2023-06-06T16:56:51.014643Z"
    },
    {
        "name": "latest",
        "tag_last_pushed": "2023-06-06T16:56:46.664954Z"
    },
    {
        "name": "ubuntu-22.04",
        "tag_last_pushed": "2023-06-06T16:56:42.262551Z"
    },
    {
        "name": "9e3ab9075a5e",
        "tag_last_pushed": "2023-06-06T16:56:38.029371Z"
    },
    {
        "name": "notebook-6.5.4",
        "tag_last_pushed": "2023-06-06T16:56:33.582523Z"
    },
    {
        "name": "python-3.11",
        "tag_last_pushed": "2023-06-06T16:56:29.140444Z"
    },
    {
        "name": "hub-4.0.0",
        "tag_last_pushed": "2023-06-06T16:56:24.652743Z"
    },
    {
        "name": "lab-4.0.1",
        "tag_last_pushed": "2023-06-06T16:56:19.961367Z"
    },
    {
        "name": "x86_64-ubuntu-22.04",
        "tag_last_pushed": "2023-06-06T16:49:30.99545Z"
    },
    {
        "name": "x86_64-python-3.11.3",
        "tag_last_pushed": "2023-06-06T16:49:30.605638Z"
    },
    {
        "name": "x86_64-python-3.11",
        "tag_last_pushed": "2023-06-06T16:49:30.1144Z"
    },
    {
        "name": "x86_64-notebook-6.5.4",
        "tag_last_pushed": "2023-06-06T16:49:29.751123Z"
    },
    {
        "name": "x86_64-latest",
        "tag_last_pushed": "2023-06-06T16:49:29.297543Z"
    },
    {
        "name": "x86_64-lab-4.0.1",
        "tag_last_pushed": "2023-06-06T16:49:28.832546Z"
    },
    {
        "name": "x86_64-hub-4.0.0",
        "tag_last_pushed": "2023-06-06T16:49:28.399526Z"
    },
    {
        "name": "x86_64-9e3ab9075a5e",
        "tag_last_pushed": "2023-06-06T16:49:27.834727Z"
    },
    {
        "name": "x86_64-2023-06-06",
        "tag_last_pushed": "2023-06-06T16:49:27.3136Z"
    },
    {
        "name": "2023-06-05",
        "tag_last_pushed": "2023-06-05T22:36:28.284614Z"
    },
    {
        "name": "63d4f3d1b713",
        "tag_last_pushed": "2023-06-05T22:36:10.052211Z"
    },
    {
        "name": "x86_64-63d4f3d1b713",
        "tag_last_pushed": "2023-06-05T22:28:50.227195Z"
    },
    {
        "name": "x86_64-2023-06-05",
        "tag_last_pushed": "2023-06-05T22:28:49.35349Z"
    },
    {
        "name": "5c660db02e58",
        "tag_last_pushed": "2023-06-05T04:48:57.547909Z"
    },
    {
        "name": "x86_64-5c660db02e58",
        "tag_last_pushed": "2023-06-05T04:39:34.963307Z"
    },
    {
        "name": "2023-06-04",
        "tag_last_pushed": "2023-06-04T21:19:17.842007Z"
    },
    {
        "name": "x86_64-2023-06-04",
        "tag_last_pushed": "2023-06-04T21:13:40.534887Z"
    },
    {
        "name": "88392974b86d",
        "tag_last_pushed": "2023-06-04T10:16:25.734943Z"
    },
    {
        "name": "x86_64-88392974b86d",
        "tag_last_pushed": "2023-06-04T10:09:30.028543Z"
    },
    {
        "name": "2023-06-03",
        "tag_last_pushed": "2023-06-03T22:09:25.375434Z"
    },
    {
        "name": "43519f20f464",
        "tag_last_pushed": "2023-06-03T22:09:13.401814Z"
    },
    {
        "name": "x86_64-43519f20f464",
        "tag_last_pushed": "2023-06-03T22:01:22.506825Z"
    },
    {
        "name": "x86_64-2023-06-03",
        "tag_last_pushed": "2023-06-03T22:01:21.922391Z"
    },
    {
        "name": "a01a701292af",
        "tag_last_pushed": "2023-06-01T22:36:32.213998Z"
    },
    {
        "name": "2023-06-01",
        "tag_last_pushed": "2023-06-01T22:36:28.042248Z"
    }
]