[
    {
        "name": "0.23.1",
        "tag_last_pushed": "2022-12-04T22:43:11.929966Z"
    },
    {
        "name": "0.22.0",
        "tag_last_pushed": "2022-09-18T10:37:18.928899Z"
    },
    {
        "name": "0.21.1",
        "tag_last_pushed": "2022-08-18T02:28:42.215448Z"
    },
    {
        "name": "0.20.0",
        "tag_last_pushed": "2021-06-17T01:35:08.939234Z"
    },
    {
        "name": "0.19.1",
        "tag_last_pushed": "2021-03-03T20:56:34.061147Z"
    },
    {
        "name": "0.18.0",
        "tag_last_pushed": "2021-01-11T09:18:47.639191Z"
    },
    {
        "name": "0.17.0",
        "tag_last_pushed": "2020-09-13T23:52:03.656324Z"
    },
    {
        "name": "0.10.0",
        "tag_last_pushed": "2020-05-06T19:30:29.138603Z"
    },
    {
        "name": "0.9.0",
        "tag_last_pushed": "2020-04-27T19:31:09.883315Z"
    },
    {
        "name": "0.8.2",
        "tag_last_pushed": "2020-04-21T11:49:52.176538Z"
    },
    {
        "name": "0.4.0",
        "tag_last_pushed": "2020-02-16T09:29:34.194442Z"
    },
    {
        "name": "0.2.1",
        "tag_last_pushed": "2020-02-11T23:36:50.097359Z"
    }
]