[
    {
        "name": "2.0",
        "tag_last_pushed": "2018-11-19T17:56:51.392928Z"
    },
    {
        "name": "2.1",
        "tag_last_pushed": "2018-11-19T17:54:50.870568Z"
    },
    {
        "name": "2.2",
        "tag_last_pushed": "2018-11-19T17:52:55.013264Z"
    },
    {
        "name": "2.3",
        "tag_last_pushed": "2018-11-19T17:50:04.782216Z"
    },
    {
        "name": "2.4",
        "tag_last_pushed": "2018-11-19T17:47:34.674134Z"
    },
    {
        "name": "2.5",
        "tag_last_pushed": "2018-11-19T17:42:56.831975Z"
    },
    {
        "name": "3.0",
        "tag_last_pushed": "2018-11-19T17:33:20.449089Z"
    },
    {
        "name": "3.1",
        "tag_last_pushed": "2018-11-19T17:28:32.807653Z"
    },
    {
        "name": "3.2",
        "tag_last_pushed": "2018-11-19T17:22:44.685849Z"
    },
    {
        "name": "3.3",
        "tag_last_pushed": "2018-11-19T17:16:00.762736Z"
    },
    {
        "name": "legacy-trunk",
        "tag_last_pushed": "2018-11-19T17:15:47.436149Z"
    },
    {
        "name": "2.0.1c1",
        "tag_last_pushed": "2018-11-19T16:47:25.015953Z"
    },
    {
        "name": "2.0.1",
        "tag_last_pushed": "2018-11-19T16:44:04.01887Z"
    },
    {
        "name": "2.1.1c1",
        "tag_last_pushed": "2018-11-19T16:37:32.974822Z"
    },
    {
        "name": "2.1.1",
        "tag_last_pushed": "2018-11-19T16:35:41.80097Z"
    },
    {
        "name": "2.1.2c1",
        "tag_last_pushed": "2018-11-19T16:33:48.009243Z"
    },
    {
        "name": "2.1.2",
        "tag_last_pushed": "2018-11-19T16:31:53.427748Z"
    },
    {
        "name": "2.1.3",
        "tag_last_pushed": "2018-11-19T16:30:00.183972Z"
    },
    {
        "name": "2.2.1c1",
        "tag_last_pushed": "2018-11-19T16:24:49.054483Z"
    },
    {
        "name": "2.2.1c2",
        "tag_last_pushed": "2018-11-19T16:22:02.188235Z"
    },
    {
        "name": "2.2.1",
        "tag_last_pushed": "2018-11-19T16:19:28.266242Z"
    },
    {
        "name": "2.2.2b1",
        "tag_last_pushed": "2018-11-19T16:15:56.215211Z"
    },
    {
        "name": "2.2.2",
        "tag_last_pushed": "2018-11-19T16:13:22.604851Z"
    },
    {
        "name": "2.2.3c1",
        "tag_last_pushed": "2018-11-19T16:10:29.235816Z"
    },
    {
        "name": "2.2.3",
        "tag_last_pushed": "2018-11-19T16:07:47.748619Z"
    },
    {
        "name": "2.4.4c1",
        "tag_last_pushed": "2018-11-19T14:57:47.748307Z"
    },
    {
        "name": "2.4.4",
        "tag_last_pushed": "2018-11-19T14:54:03.266655Z"
    },
    {
        "name": "2.4.5c1",
        "tag_last_pushed": "2018-11-19T14:49:07.174365Z"
    },
    {
        "name": "2.4.5",
        "tag_last_pushed": "2018-11-19T14:44:57.993879Z"
    },
    {
        "name": "2.4.6c1",
        "tag_last_pushed": "2018-11-19T14:41:17.824939Z"
    },
    {
        "name": "2.4.6",
        "tag_last_pushed": "2018-11-19T14:36:17.832783Z"
    },
    {
        "name": "2.6.1",
        "tag_last_pushed": "2018-11-19T13:42:17.339716Z"
    },
    {
        "name": "2.6.2",
        "tag_last_pushed": "2018-11-19T13:33:48.991833Z"
    },
    {
        "name": "2.6.3rc1",
        "tag_last_pushed": "2018-11-19T13:29:24.264375Z"
    },
    {
        "name": "2.6.3",
        "tag_last_pushed": "2018-11-19T13:25:13.462954Z"
    },
    {
        "name": "2.6.4rc1",
        "tag_last_pushed": "2018-11-19T13:21:09.155238Z"
    },
    {
        "name": "2.6.4rc2",
        "tag_last_pushed": "2018-11-19T13:17:07.380488Z"
    },
    {
        "name": "2.6.4",
        "tag_last_pushed": "2018-11-19T13:13:07.469819Z"
    },
    {
        "name": "2.6.5rc1",
        "tag_last_pushed": "2018-11-19T13:08:57.390478Z"
    },
    {
        "name": "2.6.5rc2",
        "tag_last_pushed": "2018-11-19T13:04:35.958694Z"
    },
    {
        "name": "2.6.5",
        "tag_last_pushed": "2018-11-19T12:59:27.513944Z"
    },
    {
        "name": "2.6.6rc1",
        "tag_last_pushed": "2018-11-19T12:53:50.838822Z"
    },
    {
        "name": "2.6.6rc2",
        "tag_last_pushed": "2018-11-19T12:49:45.015098Z"
    },
    {
        "name": "2.6.6",
        "tag_last_pushed": "2018-11-19T12:45:29.266293Z"
    },
    {
        "name": "2.6.7",
        "tag_last_pushed": "2018-11-19T12:41:25.793745Z"
    },
    {
        "name": "2.6.8rc1",
        "tag_last_pushed": "2018-11-19T12:37:22.170088Z"
    },
    {
        "name": "2.6.8rc2",
        "tag_last_pushed": "2018-11-19T12:33:22.883073Z"
    },
    {
        "name": "2.6.8",
        "tag_last_pushed": "2018-11-19T12:29:21.721808Z"
    },
    {
        "name": "2.6.9rc1",
        "tag_last_pushed": "2018-11-19T12:25:19.58318Z"
    }
]