[
    {
        "name": "3.6.9-no-jdk",
        "tag_last_pushed": "2023-05-10T06:43:39.59046Z"
    },
    {
        "name": "latest",
        "tag_last_pushed": "2023-05-10T06:41:41.17151Z"
    },
    {
        "name": "3.6.9",
        "tag_last_pushed": "2023-05-10T06:41:38.132457Z"
    },
    {
        "name": "3.6.5-no-jdk",
        "tag_last_pushed": "2023-04-20T06:29:36.296766Z"
    },
    {
        "name": "3.6.8",
        "tag_last_pushed": "2023-04-20T06:26:56.256884Z"
    },
    {
        "name": "3.6.7-no-jdk",
        "tag_last_pushed": "2022-11-15T08:17:58.022676Z"
    },
    {
        "name": "3.6.7",
        "tag_last_pushed": "2022-11-15T08:06:37.168776Z"
    },
    {
        "name": "3.6.6-no-jdk",
        "tag_last_pushed": "2022-09-04T08:11:10.345254Z"
    },
    {
        "name": "3.6.6",
        "tag_last_pushed": "2022-09-04T08:10:41.992267Z"
    },
    {
        "name": "3.6.5",
        "tag_last_pushed": "2022-09-04T08:10:11.929979Z"
    },
    {
        "name": "3.6.2-no-jdk",
        "tag_last_pushed": "2022-06-06T08:40:53.653103Z"
    },
    {
        "name": "3.6.2",
        "tag_last_pushed": "2022-06-06T08:39:19.033089Z"
    },
    {
        "name": "3.6.1-no-jdk",
        "tag_last_pushed": "2022-04-26T03:25:21.745899Z"
    },
    {
        "name": "3.6.1",
        "tag_last_pushed": "2022-04-26T03:20:32.248867Z"
    },
    {
        "name": "3.6.0-no-jdk",
        "tag_last_pushed": "2022-03-25T13:26:39.828356Z"
    },
    {
        "name": "3.6.0",
        "tag_last_pushed": "2022-03-25T13:25:23.28248Z"
    },
    {
        "name": "3.5.6-no-jdk",
        "tag_last_pushed": "2022-03-03T13:42:30.603894Z"
    },
    {
        "name": "3.5.6",
        "tag_last_pushed": "2022-03-03T13:41:13.395797Z"
    },
    {
        "name": "3.5.5-no-jdk",
        "tag_last_pushed": "2021-12-06T11:11:13.786754Z"
    },
    {
        "name": "3.5.5",
        "tag_last_pushed": "2021-12-06T11:09:53.31507Z"
    },
    {
        "name": "3.5.4-no-jdk",
        "tag_last_pushed": "2021-09-02T04:53:23.24515Z"
    },
    {
        "name": "3.5.4",
        "tag_last_pushed": "2021-09-02T04:52:41.658677Z"
    },
    {
        "name": "3.5.3-no-jdk",
        "tag_last_pushed": "2021-07-26T08:42:05.356464Z"
    },
    {
        "name": "3.5.3",
        "tag_last_pushed": "2021-07-26T07:40:32.68777Z"
    },
    {
        "name": "3.5.2-no-jdk",
        "tag_last_pushed": "2021-07-05T07:22:53.512581Z"
    },
    {
        "name": "3.5.2",
        "tag_last_pushed": "2021-07-05T07:21:55.835241Z"
    },
    {
        "name": "3.5.1-no-jdk",
        "tag_last_pushed": "2021-05-14T03:39:49.417682Z"
    },
    {
        "name": "3.5.1",
        "tag_last_pushed": "2021-05-14T03:35:08.020288Z"
    },
    {
        "name": "3.5.0-no-jdk",
        "tag_last_pushed": "2021-03-09T07:54:25.043464Z"
    },
    {
        "name": "3.5.0",
        "tag_last_pushed": "2021-03-09T07:52:15.447699Z"
    },
    {
        "name": "3.4.5-no-jdk",
        "tag_last_pushed": "2020-12-03T12:17:23.199465Z"
    },
    {
        "name": "3.4.5",
        "tag_last_pushed": "2020-12-03T12:14:28.523464Z"
    },
    {
        "name": "3.4.4-no-jdk",
        "tag_last_pushed": "2020-11-05T07:10:05.187458Z"
    },
    {
        "name": "3.4.4",
        "tag_last_pushed": "2020-11-05T03:50:11.061332Z"
    },
    {
        "name": "3.4.3-no-jdk",
        "tag_last_pushed": "2020-09-28T07:12:41.561732Z"
    },
    {
        "name": "3.4.3",
        "tag_last_pushed": "2020-09-28T07:11:14.061078Z"
    },
    {
        "name": "3.4.2",
        "tag_last_pushed": "2020-09-24T04:46:30.929988Z"
    },
    {
        "name": "3.4.1-no-jdk",
        "tag_last_pushed": "2020-09-14T06:36:47.253834Z"
    },
    {
        "name": "3.4.1",
        "tag_last_pushed": "2020-09-14T06:34:35.748353Z"
    },
    {
        "name": "3.4.0-no-jdk",
        "tag_last_pushed": "2020-09-03T03:28:49.589188Z"
    },
    {
        "name": "3.4.0",
        "tag_last_pushed": "2020-09-03T03:23:32.058367Z"
    },
    {
        "name": "3.3.9-no-jdk",
        "tag_last_pushed": "2020-08-12T02:38:43.376869Z"
    },
    {
        "name": "3.3.9",
        "tag_last_pushed": "2020-08-12T02:31:39.015397Z"
    },
    {
        "name": "3.3.7-no-jdk",
        "tag_last_pushed": "2020-07-24T02:05:53.772519Z"
    },
    {
        "name": "3.3.7",
        "tag_last_pushed": "2020-07-24T02:03:48.451706Z"
    },
    {
        "name": "3.3.6-no-jdk",
        "tag_last_pushed": "2020-07-01T07:49:26.748199Z"
    },
    {
        "name": "3.3.6",
        "tag_last_pushed": "2020-07-01T07:47:34.087733Z"
    },
    {
        "name": "3.3.3-no-jdk",
        "tag_last_pushed": "2020-06-06T13:15:16.987847Z"
    },
    {
        "name": "3.3.3",
        "tag_last_pushed": "2020-06-06T13:12:14.184615Z"
    },
    {
        "name": "3.2.0-no-jdk",
        "tag_last_pushed": "2020-04-11T17:17:42.703292Z"
    }
]