[
    {
        "name": "193",
        "tag_last_pushed": "2020-11-08T20:23:18.95915Z"
    },
    {
        "name": "master",
        "tag_last_pushed": "2020-11-08T20:23:17.334829Z"
    },
    {
        "name": "plex-1.22.1.0",
        "tag_last_pushed": "2020-11-08T20:23:15.671547Z"
    },
    {
        "name": "plex-latest",
        "tag_last_pushed": "2020-11-08T20:23:14.017986Z"
    },
    {
        "name": "ubuntu-16.04",
        "tag_last_pushed": "2020-11-08T20:23:12.283474Z"
    },
    {
        "name": "ubuntu-16-latest",
        "tag_last_pushed": "2020-11-08T20:23:10.636894Z"
    },
    {
        "name": "raspberrypi3-ubuntu",
        "tag_last_pushed": "2020-11-08T20:23:09.003217Z"
    },
    {
        "name": "armhf",
        "tag_last_pushed": "2020-11-08T20:23:07.413829Z"
    },
    {
        "name": "armv7",
        "tag_last_pushed": "2020-11-08T20:23:05.742021Z"
    },
    {
        "name": "latest",
        "tag_last_pushed": "2020-11-08T20:23:03.985365Z"
    },
    {
        "name": "192",
        "tag_last_pushed": "2020-11-08T19:48:59.806691Z"
    },
    {
        "name": "187",
        "tag_last_pushed": "2020-11-08T19:29:52.964854Z"
    },
    {
        "name": "184",
        "tag_last_pushed": "2020-09-26T12:27:53.955606Z"
    },
    {
        "name": "174",
        "tag_last_pushed": "2020-05-08T09:45:36.615253Z"
    },
    {
        "name": "173",
        "tag_last_pushed": "2020-05-07T19:13:26.3066Z"
    },
    {
        "name": "172",
        "tag_last_pushed": "2020-05-07T18:45:12.814795Z"
    }
]