[
    {
        "name": "4.4.2",
        "tag_last_pushed": "2023-02-09T20:05:27.610218Z"
    },
    {
        "name": "4.4.4",
        "tag_last_pushed": "2023-02-09T00:33:18.351117Z"
    },
    {
        "name": "4.1.2",
        "tag_last_pushed": "2021-09-10T19:12:20.414073Z"
    },
    {
        "name": "4.1-2020r3",
        "tag_last_pushed": "2020-09-14T23:47:25.78384Z"
    },
    {
        "name": "4.1-2020r1",
        "tag_last_pushed": "2020-08-24T21:34:39.138395Z"
    },
    {
        "name": "4.0.1-2020r1",
        "tag_last_pushed": "2020-08-06T17:41:59.750013Z"
    },
    {
        "name": "4.0.1-2020r2",
        "tag_last_pushed": "2020-08-03T22:36:11.368381Z"
    },
    {
        "name": "4.0.1",
        "tag_last_pushed": "2020-06-17T22:45:14.086139Z"
    }
]