[
    {
        "name": "smack-my-bitch-up",
        "tag_last_pushed": "2020-10-12T16:06:22.953506Z"
    },
    {
        "name": "kumar-asshole",
        "tag_last_pushed": "2020-10-12T16:06:05.767191Z"
    },
    {
        "name": "hangover",
        "tag_last_pushed": "2020-10-12T16:05:48.108406Z"
    },
    {
        "name": "fucking-coffe",
        "tag_last_pushed": "2020-10-12T16:05:31.434005Z"
    },
    {
        "name": "smack-my-bitch-up-1",
        "tag_last_pushed": "2020-10-12T16:05:06.524499Z"
    },
    {
        "name": "kumar-asshole-1",
        "tag_last_pushed": "2020-10-12T16:04:02.327785Z"
    },
    {
        "name": "hangover-1",
        "tag_last_pushed": "2020-10-12T16:03:33.546372Z"
    },
    {
        "name": "fucking-coffe-1",
        "tag_last_pushed": "2020-10-12T16:02:31.246582Z"
    }
]