[
    {
        "name": "cb24628",
        "tag_last_pushed": "2021-04-01T19:39:01.555882Z"
    },
    {
        "name": "latest",
        "tag_last_pushed": "2021-04-01T19:39:01.11363Z"
    },
    {
        "name": "f3304be",
        "tag_last_pushed": "2021-04-01T04:21:58.262237Z"
    },
    {
        "name": "7085051",
        "tag_last_pushed": "2021-04-01T04:17:39.377875Z"
    },
    {
        "name": "1a62813",
        "tag_last_pushed": "2021-03-31T19:57:50.155163Z"
    },
    {
        "name": "a8a19a3",
        "tag_last_pushed": "2021-03-31T19:52:22.286968Z"
    },
    {
        "name": "e2d6adc",
        "tag_last_pushed": "2021-03-31T19:51:21.125974Z"
    },
    {
        "name": "b02c7a3",
        "tag_last_pushed": "2021-03-31T18:40:01.809486Z"
    },
    {
        "name": "9d1e24f",
        "tag_last_pushed": "2021-03-31T16:48:42.538651Z"
    },
    {
        "name": "9a94794",
        "tag_last_pushed": "2021-03-31T05:28:04.490687Z"
    },
    {
        "name": "a5b206a",
        "tag_last_pushed": "2021-03-30T06:27:38.012146Z"
    },
    {
        "name": "918097c",
        "tag_last_pushed": "2021-03-29T20:05:35.194444Z"
    },
    {
        "name": "d158da7",
        "tag_last_pushed": "2021-03-28T03:50:47.740988Z"
    },
    {
        "name": "4591667",
        "tag_last_pushed": "2021-03-28T03:48:33.658121Z"
    },
    {
        "name": "15ed5bb",
        "tag_last_pushed": "2021-03-28T03:47:48.340683Z"
    },
    {
        "name": "f57c954",
        "tag_last_pushed": "2021-03-27T05:17:12.148452Z"
    },
    {
        "name": "7afe038",
        "tag_last_pushed": "2021-03-27T01:06:46.381695Z"
    },
    {
        "name": "e067103",
        "tag_last_pushed": "2021-03-27T00:19:10.273682Z"
    },
    {
        "name": "07f4cb1",
        "tag_last_pushed": "2021-03-26T17:27:48.437856Z"
    },
    {
        "name": "888135e",
        "tag_last_pushed": "2021-03-24T18:41:58.955849Z"
    },
    {
        "name": "cc19465",
        "tag_last_pushed": "2021-03-24T17:29:12.768529Z"
    },
    {
        "name": "ca2a7fb",
        "tag_last_pushed": "2021-03-24T03:47:51.665799Z"
    },
    {
        "name": "7e03ea6",
        "tag_last_pushed": "2021-03-24T03:47:39.535056Z"
    },
    {
        "name": "a921d0d",
        "tag_last_pushed": "2021-03-24T03:39:02.942052Z"
    },
    {
        "name": "259e6af",
        "tag_last_pushed": "2021-03-23T22:43:30.535701Z"
    },
    {
        "name": "0f03578",
        "tag_last_pushed": "2021-03-23T22:39:46.67572Z"
    },
    {
        "name": "f216e18",
        "tag_last_pushed": "2021-03-23T07:42:05.496635Z"
    },
    {
        "name": "aea35c1",
        "tag_last_pushed": "2021-03-19T23:03:02.281687Z"
    },
    {
        "name": "f0d093f",
        "tag_last_pushed": "2021-03-19T15:55:54.373867Z"
    },
    {
        "name": "29b1eda",
        "tag_last_pushed": "2021-03-19T15:29:55.974102Z"
    },
    {
        "name": "v0.7.0",
        "tag_last_pushed": "2021-03-19T04:04:01.234463Z"
    },
    {
        "name": "5e91014",
        "tag_last_pushed": "2021-03-19T02:40:57.586819Z"
    },
    {
        "name": "pr2263",
        "tag_last_pushed": "2021-03-19T02:04:41.902951Z"
    },
    {
        "name": "711e023",
        "tag_last_pushed": "2021-03-19T00:02:25.86589Z"
    },
    {
        "name": "61c37aa",
        "tag_last_pushed": "2021-03-18T23:29:45.937771Z"
    },
    {
        "name": "7c5d8cb",
        "tag_last_pushed": "2021-03-18T23:04:55.128628Z"
    },
    {
        "name": "7106753",
        "tag_last_pushed": "2021-03-18T22:31:07.505861Z"
    },
    {
        "name": "8c8de74",
        "tag_last_pushed": "2021-03-18T21:53:17.476162Z"
    },
    {
        "name": "d8268da",
        "tag_last_pushed": "2021-03-18T21:42:15.012349Z"
    },
    {
        "name": "039fe59",
        "tag_last_pushed": "2021-03-18T19:11:10.620157Z"
    },
    {
        "name": "728a742",
        "tag_last_pushed": "2021-03-18T17:18:59.012722Z"
    },
    {
        "name": "b846202",
        "tag_last_pushed": "2021-03-18T06:30:37.034115Z"
    },
    {
        "name": "c819289",
        "tag_last_pushed": "2021-03-18T04:01:16.94355Z"
    },
    {
        "name": "c7febe5",
        "tag_last_pushed": "2021-03-18T03:56:46.422324Z"
    },
    {
        "name": "6a0c402",
        "tag_last_pushed": "2021-03-18T03:33:50.455214Z"
    },
    {
        "name": "350e7aa",
        "tag_last_pushed": "2021-03-16T21:57:49.756983Z"
    },
    {
        "name": "c362cc4",
        "tag_last_pushed": "2021-03-16T06:00:05.419895Z"
    },
    {
        "name": "45d622b",
        "tag_last_pushed": "2021-03-16T05:54:21.566257Z"
    },
    {
        "name": "f8b88c5",
        "tag_last_pushed": "2021-03-16T05:52:25.358865Z"
    },
    {
        "name": "c015cf7",
        "tag_last_pushed": "2021-03-15T23:37:17.724202Z"
    }
]