[
    {
        "name": "3.5.2",
        "tag_last_pushed": "2023-05-15T16:47:59.389412Z"
    },
    {
        "name": "latest",
        "tag_last_pushed": "2023-05-15T16:47:54.581216Z"
    },
    {
        "name": "3.5.1",
        "tag_last_pushed": "2023-05-12T18:24:07.560816Z"
    },
    {
        "name": "3.4-1",
        "tag_last_pushed": "2023-02-18T08:33:05.319384Z"
    },
    {
        "name": "3.4",
        "tag_last_pushed": "2022-05-24T15:38:25.224808Z"
    },
    {
        "name": "3.1",
        "tag_last_pushed": "2021-04-06T21:00:30.548667Z"
    },
    {
        "name": "3.0",
        "tag_last_pushed": "2021-02-07T18:56:03.806883Z"
    },
    {
        "name": "1.8",
        "tag_last_pushed": "2017-02-24T19:02:50.838637Z"
    },
    {
        "name": "1.7",
        "tag_last_pushed": "2016-12-02T22:29:41.142549Z"
    },
    {
        "name": "1.6",
        "tag_last_pushed": "2016-08-27T23:20:38.593995Z"
    },
    {
        "name": "1.5",
        "tag_last_pushed": "2016-08-27T21:46:15.947066Z"
    },
    {
        "name": "1.1",
        "tag_last_pushed": "2016-03-15T19:56:06.614797Z"
    },
    {
        "name": "1.0",
        "tag_last_pushed": "2016-01-17T13:20:25.509961Z"
    }
]