[
    {
        "name": "v1.21.0-20210703-153841-359",
        "tag_last_pushed": "2021-07-03T13:44:39.403348Z"
    },
    {
        "name": "latest",
        "tag_last_pushed": "2021-07-03T13:40:57.497787Z"
    },
    {
        "name": "v1.19.0-20210408-125951-436",
        "tag_last_pushed": "2021-04-08T13:07:41.082567Z"
    },
    {
        "name": "v1.19.0-20210401-125906-079",
        "tag_last_pushed": "2021-04-01T13:07:15.95391Z"
    },
    {
        "name": "v1.19.0-20210325-124458-266",
        "tag_last_pushed": "2021-03-25T12:53:46.888669Z"
    },
    {
        "name": "v1.19.0-20210318-125724-349",
        "tag_last_pushed": "2021-03-18T13:06:20.058903Z"
    },
    {
        "name": "v1.19.0-20210311-125719-742",
        "tag_last_pushed": "2021-03-11T13:03:28.494784Z"
    },
    {
        "name": "v1.19.0-20210304-125537-979",
        "tag_last_pushed": "2021-03-04T13:04:50.204685Z"
    },
    {
        "name": "v1.19.0-20210225-125028-447",
        "tag_last_pushed": "2021-02-25T12:58:30.053083Z"
    },
    {
        "name": "v1.19.0-20210218-124910-528",
        "tag_last_pushed": "2021-02-18T12:57:06.313773Z"
    },
    {
        "name": "v1.19.0-20210211-124906-226",
        "tag_last_pushed": "2021-02-11T12:57:08.184541Z"
    },
    {
        "name": "v1.18.0-20210204-124821-946",
        "tag_last_pushed": "2021-02-04T12:56:33.301278Z"
    },
    {
        "name": "v1.18.0-20210128-125901-028",
        "tag_last_pushed": "2021-01-28T13:07:14.743224Z"
    },
    {
        "name": "v1.18.0-20210121-132641-989",
        "tag_last_pushed": "2021-01-21T13:35:16.600204Z"
    },
    {
        "name": "v1.18.0-20210114-132358-049",
        "tag_last_pushed": "2021-01-14T13:32:43.932302Z"
    },
    {
        "name": "v1.18.0-20210107-130546-937",
        "tag_last_pushed": "2021-01-07T13:13:33.424615Z"
    },
    {
        "name": "v1.18.0-20201231-130424-983",
        "tag_last_pushed": "2020-12-31T13:17:24.913083Z"
    },
    {
        "name": "v1.18.0-20201224-130014-026",
        "tag_last_pushed": "2020-12-24T13:13:56.818562Z"
    },
    {
        "name": "v1.18.0-20201219-194254-987",
        "tag_last_pushed": "2020-12-19T18:51:43.484814Z"
    },
    {
        "name": "v1.17.0-20201217-125147-015",
        "tag_last_pushed": "2020-12-17T13:05:42.442113Z"
    },
    {
        "name": "v1.17.0-20201210-124720-645",
        "tag_last_pushed": "2020-12-10T13:01:41.816754Z"
    },
    {
        "name": "v1.17.0-20201203-124312-085",
        "tag_last_pushed": "2020-12-03T12:58:00.478615Z"
    },
    {
        "name": "v1.17.0-20201126-123910-575",
        "tag_last_pushed": "2020-11-26T12:59:23.918366Z"
    },
    {
        "name": "v1.17.0-20201119-123702-067",
        "tag_last_pushed": "2020-11-19T12:56:50.246038Z"
    },
    {
        "name": "v1.17.0-20201112-123337-980",
        "tag_last_pushed": "2020-11-12T12:54:25.915341Z"
    },
    {
        "name": "v1.17.0-20201105-123427-215",
        "tag_last_pushed": "2020-11-05T12:59:03.525379Z"
    },
    {
        "name": "v1.17.0-20201029-124804-747",
        "tag_last_pushed": "2020-10-29T13:08:44.90138Z"
    },
    {
        "name": "v1.17.0-20201022-124312-540",
        "tag_last_pushed": "2020-10-22T13:04:16.178004Z"
    },
    {
        "name": "v1.17.0-20201019-143145-678",
        "tag_last_pushed": "2020-10-19T12:43:13.191576Z"
    },
    {
        "name": "v1.16.0-20201015-124142-264",
        "tag_last_pushed": "2020-10-15T13:03:12.523821Z"
    },
    {
        "name": "v1.16.0-20201008-123903-719",
        "tag_last_pushed": "2020-10-08T13:07:31.764777Z"
    },
    {
        "name": "v1.16.0-20201006-124530-630",
        "tag_last_pushed": "2020-10-06T10:58:20.816815Z"
    },
    {
        "name": "v1.16.0-20201006-124445-270",
        "tag_last_pushed": "2020-10-06T10:51:28.856876Z"
    },
    {
        "name": "v1.16.0-20201001-123704-181",
        "tag_last_pushed": "2020-10-01T12:58:29.981402Z"
    },
    {
        "name": "v1.16.0-20200924-123519-944",
        "tag_last_pushed": "2020-09-24T12:56:49.954981Z"
    },
    {
        "name": "v1.16.0-20200917-123445-377",
        "tag_last_pushed": "2020-09-17T12:55:22.289361Z"
    },
    {
        "name": "v1.16.0-20200910-123352-283",
        "tag_last_pushed": "2020-09-10T12:54:26.173258Z"
    },
    {
        "name": "v1.16.0-20200903-123352-808",
        "tag_last_pushed": "2020-09-03T12:56:00.14144Z"
    },
    {
        "name": "v1.16.0-20200827-123205-878",
        "tag_last_pushed": "2020-08-27T12:51:58.166782Z"
    },
    {
        "name": "v1.16.0-20200827-094005-304",
        "tag_last_pushed": "2020-08-27T07:51:39.382958Z"
    },
    {
        "name": "v1.15.0-20200820-123203-458",
        "tag_last_pushed": "2020-08-20T12:50:30.99725Z"
    },
    {
        "name": "v1.15.0-20200813-123227-139",
        "tag_last_pushed": "2020-08-13T12:52:59.868087Z"
    },
    {
        "name": "v1.15.0-20200806-123230-761",
        "tag_last_pushed": "2020-08-06T12:52:57.862375Z"
    },
    {
        "name": "v1.15.0-20200730-123224-205",
        "tag_last_pushed": "2020-07-30T12:59:54.271878Z"
    },
    {
        "name": "v1.15.0-20200723-123214-991",
        "tag_last_pushed": "2020-07-23T12:52:01.311513Z"
    },
    {
        "name": "v1.15.0-20200716-123208-487",
        "tag_last_pushed": "2020-07-17T23:51:33.166515Z"
    },
    {
        "name": "v1.15.0-20200709-123228-954",
        "tag_last_pushed": "2020-07-09T12:51:36.76989Z"
    },
    {
        "name": "v1.15.0-20200702-123222-685",
        "tag_last_pushed": "2020-07-02T12:52:15.259633Z"
    },
    {
        "name": "v1.15.0-20200625-123217-767",
        "tag_last_pushed": "2020-06-25T12:52:13.352838Z"
    },
    {
        "name": "v1.15.0-20200620-143251-752",
        "tag_last_pushed": "2020-06-20T12:41:40.769118Z"
    }
]