[
    {
        "name": "gpu-cv-cc86",
        "tag_last_pushed": "2022-08-23T08:35:43.289512Z"
    },
    {
        "name": "gpu-cv-cc80",
        "tag_last_pushed": "2022-08-23T08:34:17.74506Z"
    },
    {
        "name": "gpu-cv-cc75",
        "tag_last_pushed": "2022-08-23T08:32:52.965769Z"
    },
    {
        "name": "gpu-cv-cc72",
        "tag_last_pushed": "2022-08-23T08:31:27.393605Z"
    },
    {
        "name": "gpu-cv-cc70",
        "tag_last_pushed": "2022-08-23T08:30:01.072406Z"
    },
    {
        "name": "gpu-cv-cc62",
        "tag_last_pushed": "2022-08-23T08:28:45.789885Z"
    },
    {
        "name": "gpu-cv-cc61",
        "tag_last_pushed": "2022-08-23T08:27:31.503088Z"
    },
    {
        "name": "gpu-cv-cc60",
        "tag_last_pushed": "2022-08-23T08:26:17.927626Z"
    },
    {
        "name": "gpu-cv-cc53",
        "tag_last_pushed": "2022-08-23T08:25:03.674032Z"
    },
    {
        "name": "gpu-cv",
        "tag_last_pushed": "2022-08-23T08:23:49.27141Z"
    },
    {
        "name": "cpu-noopt-cv",
        "tag_last_pushed": "2022-08-23T08:19:51.131394Z"
    },
    {
        "name": "cpu-cv",
        "tag_last_pushed": "2022-08-23T08:19:00.039937Z"
    },
    {
        "name": "gpu-cc86",
        "tag_last_pushed": "2022-08-23T08:15:39.017073Z"
    },
    {
        "name": "gpu-cc80",
        "tag_last_pushed": "2022-08-23T08:14:30.759199Z"
    },
    {
        "name": "gpu-cc75",
        "tag_last_pushed": "2022-08-23T08:13:22.609875Z"
    },
    {
        "name": "gpu-cc72",
        "tag_last_pushed": "2022-08-23T08:12:15.549278Z"
    },
    {
        "name": "gpu-cc70",
        "tag_last_pushed": "2022-08-23T08:11:09.05516Z"
    },
    {
        "name": "gpu-cc62",
        "tag_last_pushed": "2022-08-23T08:10:11.151427Z"
    },
    {
        "name": "gpu-cc61",
        "tag_last_pushed": "2022-08-23T08:09:12.653981Z"
    },
    {
        "name": "gpu-cc60",
        "tag_last_pushed": "2022-08-23T08:08:15.139471Z"
    },
    {
        "name": "gpu-cc53",
        "tag_last_pushed": "2022-08-23T08:07:17.066965Z"
    },
    {
        "name": "gpu",
        "tag_last_pushed": "2022-08-23T08:06:19.058003Z"
    },
    {
        "name": "cpu-noopt",
        "tag_last_pushed": "2022-08-23T08:02:27.568983Z"
    },
    {
        "name": "cpu",
        "tag_last_pushed": "2022-08-23T08:01:52.916464Z"
    },
    {
        "name": "yolov4-gpu-cv-cc86-11.2.0-ubuntu18.04",
        "tag_last_pushed": "2021-12-05T09:05:10.493905Z"
    },
    {
        "name": "yolov4-gpu-cv-cc80-11.2.0-ubuntu18.04",
        "tag_last_pushed": "2021-12-05T08:48:51.646679Z"
    },
    {
        "name": "yolov4-gpu-cv-cc75-11.2.0-ubuntu18.04",
        "tag_last_pushed": "2021-12-05T08:32:19.427125Z"
    },
    {
        "name": "yolov4-gpu-cv-cc72-11.2.0-ubuntu18.04",
        "tag_last_pushed": "2021-12-05T08:16:07.432622Z"
    },
    {
        "name": "yolov4-gpu-cv-cc70-11.2.0-ubuntu18.04",
        "tag_last_pushed": "2021-12-05T07:59:43.572622Z"
    },
    {
        "name": "yolov4-gpu-cv-cc62-11.2.0-ubuntu18.04",
        "tag_last_pushed": "2021-12-05T07:44:41.109192Z"
    },
    {
        "name": "yolov4-gpu-cv-cc61-11.2.0-ubuntu18.04",
        "tag_last_pushed": "2021-12-05T07:30:02.340434Z"
    },
    {
        "name": "yolov4-gpu-cv-cc60-11.2.0-ubuntu18.04",
        "tag_last_pushed": "2021-12-05T07:15:06.634145Z"
    },
    {
        "name": "yolov4-gpu-cv-cc53-11.2.0-ubuntu18.04",
        "tag_last_pushed": "2021-12-05T07:00:23.15023Z"
    },
    {
        "name": "yolov4-gpu-cv-11.2.0-ubuntu18.04",
        "tag_last_pushed": "2021-12-05T06:45:15.308166Z"
    },
    {
        "name": "yolov4-gpu-cc86-11.2.0-ubuntu18.04",
        "tag_last_pushed": "2021-12-05T06:20:15.337866Z"
    },
    {
        "name": "yolov4-gpu-cc80-11.2.0-ubuntu18.04",
        "tag_last_pushed": "2021-12-05T06:11:41.205312Z"
    },
    {
        "name": "yolov4-gpu-cc75-11.2.0-ubuntu18.04",
        "tag_last_pushed": "2021-12-05T06:03:06.935104Z"
    },
    {
        "name": "yolov4-gpu-cc72-11.2.0-ubuntu18.04",
        "tag_last_pushed": "2021-12-05T05:54:33.246611Z"
    },
    {
        "name": "yolov4-gpu-cc70-11.2.0-ubuntu18.04",
        "tag_last_pushed": "2021-12-05T05:46:06.674976Z"
    },
    {
        "name": "yolov4-gpu-cc62-11.2.0-ubuntu18.04",
        "tag_last_pushed": "2021-12-05T05:38:52.308637Z"
    },
    {
        "name": "yolov4-gpu-cc61-11.2.0-ubuntu18.04",
        "tag_last_pushed": "2021-12-05T05:31:39.669165Z"
    },
    {
        "name": "yolov4-gpu-cc60-11.2.0-ubuntu18.04",
        "tag_last_pushed": "2021-12-05T05:24:51.243243Z"
    },
    {
        "name": "yolov4-gpu-cc53-11.2.0-ubuntu18.04",
        "tag_last_pushed": "2021-12-05T05:17:57.317224Z"
    },
    {
        "name": "yolov4-gpu-11.2.0-ubuntu18.04",
        "tag_last_pushed": "2021-12-05T05:11:09.589446Z"
    },
    {
        "name": "yolov4-gpu-cv-cc86-11.2.1-ubuntu18.04",
        "tag_last_pushed": "2021-12-04T18:14:48.027226Z"
    },
    {
        "name": "yolov4-gpu-cv-cc80-11.2.1-ubuntu18.04",
        "tag_last_pushed": "2021-12-04T17:59:32.210312Z"
    },
    {
        "name": "yolov4-gpu-cv-cc75-11.2.1-ubuntu18.04",
        "tag_last_pushed": "2021-12-04T17:44:11.719819Z"
    },
    {
        "name": "yolov4-gpu-cv-cc72-11.2.1-ubuntu18.04",
        "tag_last_pushed": "2021-12-04T17:28:22.635167Z"
    },
    {
        "name": "yolov4-gpu-cv-cc70-11.2.1-ubuntu18.04",
        "tag_last_pushed": "2021-12-04T17:13:06.459105Z"
    },
    {
        "name": "yolov4-gpu-cv-cc62-11.2.1-ubuntu18.04",
        "tag_last_pushed": "2021-12-04T16:59:16.535504Z"
    }
]