[
    {
        "name": "testing-5247380477",
        "tag_last_pushed": "2023-06-12T19:18:17.33791Z"
    },
    {
        "name": "dev",
        "tag_last_pushed": "2023-06-11T19:20:34.141451Z"
    },
    {
        "name": "testing-5236999562",
        "tag_last_pushed": "2023-06-11T19:18:14.265906Z"
    },
    {
        "name": "testing-5231448078",
        "tag_last_pushed": "2023-06-10T19:21:18.901259Z"
    },
    {
        "name": "testing-5225122076",
        "tag_last_pushed": "2023-06-09T19:18:39.785869Z"
    },
    {
        "name": "testing-5214716731",
        "tag_last_pushed": "2023-06-08T19:18:23.138516Z"
    },
    {
        "name": "testing-5203647575",
        "tag_last_pushed": "2023-06-07T19:18:41.809794Z"
    },
    {
        "name": "testing-5192263742",
        "tag_last_pushed": "2023-06-06T19:23:03.813719Z"
    },
    {
        "name": "testing-5180786651",
        "tag_last_pushed": "2023-06-05T19:18:01.978176Z"
    },
    {
        "name": "testing-5170677947",
        "tag_last_pushed": "2023-06-04T19:28:09.084177Z"
    },
    {
        "name": "testing-5165153824",
        "tag_last_pushed": "2023-06-03T19:23:05.300102Z"
    },
    {
        "name": "testing-5158761065",
        "tag_last_pushed": "2023-06-02T19:23:26.386562Z"
    },
    {
        "name": "testing-5148099915",
        "tag_last_pushed": "2023-06-01T19:18:07.191784Z"
    },
    {
        "name": "testing-5136587758",
        "tag_last_pushed": "2023-05-31T19:17:59.510193Z"
    },
    {
        "name": "testing-5125176464",
        "tag_last_pushed": "2023-05-30T19:18:53.735189Z"
    },
    {
        "name": "testing-5114567152",
        "tag_last_pushed": "2023-05-29T19:17:53.273516Z"
    },
    {
        "name": "testing-5105904308",
        "tag_last_pushed": "2023-05-28T19:17:54.954967Z"
    },
    {
        "name": "testing-5100293918",
        "tag_last_pushed": "2023-05-27T19:25:51.915703Z"
    },
    {
        "name": "testing-5094043435",
        "tag_last_pushed": "2023-05-26T19:21:30.564225Z"
    },
    {
        "name": "testing-5083525010",
        "tag_last_pushed": "2023-05-25T19:27:13.426194Z"
    },
    {
        "name": "testing-5072356533",
        "tag_last_pushed": "2023-05-24T19:17:32.474381Z"
    },
    {
        "name": "testing-5060983208",
        "tag_last_pushed": "2023-05-23T19:17:28.467691Z"
    },
    {
        "name": "testing-5049359880",
        "tag_last_pushed": "2023-05-22T19:26:41.246277Z"
    },
    {
        "name": "latest",
        "tag_last_pushed": "2023-05-22T15:21:09.647129Z"
    },
    {
        "name": "v4.9.2",
        "tag_last_pushed": "2023-05-22T15:21:06.928026Z"
    },
    {
        "name": "testing-5047213940",
        "tag_last_pushed": "2023-05-22T15:18:16.042435Z"
    },
    {
        "name": "testing-5039207416",
        "tag_last_pushed": "2023-05-21T19:23:28.751852Z"
    },
    {
        "name": "testing-5033667442",
        "tag_last_pushed": "2023-05-20T19:18:41.824856Z"
    },
    {
        "name": "v4.9.1",
        "tag_last_pushed": "2023-05-20T09:34:35.057083Z"
    },
    {
        "name": "testing-5031409984",
        "tag_last_pushed": "2023-05-20T09:31:42.225397Z"
    },
    {
        "name": "testing-5027375784",
        "tag_last_pushed": "2023-05-19T19:17:11.76988Z"
    },
    {
        "name": "v4.9.0",
        "tag_last_pushed": "2023-05-19T09:20:58.483811Z"
    },
    {
        "name": "testing-5022550969",
        "tag_last_pushed": "2023-05-19T09:18:38.949535Z"
    },
    {
        "name": "testing-5017238993",
        "tag_last_pushed": "2023-05-18T19:18:23.727653Z"
    },
    {
        "name": "testing-5006854458",
        "tag_last_pushed": "2023-05-17T19:25:01.418781Z"
    },
    {
        "name": "testing-4995635812",
        "tag_last_pushed": "2023-05-16T19:17:33.900699Z"
    },
    {
        "name": "testing-4984041459",
        "tag_last_pushed": "2023-05-15T19:21:18.504517Z"
    },
    {
        "name": "v4.8.1",
        "tag_last_pushed": "2023-05-15T17:29:19.618388Z"
    },
    {
        "name": "testing-4983040054",
        "tag_last_pushed": "2023-05-15T17:26:29.699638Z"
    },
    {
        "name": "testing-4973923192",
        "tag_last_pushed": "2023-05-14T19:18:22.317888Z"
    },
    {
        "name": "testing-4968394632",
        "tag_last_pushed": "2023-05-13T19:17:24.822625Z"
    },
    {
        "name": "testing-4962084448",
        "tag_last_pushed": "2023-05-12T19:21:12.407551Z"
    },
    {
        "name": "testing-4951462279",
        "tag_last_pushed": "2023-05-11T19:17:13.56355Z"
    },
    {
        "name": "testing-4940328187",
        "tag_last_pushed": "2023-05-10T19:24:07.742674Z"
    },
    {
        "name": "testing-4929407863",
        "tag_last_pushed": "2023-05-09T19:17:49.725215Z"
    },
    {
        "name": "testing-4918529232",
        "tag_last_pushed": "2023-05-08T19:24:10.31197Z"
    },
    {
        "name": "testing-4908779237",
        "tag_last_pushed": "2023-05-07T19:17:22.179126Z"
    },
    {
        "name": "v4.8.0",
        "tag_last_pushed": "2023-05-07T15:13:52.36781Z"
    },
    {
        "name": "testing-4907791492",
        "tag_last_pushed": "2023-05-07T15:11:09.311553Z"
    },
    {
        "name": "testing-4903128894",
        "tag_last_pushed": "2023-05-06T19:26:15.733746Z"
    },
    {
        "name": "testing-4896601760",
        "tag_last_pushed": "2023-05-05T19:17:51.507097Z"
    }
]