[
    {
        "name": "latest",
        "tag_last_pushed": "2021-02-04T06:21:13.315561Z"
    },
    {
        "name": "0.2.1",
        "tag_last_pushed": "2020-09-21T04:41:33.234442Z"
    },
    {
        "name": "0.2.0",
        "tag_last_pushed": "2020-08-10T05:00:09.307534Z"
    },
    {
        "name": "v0.2.0",
        "tag_last_pushed": "2020-08-10T04:57:38.867776Z"
    },
    {
        "name": "0.1.9",
        "tag_last_pushed": "2020-04-26T04:36:05.178269Z"
    },
    {
        "name": "0.1.8",
        "tag_last_pushed": "2020-04-14T04:39:32.581274Z"
    },
    {
        "name": "0.1.7",
        "tag_last_pushed": "2020-02-21T01:09:55.117461Z"
    },
    {
        "name": "0.1.6",
        "tag_last_pushed": "2020-02-20T02:03:57.231348Z"
    },
    {
        "name": "0.1.5",
        "tag_last_pushed": "2019-12-30T01:51:41.460179Z"
    },
    {
        "name": "0.1.4",
        "tag_last_pushed": "2019-12-13T03:36:05.022695Z"
    },
    {
        "name": "0.1.3",
        "tag_last_pushed": "2019-10-30T06:56:53.145182Z"
    }
]