[
    {
        "name": "20230611x7-20dd21f137a2dacf",
        "tag_last_pushed": "2023-06-11T07:07:08.23847Z"
    },
    {
        "name": "20230604x7-20dd21f137a2dacf",
        "tag_last_pushed": "2023-06-04T07:07:07.400179Z"
    },
    {
        "name": "20230528x7-06e8522cd72b944e",
        "tag_last_pushed": "2023-05-30T14:44:01.13894Z"
    },
    {
        "name": "20230528x7-20dd21f137a2dacf",
        "tag_last_pushed": "2023-05-28T07:07:12.680883Z"
    },
    {
        "name": "20230521x7-20dd21f137a2dacf",
        "tag_last_pushed": "2023-05-21T07:07:15.303892Z"
    },
    {
        "name": "20230514x7-20dd21f137a2dacf",
        "tag_last_pushed": "2023-05-14T07:07:16.962041Z"
    },
    {
        "name": "20230507x7-06e8522cd72b944e",
        "tag_last_pushed": "2023-05-10T04:42:44.930399Z"
    },
    {
        "name": "20230507x7-20dd21f137a2dacf",
        "tag_last_pushed": "2023-05-07T07:06:41.507003Z"
    },
    {
        "name": "20230430x7-20dd21f137a2dacf",
        "tag_last_pushed": "2023-05-03T16:03:43.979713Z"
    },
    {
        "name": "20230430x7-8b2d623e108170ec",
        "tag_last_pushed": "2023-05-01T13:55:39.43434Z"
    },
    {
        "name": "20230430x7-06e8522cd72b944e",
        "tag_last_pushed": "2023-04-30T12:17:25.885345Z"
    },
    {
        "name": "20230423x7-06e8522cd72b944e",
        "tag_last_pushed": "2023-04-23T15:53:54.722267Z"
    },
    {
        "name": "20230423x7-8b2d623e108170ec",
        "tag_last_pushed": "2023-04-23T09:44:27.226762Z"
    },
    {
        "name": "20230416x7-8b2d623e108170ec",
        "tag_last_pushed": "2023-04-16T12:15:26.123272Z"
    },
    {
        "name": "20230409x7-c8cb2253de86acf5",
        "tag_last_pushed": "2023-04-10T16:33:36.323983Z"
    },
    {
        "name": "20230409x7-8b2d623e108170ec",
        "tag_last_pushed": "2023-04-09T12:16:32.162778Z"
    },
    {
        "name": "20230402x7-2ee95953f6c9abb6",
        "tag_last_pushed": "2023-04-04T19:24:01.050466Z"
    },
    {
        "name": "20230402x7-8b2d623e108170ec",
        "tag_last_pushed": "2023-04-04T18:26:18.151222Z"
    },
    {
        "name": "20230402x7-ccb240277d5c12df",
        "tag_last_pushed": "2023-04-03T10:59:22.461986Z"
    },
    {
        "name": "20230402x7-c8cb2253de86acf5",
        "tag_last_pushed": "2023-04-02T12:19:09.92201Z"
    },
    {
        "name": "20230326x7-ccb240277d5c12df",
        "tag_last_pushed": "2023-03-29T16:43:17.723146Z"
    },
    {
        "name": "20230326x7-c8cb2253de86acf5",
        "tag_last_pushed": "2023-03-26T12:22:15.735975Z"
    },
    {
        "name": "20230319x7-c8cb2253de86acf5",
        "tag_last_pushed": "2023-03-21T20:50:46.987305Z"
    },
    {
        "name": "20230319x7-ccb240277d5c12df",
        "tag_last_pushed": "2023-03-19T12:17:51.115971Z"
    },
    {
        "name": "20230312x7-ccb240277d5c12df",
        "tag_last_pushed": "2023-03-12T12:16:43.898736Z"
    },
    {
        "name": "20230305x7-ccb240277d5c12df",
        "tag_last_pushed": "2023-03-05T12:17:44.610506Z"
    },
    {
        "name": "20230226x7-d3925da019abe9fe",
        "tag_last_pushed": "2023-02-28T17:38:39.93687Z"
    },
    {
        "name": "20230226x7-ccb240277d5c12df",
        "tag_last_pushed": "2023-02-26T12:18:03.589015Z"
    },
    {
        "name": "20230219x7-c8c6d39e0523862c",
        "tag_last_pushed": "2023-02-23T04:13:07.625963Z"
    },
    {
        "name": "20230219x7-7633d6488f9d5a0f",
        "tag_last_pushed": "2023-02-23T03:28:00.391502Z"
    },
    {
        "name": "20230219x7-68f790aab8c2e641",
        "tag_last_pushed": "2023-02-22T06:47:18.89279Z"
    },
    {
        "name": "20230219x7-ccb240277d5c12df",
        "tag_last_pushed": "2023-02-19T12:18:57.37146Z"
    },
    {
        "name": "20230212x7-ccb240277d5c12df",
        "tag_last_pushed": "2023-02-14T20:15:18.681686Z"
    },
    {
        "name": "20230212x7-d3925da019abe9fe",
        "tag_last_pushed": "2023-02-14T15:34:59.940989Z"
    },
    {
        "name": "20230212x7-ce19a50b2b634dcb",
        "tag_last_pushed": "2023-02-12T12:16:26.969011Z"
    },
    {
        "name": "20230205x7-ce19a50b2b634dcb",
        "tag_last_pushed": "2023-02-08T01:22:27.020652Z"
    },
    {
        "name": "20230205x7-5eec68e7b32c4652",
        "tag_last_pushed": "2023-02-07T18:01:16.146514Z"
    },
    {
        "name": "20230205x7-832d7d6d33932250",
        "tag_last_pushed": "2023-02-06T20:48:25.774063Z"
    },
    {
        "name": "20230205x7-d3925da019abe9fe",
        "tag_last_pushed": "2023-02-05T05:55:49.977789Z"
    },
    {
        "name": "20230129x7-ce19a50b2b634dcb",
        "tag_last_pushed": "2023-02-04T19:44:01.777615Z"
    },
    {
        "name": "20230129x7-5eec68e7b32c4652",
        "tag_last_pushed": "2023-02-03T17:05:05.878003Z"
    },
    {
        "name": "20230129x7-832d7d6d33932250",
        "tag_last_pushed": "2023-01-30T19:01:32.266861Z"
    },
    {
        "name": "20230129x7-d3925da019abe9fe",
        "tag_last_pushed": "2023-01-29T12:15:33.195323Z"
    },
    {
        "name": "20230122x7-832d7d6d33932250",
        "tag_last_pushed": "2023-01-23T19:28:56.182815Z"
    },
    {
        "name": "20230122x7-d3925da019abe9fe",
        "tag_last_pushed": "2023-01-22T12:18:45.743678Z"
    },
    {
        "name": "20230115x7-d3925da019abe9fe",
        "tag_last_pushed": "2023-01-19T17:54:09.444457Z"
    },
    {
        "name": "20230115x7-832d7d6d33932250",
        "tag_last_pushed": "2023-01-15T12:16:19.713134Z"
    },
    {
        "name": "20230108x7-5eec68e7b32c4652",
        "tag_last_pushed": "2023-01-12T17:13:51.983199Z"
    },
    {
        "name": "20230108x7-832d7d6d33932250",
        "tag_last_pushed": "2023-01-08T12:16:23.598265Z"
    },
    {
        "name": "20230101x7-832d7d6d33932250",
        "tag_last_pushed": "2023-01-01T12:17:57.904353Z"
    }
]