[
    {
        "name": "trt8.2_cuda11.2",
        "tag_last_pushed": "2022-06-05T21:51:19.328001Z"
    },
    {
        "name": "trt8_cuda11",
        "tag_last_pushed": "2022-06-04T18:36:37.253845Z"
    },
    {
        "name": "trt7.1_cuda10.2",
        "tag_last_pushed": "2021-01-14T03:20:23.141987Z"
    },
    {
        "name": "trt7.2_cuda10.2",
        "tag_last_pushed": "2021-01-12T16:54:16.902118Z"
    },
    {
        "name": "trt7_cuda10",
        "tag_last_pushed": "2020-11-17T03:52:54.371518Z"
    }
]