[
    {
        "name": "hub-4.0.1",
        "tag_last_pushed": "2023-06-12T04:58:48.083157Z"
    },
    {
        "name": "2023-06-12",
        "tag_last_pushed": "2023-06-12T04:58:43.331332Z"
    },
    {
        "name": "lab-4.0.2",
        "tag_last_pushed": "2023-06-12T04:58:40.946105Z"
    },
    {
        "name": "python-3.11.4",
        "tag_last_pushed": "2023-06-12T04:58:39.73603Z"
    },
    {
        "name": "x86_64-python-3.11.4",
        "tag_last_pushed": "2023-06-12T04:53:02.00916Z"
    },
    {
        "name": "x86_64-lab-4.0.2",
        "tag_last_pushed": "2023-06-12T04:52:59.609314Z"
    },
    {
        "name": "x86_64-hub-4.0.1",
        "tag_last_pushed": "2023-06-12T04:52:58.362827Z"
    },
    {
        "name": "x86_64-2023-06-12",
        "tag_last_pushed": "2023-06-12T04:52:56.773209Z"
    },
    {
        "name": "latest",
        "tag_last_pushed": "2023-06-06T16:58:49.284614Z"
    },
    {
        "name": "lab-4.0.1",
        "tag_last_pushed": "2023-06-06T16:58:46.115958Z"
    },
    {
        "name": "hub-4.0.0",
        "tag_last_pushed": "2023-06-06T16:58:43.037708Z"
    },
    {
        "name": "python-3.11.3",
        "tag_last_pushed": "2023-06-06T16:58:39.917527Z"
    },
    {
        "name": "ubuntu-22.04",
        "tag_last_pushed": "2023-06-06T16:58:36.641709Z"
    },
    {
        "name": "9e3ab9075a5e",
        "tag_last_pushed": "2023-06-06T16:58:33.68166Z"
    },
    {
        "name": "notebook-6.5.4",
        "tag_last_pushed": "2023-06-06T16:58:30.381803Z"
    },
    {
        "name": "r-4.2.3",
        "tag_last_pushed": "2023-06-06T16:58:27.363471Z"
    },
    {
        "name": "python-3.11",
        "tag_last_pushed": "2023-06-06T16:58:24.251775Z"
    },
    {
        "name": "2023-06-06",
        "tag_last_pushed": "2023-06-06T16:58:21.148328Z"
    },
    {
        "name": "julia-1.9.0",
        "tag_last_pushed": "2023-06-06T16:58:17.766657Z"
    },
    {
        "name": "x86_64-ubuntu-22.04",
        "tag_last_pushed": "2023-06-06T16:53:26.149669Z"
    },
    {
        "name": "x86_64-r-4.2.3",
        "tag_last_pushed": "2023-06-06T16:53:25.921395Z"
    },
    {
        "name": "x86_64-python-3.11.3",
        "tag_last_pushed": "2023-06-06T16:53:25.655523Z"
    },
    {
        "name": "x86_64-python-3.11",
        "tag_last_pushed": "2023-06-06T16:53:25.422096Z"
    },
    {
        "name": "x86_64-notebook-6.5.4",
        "tag_last_pushed": "2023-06-06T16:53:25.202577Z"
    },
    {
        "name": "x86_64-latest",
        "tag_last_pushed": "2023-06-06T16:53:24.996974Z"
    },
    {
        "name": "x86_64-lab-4.0.1",
        "tag_last_pushed": "2023-06-06T16:53:24.772356Z"
    },
    {
        "name": "x86_64-julia-1.9.0",
        "tag_last_pushed": "2023-06-06T16:53:24.553072Z"
    },
    {
        "name": "x86_64-hub-4.0.0",
        "tag_last_pushed": "2023-06-06T16:53:24.289746Z"
    },
    {
        "name": "x86_64-9e3ab9075a5e",
        "tag_last_pushed": "2023-06-06T16:53:24.056552Z"
    },
    {
        "name": "x86_64-2023-06-06",
        "tag_last_pushed": "2023-06-06T16:53:23.839845Z"
    },
    {
        "name": "2023-06-05",
        "tag_last_pushed": "2023-06-05T22:38:35.237784Z"
    },
    {
        "name": "63d4f3d1b713",
        "tag_last_pushed": "2023-06-05T22:38:10.395597Z"
    },
    {
        "name": "x86_64-63d4f3d1b713",
        "tag_last_pushed": "2023-06-05T22:33:55.855857Z"
    },
    {
        "name": "x86_64-2023-06-05",
        "tag_last_pushed": "2023-06-05T22:33:55.183322Z"
    },
    {
        "name": "5c660db02e58",
        "tag_last_pushed": "2023-06-05T05:13:14.818177Z"
    },
    {
        "name": "julia-1.8.5",
        "tag_last_pushed": "2023-06-05T05:12:59.476444Z"
    },
    {
        "name": "x86_64-julia-1.8.5",
        "tag_last_pushed": "2023-06-05T04:43:35.978735Z"
    },
    {
        "name": "x86_64-5c660db02e58",
        "tag_last_pushed": "2023-06-05T04:43:35.432967Z"
    },
    {
        "name": "2023-06-04",
        "tag_last_pushed": "2023-06-04T21:22:45.307265Z"
    },
    {
        "name": "x86_64-2023-06-04",
        "tag_last_pushed": "2023-06-04T21:17:25.165277Z"
    },
    {
        "name": "88392974b86d",
        "tag_last_pushed": "2023-06-04T10:18:39.080098Z"
    },
    {
        "name": "x86_64-88392974b86d",
        "tag_last_pushed": "2023-06-04T10:14:11.514738Z"
    }
]