[
    {
        "name": "4.3.15-4",
        "tag_last_pushed": "2020-10-13T22:14:56.979418Z"
    },
    {
        "name": "latest",
        "tag_last_pushed": "2020-10-13T22:10:24.199703Z"
    },
    {
        "name": "4.3.15-3",
        "tag_last_pushed": "2020-10-06T08:26:46.077581Z"
    },
    {
        "name": "4.3.15-2",
        "tag_last_pushed": "2020-09-26T02:22:46.902615Z"
    },
    {
        "name": "4.3.15",
        "tag_last_pushed": "2020-09-26T02:15:46.562188Z"
    },
    {
        "name": "4.3.3-1",
        "tag_last_pushed": "2020-07-15T21:09:42.736641Z"
    },
    {
        "name": "4.3.2-1",
        "tag_last_pushed": "2020-07-06T22:35:40.048333Z"
    },
    {
        "name": "3.22.15",
        "tag_last_pushed": "2020-07-06T20:09:29.253993Z"
    },
    {
        "name": "4.2.3_rc-updates",
        "tag_last_pushed": "2020-06-23T00:07:22.89292Z"
    },
    {
        "name": "4.2.3",
        "tag_last_pushed": "2020-05-23T00:14:34.024966Z"
    }
]