[
    {
        "name": "latest",
        "tag_last_pushed": "2023-06-08T20:02:48.681696Z"
    },
    {
        "name": "2.5.4",
        "tag_last_pushed": "2023-04-13T04:49:20.124382Z"
    },
    {
        "name": "2.5",
        "tag_last_pushed": "2023-04-13T04:49:19.550535Z"
    },
    {
        "name": "2",
        "tag_last_pushed": "2023-04-13T04:49:19.183495Z"
    },
    {
        "name": "2.5.3",
        "tag_last_pushed": "2023-03-10T07:35:24.783004Z"
    },
    {
        "name": "2.5.2",
        "tag_last_pushed": "2023-03-08T20:24:58.879752Z"
    },
    {
        "name": "2.5.1",
        "tag_last_pushed": "2022-11-26T06:35:50.53005Z"
    },
    {
        "name": "2.5.0",
        "tag_last_pushed": "2022-11-23T06:26:25.882024Z"
    },
    {
        "name": "2.4.5",
        "tag_last_pushed": "2022-11-23T06:26:16.659923Z"
    },
    {
        "name": "2.4",
        "tag_last_pushed": "2022-11-23T06:26:16.051594Z"
    },
    {
        "name": "2.4.4",
        "tag_last_pushed": "2022-11-09T20:16:30.043197Z"
    },
    {
        "name": "2.4.3",
        "tag_last_pushed": "2022-11-09T20:14:03.401734Z"
    },
    {
        "name": "2.4.2",
        "tag_last_pushed": "2022-09-27T06:15:52.112847Z"
    },
    {
        "name": "2.4.1",
        "tag_last_pushed": "2022-09-23T08:02:09.815514Z"
    },
    {
        "name": "2.4.0",
        "tag_last_pushed": "2022-09-17T06:21:28.462547Z"
    },
    {
        "name": "2.3.3",
        "tag_last_pushed": "2022-08-29T21:48:16.125269Z"
    },
    {
        "name": "2.3",
        "tag_last_pushed": "2022-08-29T21:48:15.286195Z"
    },
    {
        "name": "2.3.2",
        "tag_last_pushed": "2022-08-29T06:54:53.283702Z"
    },
    {
        "name": "2.3.1",
        "tag_last_pushed": "2022-08-10T21:57:18.612619Z"
    },
    {
        "name": "2.3.0",
        "tag_last_pushed": "2022-08-05T05:59:02.850834Z"
    },
    {
        "name": "2.2.1",
        "tag_last_pushed": "2022-08-03T19:31:57.052871Z"
    },
    {
        "name": "2.2",
        "tag_last_pushed": "2022-08-03T19:31:56.378539Z"
    },
    {
        "name": "2.2.0",
        "tag_last_pushed": "2022-07-25T07:21:28.031817Z"
    },
    {
        "name": "2.1.7",
        "tag_last_pushed": "2022-07-22T08:23:50.696343Z"
    },
    {
        "name": "2.1",
        "tag_last_pushed": "2022-07-22T08:23:48.383111Z"
    },
    {
        "name": "2.1.6",
        "tag_last_pushed": "2022-07-10T07:47:40.088716Z"
    },
    {
        "name": "2.1.5",
        "tag_last_pushed": "2022-07-10T07:41:09.435484Z"
    },
    {
        "name": "2.1.4",
        "tag_last_pushed": "2022-06-24T07:24:37.650989Z"
    },
    {
        "name": "2.1.3",
        "tag_last_pushed": "2022-06-10T05:25:49.368363Z"
    },
    {
        "name": "2.1.2",
        "tag_last_pushed": "2022-05-13T19:41:08.448851Z"
    },
    {
        "name": "2.1.1",
        "tag_last_pushed": "2022-02-05T08:02:05.318279Z"
    },
    {
        "name": "2.1.0",
        "tag_last_pushed": "2022-01-29T08:58:13.426858Z"
    },
    {
        "name": "2.0.2",
        "tag_last_pushed": "2021-12-26T08:17:07.959825Z"
    },
    {
        "name": "2.0",
        "tag_last_pushed": "2021-12-26T08:17:06.312371Z"
    },
    {
        "name": "2.0.1",
        "tag_last_pushed": "2021-12-15T07:30:28.697799Z"
    },
    {
        "name": "2.0.0",
        "tag_last_pushed": "2021-12-13T08:44:34.727184Z"
    },
    {
        "name": "2.0.0-beta.16",
        "tag_last_pushed": "2021-09-28T05:34:29.727599Z"
    },
    {
        "name": "2.0.0-beta.14",
        "tag_last_pushed": "2021-09-27T19:52:01.310909Z"
    },
    {
        "name": "2.0.0-beta.15",
        "tag_last_pushed": "2021-09-27T19:51:50.715527Z"
    },
    {
        "name": "2.0.0-beta.13",
        "tag_last_pushed": "2021-09-21T19:22:51.158655Z"
    },
    {
        "name": "2.0.0-beta.12",
        "tag_last_pushed": "2021-09-13T17:33:51.563841Z"
    },
    {
        "name": "2.0.0-beta.11",
        "tag_last_pushed": "2021-09-11T07:47:55.811703Z"
    },
    {
        "name": "2.0.0-beta.10",
        "tag_last_pushed": "2021-09-09T21:58:55.941806Z"
    },
    {
        "name": "2.0.0-beta.9",
        "tag_last_pushed": "2021-09-07T22:21:55.084777Z"
    },
    {
        "name": "2.0.0-beta.8",
        "tag_last_pushed": "2021-08-31T20:04:29.563156Z"
    },
    {
        "name": "2.0.0-beta.7",
        "tag_last_pushed": "2021-08-31T18:24:46.193018Z"
    },
    {
        "name": "2.0.0-beta.6",
        "tag_last_pushed": "2021-08-29T06:17:21.158294Z"
    },
    {
        "name": "2.0.0-beta.5",
        "tag_last_pushed": "2021-08-27T07:15:54.585769Z"
    },
    {
        "name": "2.0.0-beta.4",
        "tag_last_pushed": "2021-08-27T07:00:07.54222Z"
    },
    {
        "name": "1.1.1",
        "tag_last_pushed": "2021-08-05T17:41:56.617477Z"
    }
]