[
    {
        "name": "gpu-nightly",
        "tag_last_pushed": "2021-08-17T00:42:22.256372Z"
    },
    {
        "name": "cpu-nightly",
        "tag_last_pushed": "2021-08-17T00:15:16.564315Z"
    },
    {
        "name": "gpu-jupyter-kubeflow-nightly",
        "tag_last_pushed": "2021-05-19T00:44:20.790777Z"
    },
    {
        "name": "cpu-jupyter-kubeflow-nightly",
        "tag_last_pushed": "2021-05-19T00:42:52.345727Z"
    },
    {
        "name": "gpu-jupyter-kubeflow-latest",
        "tag_last_pushed": "2021-02-13T20:49:25.956683Z"
    },
    {
        "name": "gpu-jupyter-kubeflow-0.1",
        "tag_last_pushed": "2021-02-13T20:49:23.818604Z"
    },
    {
        "name": "gpu-jupyter-kubeflow",
        "tag_last_pushed": "2021-02-13T20:49:21.599109Z"
    },
    {
        "name": "cpu-jupyter-kubeflow-latest",
        "tag_last_pushed": "2021-02-13T20:48:01.791405Z"
    },
    {
        "name": "cpu-jupyter-kubeflow-0.1",
        "tag_last_pushed": "2021-02-13T20:47:59.937272Z"
    },
    {
        "name": "cpu-jupyter-kubeflow",
        "tag_last_pushed": "2021-02-13T20:47:58.078988Z"
    },
    {
        "name": "gpu-latest",
        "tag_last_pushed": "2021-02-13T20:20:57.201404Z"
    },
    {
        "name": "gpu-0.1",
        "tag_last_pushed": "2021-02-13T20:20:54.966006Z"
    },
    {
        "name": "gpu",
        "tag_last_pushed": "2021-02-13T20:20:52.811552Z"
    },
    {
        "name": "latest",
        "tag_last_pushed": "2021-02-13T19:54:44.304089Z"
    },
    {
        "name": "cpu-latest",
        "tag_last_pushed": "2021-02-13T19:54:42.516567Z"
    },
    {
        "name": "cpu-0.1",
        "tag_last_pushed": "2021-02-13T19:54:40.740875Z"
    },
    {
        "name": "cpu",
        "tag_last_pushed": "2021-02-13T19:54:38.923979Z"
    },
    {
        "name": "cpu-jupyter",
        "tag_last_pushed": "2021-02-13T05:35:55.953055Z"
    }
]