[
    {
        "name": "latest",
        "tag_last_pushed": "2020-10-30T03:23:13.947831Z"
    },
    {
        "name": "2.249.2",
        "tag_last_pushed": "2020-10-30T03:23:13.208323Z"
    },
    {
        "name": "2.249.1",
        "tag_last_pushed": "2020-10-30T03:23:01.514101Z"
    },
    {
        "name": "2.235.5",
        "tag_last_pushed": "2020-10-30T03:22:45.912045Z"
    },
    {
        "name": "2.235.4",
        "tag_last_pushed": "2020-10-30T03:22:34.821973Z"
    },
    {
        "name": "2.235.3",
        "tag_last_pushed": "2020-10-30T03:22:24.17132Z"
    },
    {
        "name": "2.235.2",
        "tag_last_pushed": "2020-10-30T03:22:12.689096Z"
    },
    {
        "name": "2.235.1",
        "tag_last_pushed": "2020-10-30T03:22:01.741928Z"
    },
    {
        "name": "2.222.4",
        "tag_last_pushed": "2020-10-30T03:21:51.407605Z"
    },
    {
        "name": "2.222.3",
        "tag_last_pushed": "2020-10-30T03:21:40.026203Z"
    },
    {
        "name": "2.222.1",
        "tag_last_pushed": "2020-10-30T03:21:29.291528Z"
    },
    {
        "name": "2.204.6",
        "tag_last_pushed": "2020-10-30T03:21:18.551994Z"
    },
    {
        "name": "2.204.5",
        "tag_last_pushed": "2020-10-30T03:21:07.837146Z"
    },
    {
        "name": "2.204.4",
        "tag_last_pushed": "2020-10-30T03:20:56.928589Z"
    },
    {
        "name": "2.204.3",
        "tag_last_pushed": "2020-10-30T03:20:18.178903Z"
    },
    {
        "name": "2.204.2",
        "tag_last_pushed": "2020-10-30T03:20:05.486572Z"
    },
    {
        "name": "2.204.1",
        "tag_last_pushed": "2020-10-30T03:19:54.681512Z"
    },
    {
        "name": "2.190.3",
        "tag_last_pushed": "2020-10-30T03:19:43.322057Z"
    },
    {
        "name": "2.190.2",
        "tag_last_pushed": "2020-10-07T03:28:05.517437Z"
    },
    {
        "name": "2.190.1",
        "tag_last_pushed": "2020-09-09T03:24:57.518518Z"
    },
    {
        "name": "2.176.4",
        "tag_last_pushed": "2020-08-17T03:21:46.745376Z"
    },
    {
        "name": "2.176.3",
        "tag_last_pushed": "2020-08-12T03:21:05.670833Z"
    },
    {
        "name": "2.176.2",
        "tag_last_pushed": "2020-07-15T03:16:50.67194Z"
    },
    {
        "name": "2.176.1",
        "tag_last_pushed": "2020-06-17T04:22:08.091851Z"
    },
    {
        "name": "1.409.2",
        "tag_last_pushed": "2020-06-02T22:46:39.643309Z"
    },
    {
        "name": "1.409.1",
        "tag_last_pushed": "2020-06-02T22:45:41.59884Z"
    },
    {
        "name": "2.150.3",
        "tag_last_pushed": "2020-06-02T15:24:13.551368Z"
    },
    {
        "name": "2.138.2",
        "tag_last_pushed": "2020-06-02T15:24:00.422327Z"
    },
    {
        "name": "2.164.1",
        "tag_last_pushed": "2020-06-02T15:23:49.120553Z"
    },
    {
        "name": "2.164.3",
        "tag_last_pushed": "2020-06-02T15:23:41.06658Z"
    },
    {
        "name": "2.138.1",
        "tag_last_pushed": "2020-06-02T15:23:18.53809Z"
    },
    {
        "name": "2.164.2",
        "tag_last_pushed": "2020-06-02T15:22:40.779129Z"
    },
    {
        "name": "2.150.2",
        "tag_last_pushed": "2020-06-02T15:22:36.938087Z"
    },
    {
        "name": "2.150.1",
        "tag_last_pushed": "2020-06-02T15:22:29.848768Z"
    },
    {
        "name": "2.121.3",
        "tag_last_pushed": "2020-06-02T15:22:24.895298Z"
    },
    {
        "name": "2.138.3",
        "tag_last_pushed": "2020-06-02T15:22:24.82938Z"
    },
    {
        "name": "2.121.2",
        "tag_last_pushed": "2020-06-02T15:22:12.969318Z"
    },
    {
        "name": "2.138.4",
        "tag_last_pushed": "2020-06-02T15:21:45.404876Z"
    },
    {
        "name": "2.121.1",
        "tag_last_pushed": "2020-06-02T15:21:36.237507Z"
    },
    {
        "name": "2.107.1",
        "tag_last_pushed": "2020-06-02T15:21:30.309995Z"
    },
    {
        "name": "2.89.1",
        "tag_last_pushed": "2020-06-02T15:21:28.859549Z"
    },
    {
        "name": "2.89.3",
        "tag_last_pushed": "2020-06-02T15:21:15.792934Z"
    },
    {
        "name": "2.73.1",
        "tag_last_pushed": "2020-06-02T15:21:08.508794Z"
    },
    {
        "name": "2.89.2",
        "tag_last_pushed": "2020-06-02T15:20:34.771577Z"
    },
    {
        "name": "2.107.2",
        "tag_last_pushed": "2020-06-02T15:20:30.949875Z"
    },
    {
        "name": "2.107.3",
        "tag_last_pushed": "2020-06-02T15:20:25.766559Z"
    },
    {
        "name": "2.89.4",
        "tag_last_pushed": "2020-06-02T15:20:20.571763Z"
    },
    {
        "name": "2.73.2",
        "tag_last_pushed": "2020-06-02T15:19:53.174827Z"
    },
    {
        "name": "2.73.3",
        "tag_last_pushed": "2020-06-02T15:19:46.086021Z"
    },
    {
        "name": "2.60.3",
        "tag_last_pushed": "2020-06-02T15:19:09.193365Z"
    }
]