[
    {
        "name": "8e8f2f5",
        "tag_last_pushed": "2023-06-12T16:00:00.305737Z"
    },
    {
        "name": "v0.10.4",
        "tag_last_pushed": "2023-06-12T14:50:47.673974Z"
    },
    {
        "name": "f3cf9b7",
        "tag_last_pushed": "2023-06-12T12:50:13.358341Z"
    },
    {
        "name": "ab3fe0d",
        "tag_last_pushed": "2023-06-12T12:42:39.323768Z"
    },
    {
        "name": "f2c66fd",
        "tag_last_pushed": "2023-06-09T18:08:18.348969Z"
    },
    {
        "name": "head",
        "tag_last_pushed": "2023-06-09T18:08:15.81623Z"
    },
    {
        "name": "43d37ff",
        "tag_last_pushed": "2023-06-09T11:04:46.178127Z"
    },
    {
        "name": "2b94a10",
        "tag_last_pushed": "2023-06-09T10:02:22.252102Z"
    },
    {
        "name": "369a04a",
        "tag_last_pushed": "2023-06-09T08:32:08.189598Z"
    },
    {
        "name": "8d31a18",
        "tag_last_pushed": "2023-06-09T06:54:14.123843Z"
    },
    {
        "name": "a04631b",
        "tag_last_pushed": "2023-06-08T23:00:21.028202Z"
    },
    {
        "name": "pr8191",
        "tag_last_pushed": "2023-06-08T21:02:41.722811Z"
    },
    {
        "name": "45e592b",
        "tag_last_pushed": "2023-06-08T08:04:55.576793Z"
    },
    {
        "name": "2e1d31b",
        "tag_last_pushed": "2023-06-08T07:54:47.258199Z"
    },
    {
        "name": "ac06cf3",
        "tag_last_pushed": "2023-06-08T04:56:08.048983Z"
    },
    {
        "name": "6813f4a",
        "tag_last_pushed": "2023-06-08T04:32:27.75509Z"
    },
    {
        "name": "pr8153",
        "tag_last_pushed": "2023-06-08T00:16:03.686286Z"
    },
    {
        "name": "81fdf9d",
        "tag_last_pushed": "2023-06-07T23:59:09.116965Z"
    },
    {
        "name": "pr8189",
        "tag_last_pushed": "2023-06-07T21:50:05.513852Z"
    },
    {
        "name": "fd790e3",
        "tag_last_pushed": "2023-06-07T20:25:00.181351Z"
    },
    {
        "name": "5588a04",
        "tag_last_pushed": "2023-06-07T19:00:44.874536Z"
    },
    {
        "name": "593fec5",
        "tag_last_pushed": "2023-06-07T18:53:40.025711Z"
    },
    {
        "name": "22e7771",
        "tag_last_pushed": "2023-06-07T15:09:29.736826Z"
    },
    {
        "name": "9ca8218",
        "tag_last_pushed": "2023-06-07T13:19:05.801863Z"
    },
    {
        "name": "ea79a4b",
        "tag_last_pushed": "2023-06-07T13:00:02.645503Z"
    },
    {
        "name": "pr8185",
        "tag_last_pushed": "2023-06-07T12:46:27.019634Z"
    },
    {
        "name": "9fa8489",
        "tag_last_pushed": "2023-06-07T09:27:29.644503Z"
    },
    {
        "name": "7041281",
        "tag_last_pushed": "2023-06-07T08:26:34.945969Z"
    },
    {
        "name": "pr8182",
        "tag_last_pushed": "2023-06-06T23:24:10.302748Z"
    },
    {
        "name": "8e6e4e8",
        "tag_last_pushed": "2023-06-06T22:19:13.764055Z"
    },
    {
        "name": "6bad15b",
        "tag_last_pushed": "2023-06-06T20:54:35.252139Z"
    },
    {
        "name": "pr8170",
        "tag_last_pushed": "2023-06-06T18:27:07.900966Z"
    },
    {
        "name": "57c5d2f",
        "tag_last_pushed": "2023-06-06T15:04:26.642817Z"
    },
    {
        "name": "983a8ca",
        "tag_last_pushed": "2023-06-06T13:20:37.8001Z"
    },
    {
        "name": "9fc1ef0",
        "tag_last_pushed": "2023-06-06T13:14:46.035722Z"
    },
    {
        "name": "279f9eb",
        "tag_last_pushed": "2023-06-06T10:36:52.679998Z"
    },
    {
        "name": "fcaaedd",
        "tag_last_pushed": "2023-06-06T08:38:31.604813Z"
    },
    {
        "name": "743439c",
        "tag_last_pushed": "2023-06-05T22:58:16.516134Z"
    },
    {
        "name": "3022c2d",
        "tag_last_pushed": "2023-06-05T18:47:47.823793Z"
    },
    {
        "name": "e7d1b90",
        "tag_last_pushed": "2023-06-03T00:25:00.843678Z"
    },
    {
        "name": "802c91a",
        "tag_last_pushed": "2023-06-02T20:16:24.159887Z"
    },
    {
        "name": "pr8163",
        "tag_last_pushed": "2023-06-02T14:30:26.047314Z"
    },
    {
        "name": "fe1ff71",
        "tag_last_pushed": "2023-06-02T14:10:20.983935Z"
    },
    {
        "name": "03ac44c",
        "tag_last_pushed": "2023-06-01T16:09:14.378083Z"
    },
    {
        "name": "fb44cbd",
        "tag_last_pushed": "2023-06-01T14:19:58.939513Z"
    },
    {
        "name": "690ed08",
        "tag_last_pushed": "2023-06-01T02:09:37.691577Z"
    },
    {
        "name": "60dd9ef",
        "tag_last_pushed": "2023-05-31T23:22:44.270622Z"
    },
    {
        "name": "4ade131",
        "tag_last_pushed": "2023-05-31T15:45:20.234577Z"
    },
    {
        "name": "6c445c8",
        "tag_last_pushed": "2023-05-31T14:21:38.054272Z"
    },
    {
        "name": "0b0e499",
        "tag_last_pushed": "2023-05-31T10:15:12.87743Z"
    },
    {
        "name": "a29b576",
        "tag_last_pushed": "2023-05-31T06:19:28.59629Z"
    },
    {
        "name": "4f50445",
        "tag_last_pushed": "2023-05-31T00:05:27.576081Z"
    },
    {
        "name": "b42f518",
        "tag_last_pushed": "2023-05-31T00:02:21.436075Z"
    },
    {
        "name": "pr8152",
        "tag_last_pushed": "2023-05-30T23:33:08.418551Z"
    }
]