[
    {
        "name": "v6.0.2.5",
        "tag_last_pushed": "2022-08-17T12:25:59.185091Z"
    },
    {
        "name": "v6.0.2.4",
        "tag_last_pushed": "2022-08-11T07:29:13.441242Z"
    },
    {
        "name": "v6.0.2.drop.8",
        "tag_last_pushed": "2022-08-10T10:57:59.632105Z"
    },
    {
        "name": "v6.0.2.drop.7",
        "tag_last_pushed": "2022-08-10T09:33:11.509621Z"
    },
    {
        "name": "v6.0.2.drop.6",
        "tag_last_pushed": "2022-08-10T08:39:14.654555Z"
    },
    {
        "name": "v6.0.2.drop.5",
        "tag_last_pushed": "2022-08-10T07:58:05.67745Z"
    },
    {
        "name": "v6.0.2.3",
        "tag_last_pushed": "2022-08-10T06:07:07.604704Z"
    },
    {
        "name": "v6.0.2.drop.4",
        "tag_last_pushed": "2022-08-09T16:24:07.268615Z"
    },
    {
        "name": "v6.0.2.drop.3",
        "tag_last_pushed": "2022-08-09T15:27:39.166926Z"
    },
    {
        "name": "v6.0.2.drop.2",
        "tag_last_pushed": "2022-08-09T14:16:35.284676Z"
    },
    {
        "name": "v6.0.2.drop",
        "tag_last_pushed": "2022-08-09T12:03:24.236757Z"
    },
    {
        "name": "v7.0.1.1",
        "tag_last_pushed": "2020-10-12T16:57:03.017502Z"
    },
    {
        "name": "v7.0.1.test",
        "tag_last_pushed": "2020-10-12T12:49:35.165995Z"
    },
    {
        "name": "v6.0.2.1",
        "tag_last_pushed": "2020-08-28T08:07:34.1853Z"
    }
]