[
    {
        "name": "2023-06-01-09-46-11",
        "tag_last_pushed": "2023-06-01T03:01:44.359419Z"
    },
    {
        "name": "latest",
        "tag_last_pushed": "2023-06-01T03:01:43.293294Z"
    },
    {
        "name": "2023-05-29-09-13-02",
        "tag_last_pushed": "2023-05-29T02:41:15.132302Z"
    },
    {
        "name": "2023-05-15-09-11-44",
        "tag_last_pushed": "2023-05-15T02:41:50.849838Z"
    },
    {
        "name": "2023-05-01-09-13-13",
        "tag_last_pushed": "2023-05-01T02:30:12.464176Z"
    },
    {
        "name": "2023-04-29-09-08-37",
        "tag_last_pushed": "2023-04-29T02:21:01.759432Z"
    },
    {
        "name": "2023-04-15-09-10-31",
        "tag_last_pushed": "2023-04-15T02:37:36.443633Z"
    },
    {
        "name": "2023-04-01-09-10-55",
        "tag_last_pushed": "2023-04-01T02:23:34.559805Z"
    },
    {
        "name": "2023-03-29-09-17-01",
        "tag_last_pushed": "2023-03-29T02:31:27.054219Z"
    },
    {
        "name": "2023-03-15-09-14-26",
        "tag_last_pushed": "2023-03-15T02:28:07.042875Z"
    },
    {
        "name": "2023-03-01-09-25-10",
        "tag_last_pushed": "2023-03-01T02:53:08.22134Z"
    },
    {
        "name": "2023-02-15-09-18-05",
        "tag_last_pushed": "2023-02-15T02:58:15.740511Z"
    },
    {
        "name": "2023-02-01-09-23-44",
        "tag_last_pushed": "2023-02-01T02:51:12.636873Z"
    },
    {
        "name": "2023-01-29-09-19-46",
        "tag_last_pushed": "2023-01-29T02:31:35.580366Z"
    },
    {
        "name": "2023-01-15-09-17-27",
        "tag_last_pushed": "2023-01-15T02:31:55.806661Z"
    },
    {
        "name": "2023-01-01-09-23-10",
        "tag_last_pushed": "2023-01-01T02:36:01.547172Z"
    },
    {
        "name": "2022-12-29-09-12-35",
        "tag_last_pushed": "2022-12-29T02:24:06.719244Z"
    },
    {
        "name": "2022-12-15-09-16-36",
        "tag_last_pushed": "2022-12-15T02:31:18.003042Z"
    },
    {
        "name": "2022-12-01-09-37-32",
        "tag_last_pushed": "2022-12-01T02:49:15.591101Z"
    },
    {
        "name": "2022-11-29-09-20-31",
        "tag_last_pushed": "2022-11-29T02:35:33.375949Z"
    },
    {
        "name": "2022-11-15-09-36-17",
        "tag_last_pushed": "2022-11-15T02:57:32.339297Z"
    },
    {
        "name": "2022-11-01-10-05-01",
        "tag_last_pushed": "2022-11-01T03:32:49.820691Z"
    },
    {
        "name": "2022-10-31-12-33-56",
        "tag_last_pushed": "2022-10-31T05:48:48.414344Z"
    },
    {
        "name": "2022-10-29-09-41-03",
        "tag_last_pushed": "2022-10-29T02:56:39.7823Z"
    },
    {
        "name": "2022-10-15-10-05-12",
        "tag_last_pushed": "2022-10-15T03:18:37.687148Z"
    },
    {
        "name": "2022-10-01-10-20-13",
        "tag_last_pushed": "2022-10-01T03:34:37.395821Z"
    },
    {
        "name": "2022-09-29-10-05-06",
        "tag_last_pushed": "2022-09-29T03:19:29.720656Z"
    },
    {
        "name": "2022-09-21-22-26-00",
        "tag_last_pushed": "2022-09-21T15:38:08.233277Z"
    },
    {
        "name": "2022-08-12-21-19-06",
        "tag_last_pushed": "2022-08-12T14:14:17.79828Z"
    },
    {
        "name": "2022-07-20-13-01-11",
        "tag_last_pushed": "2022-07-20T06:17:43.042134Z"
    }
]