[
    {
        "name": "0.8.1",
        "tag_last_pushed": "2018-11-08T20:11:45.03333Z"
    },
    {
        "name": "0.7.3",
        "tag_last_pushed": "2018-06-04T19:06:01.286551Z"
    },
    {
        "name": "0.6.5",
        "tag_last_pushed": "2017-04-21T07:21:37.933816Z"
    },
    {
        "name": "0.6.2",
        "tag_last_pushed": "2017-03-22T06:12:42.316577Z"
    },
    {
        "name": "0.6.1",
        "tag_last_pushed": "2017-03-21T13:42:06.366412Z"
    },
    {
        "name": "0.4.1",
        "tag_last_pushed": "2016-12-21T13:27:45.766305Z"
    }
]